sg,I'm feeling happy.,"ğŸ™‚, ğŸ˜€, â˜ºï¸, ğŸ˜, ğŸ˜‚"
s ,I'm feeling happy.,"ğŸ™‚, ğŸ˜€, â˜ºï¸, ğŸ˜, ğŸ˜‚"
 g,I'm feeling happy.,"ğŸ™‚, â˜ºï¸, ğŸ˜€, ğŸ˜, ğŸ˜‚"
--,I'm feeling happy.,"ğŸ™‚, â˜ºï¸, ğŸ˜€, ğŸ˜, ğŸ˜‚"
sg,I'm feeling very sad.,"â˜¹ï¸, ğŸ˜’, ğŸ˜“, ğŸ˜”, ğŸ˜–"
s ,I'm feeling very sad.,"â˜¹ï¸, ğŸ˜’, ğŸ˜“, ğŸ˜”, ğŸ˜–"
 g,I'm feeling very sad.,"â˜¹ï¸, ğŸ˜’, ğŸ˜“, ğŸ˜”, ğŸ˜–"
--,I'm feeling very sad.,"â˜¹ï¸, ğŸ˜’, ğŸ˜“, ğŸ˜”, ğŸ˜–"
sg,I'm angry with you.,"ğŸ˜ˆ, ğŸ™, ğŸ˜¤, ğŸ˜–, ğŸ‘º"
s ,I'm angry with you.,"ğŸ˜ˆ, ğŸ™, ğŸ˜¤, ğŸ˜–, ğŸ‘º"
 g,I'm angry with you.,"ğŸ˜–, ğŸ‘º, ğŸ’¢, ğŸ—¯ï¸, ğŸ˜ˆ"
--,I'm angry with you.,"ğŸ˜–, ğŸ‘º, ğŸ’¢, ğŸ—¯ï¸, ğŸ˜ˆ"
sg,I love pizza.,"ğŸ‡§ğŸ‡®, ğŸ‡«ğŸ‡®, â„¹ï¸, ğŸ‡¦ğŸ‡®, ğŸ‡¨ğŸ‡®"
s ,I love pizza.,"ğŸ‡§ğŸ‡®, ğŸ‡«ğŸ‡®, â„¹ï¸, ğŸ‡¦ğŸ‡®, ğŸ‡¨ğŸ‡®"
 g,I love pizza.,"â™¥ï¸, â£ï¸, â¤ï¸, ğŸ’‹, ğŸ’"
--,I love pizza.,"â™¥ï¸, â£ï¸, â¤ï¸, ğŸ’‹, ğŸ’"
sg,I dislike broccoli.,"ğŸ‡§ğŸ‡®, ğŸ‡«ğŸ‡®, â„¹ï¸, ğŸ‡¦ğŸ‡®, ğŸ‡¨ğŸ‡®"
s ,I dislike broccoli.,"ğŸ‡§ğŸ‡®, ğŸ‡«ğŸ‡®, â„¹ï¸, ğŸ‡¦ğŸ‡®, ğŸ‡¨ğŸ‡®"
 g,I dislike broccoli.,
--,I dislike broccoli.,
sg,The sunrise this morning was beautiful.,"ğŸŒ…, ğŸŒ„, â˜•, â˜€ï¸, ğŸŒ"
s ,The sunrise this morning was beautiful.,"ğŸŒ…, ğŸŒ„, â˜•, â˜€ï¸, ğŸŒ"
 g,The sunrise this morning was beautiful.,"ğŸŒ…, ğŸŒ„, â˜•, â˜€ï¸, ğŸŒ"
--,The sunrise this morning was beautiful.,"ğŸŒ…, ğŸŒ„, â˜•, â˜€ï¸, ğŸŒ"
sg,"It's been a long, tiring day.","ğŸ‡§ğŸ‡¦, ğŸ‡¨ğŸ‡¦, ğŸ‡ªğŸ‡¦, ğŸ‡¬ğŸ‡¦, ğŸ‡±ğŸ‡¦"
s ,"It's been a long, tiring day.","ğŸ‡§ğŸ‡¦, ğŸ‡¨ğŸ‡¦, ğŸ‡ªğŸ‡¦, ğŸ‡¬ğŸ‡¦, ğŸ‡±ğŸ‡¦"
 g,"It's been a long, tiring day.","ğŸ’¤, ğŸ˜’, ğŸ˜, ğŸ˜©, ğŸ˜´"
--,"It's been a long, tiring day.","ğŸ’¤, ğŸ˜’, ğŸ˜, ğŸ˜©, ğŸ˜´"
sg,I just won the lottery!,"ğŸ‡§ğŸ‡®, ğŸ‡«ğŸ‡®, â„¹ï¸, ğŸ‡¦ğŸ‡®, ğŸ‡¨ğŸ‡®"
s ,I just won the lottery!,"ğŸ‡§ğŸ‡®, ğŸ‡«ğŸ‡®, â„¹ï¸, ğŸ‡¦ğŸ‡®, ğŸ‡¨ğŸ‡®"
 g,I just won the lottery!,
--,I just won the lottery!,
sg,I can't believe we lost the game.,"ğŸ‡§ğŸ‡®, ğŸ‡«ğŸ‡®, â„¹ï¸, ğŸ‡¦ğŸ‡®, ğŸ‡¨ğŸ‡®"
s ,I can't believe we lost the game.,"ğŸ‡§ğŸ‡®, ğŸ‡«ğŸ‡®, â„¹ï¸, ğŸ‡¦ğŸ‡®, ğŸ‡¨ğŸ‡®"
 g,I can't believe we lost the game.,"â™¥ï¸, ğŸ¸, â™ ï¸, â™£ï¸, â™¦ï¸"
--,I can't believe we lost the game.,"â™¥ï¸, ğŸ¸, â™ ï¸, â™£ï¸, â™¦ï¸"
sg,I'm so excited for the weekend.,"ğŸ‡¸ğŸ‡´, ğŸ†˜, ğŸ’–, ğŸ’—, â¹ï¸"
s ,I'm so excited for the weekend.,"ğŸ‡¸ğŸ‡´, ğŸ†˜, ğŸ’–, ğŸ’—, â¹ï¸"
 g,I'm so excited for the weekend.,"ğŸ’–, ğŸ’—"
--,I'm so excited for the weekend.,"ğŸ’–, ğŸ’—"
sg,The movie was boring.,"ğŸï¸, ğŸŸï¸, ğŸ¦, ğŸ«, ğŸ¬"
s ,The movie was boring.,"ğŸï¸, ğŸŸï¸, ğŸ¦, ğŸ«, ğŸ¬"
 g,The movie was boring.,"ğŸï¸, ğŸŸï¸, ğŸ¦, ğŸ«, ğŸ¬"
--,The movie was boring.,"ğŸï¸, ğŸŸï¸, ğŸ¦, ğŸ«, ğŸ¬"
sg,That was the best concert ever!,"ğŸ‡¨ğŸ‡¬, ğŸ¤˜, ğŸ¤˜ğŸ¿, ğŸ¤˜ğŸ», ğŸ¤˜ğŸ¼"
s ,That was the best concert ever!,"ğŸ‡¨ğŸ‡¬, ğŸ¤˜, ğŸ¤˜ğŸ¿, ğŸ¤˜ğŸ», ğŸ¤˜ğŸ¼"
 g,That was the best concert ever!,
--,That was the best concert ever!,
sg,I'm scared of spiders.,"ğŸ˜¨, ğŸ˜±, â˜¸ï¸, âœ¡ï¸, ğŸŒ½"
s ,I'm scared of spiders.,"ğŸ˜¨, ğŸ˜±, â˜¸ï¸, âœ¡ï¸, ğŸŒ½"
 g,I'm scared of spiders.,"ğŸ˜¨, ğŸ˜±, ğŸ•·ï¸, ğŸ•¸ï¸"
--,I'm scared of spiders.,"ğŸ˜¨, ğŸ˜±, ğŸ•·ï¸, ğŸ•¸ï¸"
sg,My heart is broken.,"ğŸ’”, ğŸ’‹, ğŸ’Œ, ğŸ’‘, ğŸ’“"
s ,My heart is broken.,"ğŸ’”, ğŸ’‹, ğŸ’Œ, ğŸ’‘, ğŸ’“"
 g,My heart is broken.,"ğŸ’”, â¤ï¸, ğŸ’‹, ğŸ’Œ, ğŸ’‘"
--,My heart is broken.,"ğŸ’”, â¤ï¸, ğŸ’‹, ğŸ’Œ, ğŸ’‘"
sg,I can't wait for my birthday.,"ğŸ‡§ğŸ‡®, ğŸ‡«ğŸ‡®, â„¹ï¸, ğŸ‡¦ğŸ‡®, ğŸ‡¨ğŸ‡®"
s ,I can't wait for my birthday.,"ğŸ‡§ğŸ‡®, ğŸ‡«ğŸ‡®, â„¹ï¸, ğŸ‡¦ğŸ‡®, ğŸ‡¨ğŸ‡®"
 g,I can't wait for my birthday.,"ğŸ€, ğŸ, ğŸ‚, ğŸˆ, ğŸ‰"
--,I can't wait for my birthday.,"ğŸ€, ğŸ, ğŸ‚, ğŸˆ, ğŸ‰"
sg,I am feeling so peaceful right now.,"ğŸ‡§ğŸ‡®, ğŸ‡«ğŸ‡®, â„¹ï¸, ğŸ‡¦ğŸ‡®, ğŸ‡¨ğŸ‡®"
s ,I am feeling so peaceful right now.,"ğŸ‡§ğŸ‡®, ğŸ‡«ğŸ‡®, â„¹ï¸, ğŸ‡¦ğŸ‡®, ğŸ‡¨ğŸ‡®"
 g,I am feeling so peaceful right now.,"â˜®ï¸, âœŒï¸, ğŸ•Šï¸, â†”ï¸, â–¶ï¸"
--,I am feeling so peaceful right now.,"â˜®ï¸, âœŒï¸, ğŸ•Šï¸, â†”ï¸, â–¶ï¸"
sg,That joke was hilarious.,ğŸ˜œ
s ,That joke was hilarious.,ğŸ˜œ
 g,That joke was hilarious.,ğŸ˜œ
--,That joke was hilarious.,ğŸ˜œ
sg,I'm feeling pretty indifferent about the whole situation.,"ğŸ¤·, ğŸ¦‹, ğŸ‡¨ğŸ‡¬, ğŸ¤˜, ğŸ¤˜ğŸ¿"
s ,I'm feeling pretty indifferent about the whole situation.,"ğŸ¤·, ğŸ¦‹, ğŸ‡¨ğŸ‡¬, ğŸ¤˜, ğŸ¤˜ğŸ¿"
 g,I'm feeling pretty indifferent about the whole situation.,"ğŸ¦‹, ğŸ¤·"
--,I'm feeling pretty indifferent about the whole situation.,"ğŸ¦‹, ğŸ¤·"
sg,I just got a promotion!,"ğŸ‡¦ğŸ‡®, ğŸ‡§ğŸ‡®, ğŸ‡«ğŸ‡®, â„¹ï¸, ğŸ‡¨ğŸ‡®"
s ,I just got a promotion!,"ğŸ‡¦ğŸ‡®, ğŸ‡§ğŸ‡®, ğŸ‡«ğŸ‡®, â„¹ï¸, ğŸ‡¨ğŸ‡®"
 g,I just got a promotion!,
--,I just got a promotion!,
sg,I feel like crying.,"ğŸ‡§ğŸ‡®, ğŸ‡«ğŸ‡®, â„¹ï¸, ğŸ‡¦ğŸ‡®, ğŸ‡¨ğŸ‡®"
s ,I feel like crying.,"ğŸ‡§ğŸ‡®, ğŸ‡«ğŸ‡®, â„¹ï¸, ğŸ‡¦ğŸ‡®, ğŸ‡¨ğŸ‡®"
 g,I feel like crying.,"ğŸ˜‚, ğŸ˜¢, ğŸ˜¥, ğŸ˜¹, ğŸ˜­"
--,I feel like crying.,"ğŸ˜‚, ğŸ˜¢, ğŸ˜¥, ğŸ˜¹, ğŸ˜­"
sg,I can't stand the heat.,"ğŸ‡§ğŸ‡®, ğŸ‡«ğŸ‡®, â„¹ï¸, ğŸ‡¦ğŸ‡®, ğŸ‡¨ğŸ‡®"
s ,I can't stand the heat.,"ğŸ‡§ğŸ‡®, ğŸ‡«ğŸ‡®, â„¹ï¸, ğŸ‡¦ğŸ‡®, ğŸ‡¨ğŸ‡®"
 g,I can't stand the heat.,
--,I can't stand the heat.,
sg,I am freezing!,"ğŸ‡§ğŸ‡®, ğŸ‡«ğŸ‡®, â„¹ï¸, ğŸ‡¦ğŸ‡®, ğŸ‡¨ğŸ‡®"
s ,I am freezing!,"ğŸ‡§ğŸ‡®, ğŸ‡«ğŸ‡®, â„¹ï¸, ğŸ‡¦ğŸ‡®, ğŸ‡¨ğŸ‡®"
 g,I am freezing!,
--,I am freezing!,
sg,That was a delicious meal.,"ğŸ‡§ğŸ‡¦, ğŸ‡¨ğŸ‡¦, ğŸ‡ªğŸ‡¦, ğŸ‡¬ğŸ‡¦, ğŸ‡±ğŸ‡¦"
s ,That was a delicious meal.,"ğŸ‡§ğŸ‡¦, ğŸ‡¨ğŸ‡¦, ğŸ‡ªğŸ‡¦, ğŸ‡¬ğŸ‡¦, ğŸ‡±ğŸ‡¦"
 g,That was a delicious meal.,ğŸ˜‹
--,That was a delicious meal.,ğŸ˜‹
sg,I am on top of the world!,"ğŸ¤˜, ğŸ‡§ğŸ‡®, ğŸ‡«ğŸ‡®, â„¹ï¸, ğŸ‡¦ğŸ‡®"
s ,I am on top of the world!,"ğŸ¤˜, ğŸ‡§ğŸ‡®, ğŸ‡«ğŸ‡®, â„¹ï¸, ğŸ‡¦ğŸ‡®"
 g,I am on top of the world!,"ğŸ”, ğŸŒ, ğŸŒ, ğŸŒ, ğŸŒ"
--,I am on top of the world!,"ğŸ”, ğŸŒ, ğŸŒ, ğŸŒ, ğŸŒ"
sg,I just had a terrible day at work.,"ğŸ‡¦ğŸ‡®, ğŸ‡§ğŸ‡®, ğŸ‡«ğŸ‡®, â„¹ï¸, ğŸ‡¨ğŸ‡®"
s ,I just had a terrible day at work.,"ğŸ‡¦ğŸ‡®, ğŸ‡§ğŸ‡®, ğŸ‡«ğŸ‡®, â„¹ï¸, ğŸ‡¨ğŸ‡®"
 g,I just had a terrible day at work.,"â˜€ï¸, ğŸŒ„, ğŸŒ…, ğŸŒ, ğŸ«"
--,I just had a terrible day at work.,"â˜€ï¸, ğŸŒ„, ğŸŒ…, ğŸŒ, ğŸ«"
sg,I'm worried about my exam.,"ğŸ˜Ÿ, ğŸ‡²ğŸ‡¾"
s ,I'm worried about my exam.,"ğŸ˜Ÿ, ğŸ‡²ğŸ‡¾"
 g,I'm worried about my exam.,ğŸ˜Ÿ
--,I'm worried about my exam.,ğŸ˜Ÿ
sg,That book was thrilling!,"ğŸ“”, ğŸ“•, ğŸ“—, ğŸ“˜, ğŸ“™"
s ,That book was thrilling!,"ğŸ“”, ğŸ“•, ğŸ“—, ğŸ“˜, ğŸ“™"
 g,That book was thrilling!,"ğŸ“”, ğŸ“•, ğŸ“–, ğŸ“—, ğŸ“˜"
--,That book was thrilling!,"ğŸ“”, ğŸ“•, ğŸ“–, ğŸ“—, ğŸ“˜"
sg,I'm feeling adventurous.,
s ,I'm feeling adventurous.,
 g,I'm feeling adventurous.,
--,I'm feeling adventurous.,
sg,I'm feeling so lazy today.,"ğŸ‡¸ğŸ‡´, ğŸ†˜"
s ,I'm feeling so lazy today.,"ğŸ‡¸ğŸ‡´, ğŸ†˜"
 g,I'm feeling so lazy today.,
--,I'm feeling so lazy today.,
sg,That was a scary movie.,"ğŸ‡§ğŸ‡¦, ğŸ‡¨ğŸ‡¦, ğŸ‡ªğŸ‡¦, ğŸ‡¬ğŸ‡¦, ğŸ‡±ğŸ‡¦"
s ,That was a scary movie.,"ğŸ‡§ğŸ‡¦, ğŸ‡¨ğŸ‡¦, ğŸ‡ªğŸ‡¦, ğŸ‡¬ğŸ‡¦, ğŸ‡±ğŸ‡¦"
 g,That was a scary movie.,"ğŸï¸, ğŸŸï¸, ğŸ¦, ğŸ«, ğŸ¬"
--,That was a scary movie.,"ğŸï¸, ğŸŸï¸, ğŸ¦, ğŸ«, ğŸ¬"
sg,I am grateful for my friends.,"ğŸ‡§ğŸ‡®, ğŸ‡«ğŸ‡®, â„¹ï¸, ğŸ‡¦ğŸ‡®, ğŸ‡¨ğŸ‡®"
s ,I am grateful for my friends.,"ğŸ‡§ğŸ‡®, ğŸ‡«ğŸ‡®, â„¹ï¸, ğŸ‡¦ğŸ‡®, ğŸ‡¨ğŸ‡®"
 g,I am grateful for my friends.,
--,I am grateful for my friends.,
sg,The party was a blast!,"ğŸ¤˜, ğŸ·, ğŸ», ğŸ¾, ğŸ"
s ,The party was a blast!,"ğŸ¤˜, ğŸ·, ğŸ», ğŸ¾, ğŸ"
 g,The party was a blast!,"â¤ï¸, ğŸ·, ğŸ¸, ğŸº, ğŸ»"
--,The party was a blast!,"â¤ï¸, ğŸ·, ğŸ¸, ğŸº, ğŸ»"
sg,That test was really hard.,
s ,That test was really hard.,
 g,That test was really hard.,
--,That test was really hard.,
sg,I feel loved.,"ğŸ‡§ğŸ‡®, ğŸ‡«ğŸ‡®, â„¹ï¸, ğŸ‡¦ğŸ‡®, ğŸ‡¨ğŸ‡®"
s ,I feel loved.,"ğŸ‡§ğŸ‡®, ğŸ‡«ğŸ‡®, â„¹ï¸, ğŸ‡¦ğŸ‡®, ğŸ‡¨ğŸ‡®"
 g,I feel loved.,"â™¥ï¸, â£ï¸, â¤ï¸, ğŸ’‹, ğŸ’"
--,I feel loved.,"â™¥ï¸, â£ï¸, â¤ï¸, ğŸ’‹, ğŸ’"
sg,I feel so rejected.,"ğŸ‡§ğŸ‡®, ğŸ‡«ğŸ‡®, â„¹ï¸, ğŸ‡¦ğŸ‡®, ğŸ‡¨ğŸ‡®"
s ,I feel so rejected.,"ğŸ‡§ğŸ‡®, ğŸ‡«ğŸ‡®, â„¹ï¸, ğŸ‡¦ğŸ‡®, ğŸ‡¨ğŸ‡®"
 g,I feel so rejected.,
--,I feel so rejected.,
sg,I'm bursting with joy.,"ğŸ˜¹, ğŸ˜‚, ğŸŒ, ğŸ”, â†©ï¸"
s ,I'm bursting with joy.,"ğŸ˜¹, ğŸ˜‚, ğŸŒ, ğŸ”, â†©ï¸"
 g,I'm bursting with joy.,"ğŸ˜‚, ğŸ˜¹"
--,I'm bursting with joy.,"ğŸ˜‚, ğŸ˜¹"
sg,I'm disgusted by the trash.,"ğŸ‡§ğŸ‡¾, ğŸ‡¨ğŸ‡¬, ğŸ¤˜, ğŸ¤˜ğŸ¿, ğŸ¤˜ğŸ»"
s ,I'm disgusted by the trash.,"ğŸ‡§ğŸ‡¾, ğŸ‡¨ğŸ‡¬, ğŸ¤˜, ğŸ¤˜ğŸ¿, ğŸ¤˜ğŸ»"
 g,I'm disgusted by the trash.,
--,I'm disgusted by the trash.,
sg,That was a stressful situation.,"ğŸ‡§ğŸ‡¦, ğŸ‡¨ğŸ‡¦, ğŸ‡ªğŸ‡¦, ğŸ‡¬ğŸ‡¦, ğŸ‡±ğŸ‡¦"
s ,That was a stressful situation.,"ğŸ‡§ğŸ‡¦, ğŸ‡¨ğŸ‡¦, ğŸ‡ªğŸ‡¦, ğŸ‡¬ğŸ‡¦, ğŸ‡±ğŸ‡¦"
 g,That was a stressful situation.,"ğŸ’¦, ğŸ˜“, ğŸ˜¥, ğŸ˜©"
--,That was a stressful situation.,"ğŸ’¦, ğŸ˜“, ğŸ˜¥, ğŸ˜©"
sg,I'm so proud of my team.,"ğŸ‡¸ğŸ‡´, ğŸ†˜, â˜¸ï¸, âœ¡ï¸, ğŸŒ½"
s ,I'm so proud of my team.,"ğŸ‡¸ğŸ‡´, ğŸ†˜, â˜¸ï¸, âœ¡ï¸, ğŸŒ½"
 g,I'm so proud of my team.,
--,I'm so proud of my team.,
sg,I'm amazed by the view.,"ğŸ‡§ğŸ‡¾, ğŸ‡¨ğŸ‡¬, ğŸ¤˜, ğŸ‘, ğŸ¤˜ğŸ¿"
s ,I'm amazed by the view.,"ğŸ‡§ğŸ‡¾, ğŸ‡¨ğŸ‡¬, ğŸ¤˜, ğŸ‘, ğŸ¤˜ğŸ¿"
 g,I'm amazed by the view.,ğŸ‘
--,I'm amazed by the view.,ğŸ‘
sg,That song was touching.,
s ,That song was touching.,
 g,That song was touching.,
--,That song was touching.,
sg,I feel so lonely.,"ğŸ‡§ğŸ‡®, ğŸ‡«ğŸ‡®, â„¹ï¸, ğŸ‡¦ğŸ‡®, ğŸ‡¨ğŸ‡®"
s ,I feel so lonely.,"ğŸ‡§ğŸ‡®, ğŸ‡«ğŸ‡®, â„¹ï¸, ğŸ‡¦ğŸ‡®, ğŸ‡¨ğŸ‡®"
 g,I feel so lonely.,
--,I feel so lonely.,
sg,I'm feeling nostalgic.,
s ,I'm feeling nostalgic.,
 g,I'm feeling nostalgic.,
--,I'm feeling nostalgic.,
sg,The race was intense.,"ğŸ, ğŸ‡, ğŸ, ğŸï¸, ğŸï¸"
s ,The race was intense.,"ğŸ, ğŸ‡, ğŸ, ğŸï¸, ğŸï¸"
 g,The race was intense.,"ğŸ, ğŸ‡, ğŸ, ğŸï¸, ğŸï¸"
--,The race was intense.,"ğŸ, ğŸ‡, ğŸ, ğŸï¸, ğŸï¸"
sg,That was an awkward conversation.,
s ,That was an awkward conversation.,
 g,That was an awkward conversation.,
--,That was an awkward conversation.,
sg,I feel inspired.,"ğŸ‡§ğŸ‡®, ğŸ‡«ğŸ‡®, â„¹ï¸, ğŸ‡¦ğŸ‡®, ğŸ‡¨ğŸ‡®"
s ,I feel inspired.,"ğŸ‡§ğŸ‡®, ğŸ‡«ğŸ‡®, â„¹ï¸, ğŸ‡¦ğŸ‡®, ğŸ‡¨ğŸ‡®"
 g,I feel inspired.,
--,I feel inspired.,
sg,I'm feeling playful.,"â¯ï¸, â–¶ï¸, ğŸ´, ğŸƒ"
s ,I'm feeling playful.,"â¯ï¸, â–¶ï¸, ğŸ´, ğŸƒ"
 g,I'm feeling playful.,"â¯ï¸, â–¶ï¸, ğŸ´, ğŸƒ"
--,I'm feeling playful.,"â¯ï¸, â–¶ï¸, ğŸ´, ğŸƒ"
sg,I'm feeling ambitious.,
s ,I'm feeling ambitious.,
 g,I'm feeling ambitious.,
--,I'm feeling ambitious.,
sg,I'm feeling doubtful.,ğŸ¤·
s ,I'm feeling doubtful.,ğŸ¤·
 g,I'm feeling doubtful.,ğŸ¤·
--,I'm feeling doubtful.,ğŸ¤·
sg,That was a surprising result.,"ğŸ‡§ğŸ‡¦, ğŸ‡¨ğŸ‡¦, ğŸ‡ªğŸ‡¦, ğŸ‡¬ğŸ‡¦, ğŸ‡±ğŸ‡¦"
s ,That was a surprising result.,"ğŸ‡§ğŸ‡¦, ğŸ‡¨ğŸ‡¦, ğŸ‡ªğŸ‡¦, ğŸ‡¬ğŸ‡¦, ğŸ‡±ğŸ‡¦"
 g,That was a surprising result.,"ğŸ˜•, ğŸ˜¦, ğŸ˜§, ğŸ˜¨, ğŸ˜®"
--,That was a surprising result.,"ğŸ˜•, ğŸ˜¦, ğŸ˜§, ğŸ˜¨, ğŸ˜®"
sg,I'm feeling content.,
s ,I'm feeling content.,
 g,I'm feeling content.,
--,I'm feeling content.,
sg,I'm so disappointed.,"ğŸ‡¸ğŸ‡´, ğŸ†˜, ğŸ˜, ğŸ˜¥"
s ,I'm so disappointed.,"ğŸ‡¸ğŸ‡´, ğŸ†˜, ğŸ˜, ğŸ˜¥"
 g,I'm so disappointed.,"ğŸ˜, ğŸ˜¥"
--,I'm so disappointed.,"ğŸ˜, ğŸ˜¥"
sg,I'm feeling hopeful.,
s ,I'm feeling hopeful.,
 g,I'm feeling hopeful.,
--,I'm feeling hopeful.,
sg,That was a frustrating experience.,"ğŸ‡§ğŸ‡¦, ğŸ‡¨ğŸ‡¦, ğŸ‡ªğŸ‡¦, ğŸ‡¬ğŸ‡¦, ğŸ‡±ğŸ‡¦"
s ,That was a frustrating experience.,"ğŸ‡§ğŸ‡¦, ğŸ‡¨ğŸ‡¦, ğŸ‡ªğŸ‡¦, ğŸ‡¬ğŸ‡¦, ğŸ‡±ğŸ‡¦"
 g,That was a frustrating experience.,
--,That was a frustrating experience.,
sg,I feel so appreciated.,"ğŸ‡§ğŸ‡®, ğŸ‡«ğŸ‡®, â„¹ï¸, ğŸ‡¦ğŸ‡®, ğŸ‡¨ğŸ‡®"
s ,I feel so appreciated.,"ğŸ‡§ğŸ‡®, ğŸ‡«ğŸ‡®, â„¹ï¸, ğŸ‡¦ğŸ‡®, ğŸ‡¨ğŸ‡®"
 g,I feel so appreciated.,
--,I feel so appreciated.,
sg,I'm confused.,ğŸ˜•
s ,I'm confused.,ğŸ˜•
 g,I'm confused.,ğŸ˜•
--,I'm confused.,ğŸ˜•
sg,I'm feeling motivated.,
s ,I'm feeling motivated.,
 g,I'm feeling motivated.,
--,I'm feeling motivated.,
sg,I'm feeling pessimistic.,
s ,I'm feeling pessimistic.,
 g,I'm feeling pessimistic.,
--,I'm feeling pessimistic.,
sg,I'm feeling apathetic.,
s ,I'm feeling apathetic.,
 g,I'm feeling apathetic.,
--,I'm feeling apathetic.,
sg,That was an impressive performance.,ğŸ­
s ,That was an impressive performance.,ğŸ­
 g,That was an impressive performance.,ğŸ­
--,That was an impressive performance.,ğŸ­
sg,I'm curious about the result.,"ğŸ‡¨ğŸ‡¬, ğŸ¤˜, ğŸ¤˜ğŸ¿, ğŸ¤˜ğŸ», ğŸ¤˜ğŸ¼"
s ,I'm curious about the result.,"ğŸ‡¨ğŸ‡¬, ğŸ¤˜, ğŸ¤˜ğŸ¿, ğŸ¤˜ğŸ», ğŸ¤˜ğŸ¼"
 g,I'm curious about the result.,
--,I'm curious about the result.,
sg,I'm feeling so relaxed.,"ğŸ‡¸ğŸ‡´, ğŸ†˜, â˜ºï¸"
s ,I'm feeling so relaxed.,"ğŸ‡¸ğŸ‡´, ğŸ†˜, â˜ºï¸"
 g,I'm feeling so relaxed.,â˜ºï¸
--,I'm feeling so relaxed.,â˜ºï¸
sg,I'm feeling agitated.,
s ,I'm feeling agitated.,
 g,I'm feeling agitated.,
--,I'm feeling agitated.,
sg,That was a depressing story.,"ğŸ‡§ğŸ‡¦, ğŸ‡¨ğŸ‡¦, ğŸ‡ªğŸ‡¦, ğŸ‡¬ğŸ‡¦, ğŸ‡±ğŸ‡¦"
s ,That was a depressing story.,"ğŸ‡§ğŸ‡¦, ğŸ‡¨ğŸ‡¦, ğŸ‡ªğŸ‡¦, ğŸ‡¬ğŸ‡¦, ğŸ‡±ğŸ‡¦"
 g,That was a depressing story.,
--,That was a depressing story.,
sg,I'm feeling optimistic.,
s ,I'm feeling optimistic.,
 g,I'm feeling optimistic.,
--,I'm feeling optimistic.,
sg,I feel so empowered.,"ğŸ‡§ğŸ‡®, ğŸ‡«ğŸ‡®, â„¹ï¸, ğŸ‡¦ğŸ‡®, ğŸ‡¨ğŸ‡®"
s ,I feel so empowered.,"ğŸ‡§ğŸ‡®, ğŸ‡«ğŸ‡®, â„¹ï¸, ğŸ‡¦ğŸ‡®, ğŸ‡¨ğŸ‡®"
 g,I feel so empowered.,
--,I feel so empowered.,
sg,I'm feeling ashamed.,
s ,I'm feeling ashamed.,
 g,I'm feeling ashamed.,
--,I'm feeling ashamed.,
sg,I'm feeling energized.,
s ,I'm feeling energized.,
 g,I'm feeling energized.,
--,I'm feeling energized.,
sg,I'm feeling apprehensive.,
s ,I'm feeling apprehensive.,
 g,I'm feeling apprehensive.,
--,I'm feeling apprehensive.,
sg,I'm feeling delighted.,
s ,I'm feeling delighted.,
 g,I'm feeling delighted.,
--,I'm feeling delighted.,
sg,I'm feeling guilty.,
s ,I'm feeling guilty.,
 g,I'm feeling guilty.,
--,I'm feeling guilty.,
sg,That was a challenging puzzle.,"ğŸ‡§ğŸ‡¦, ğŸ‡¨ğŸ‡¦, ğŸ‡ªğŸ‡¦, ğŸ‡¬ğŸ‡¦, ğŸ‡±ğŸ‡¦"
s ,That was a challenging puzzle.,"ğŸ‡§ğŸ‡¦, ğŸ‡¨ğŸ‡¦, ğŸ‡ªğŸ‡¦, ğŸ‡¬ğŸ‡¦, ğŸ‡±ğŸ‡¦"
 g,That was a challenging puzzle.,
--,That was a challenging puzzle.,
sg,I'm feeling so refreshed.,"ğŸ‡¸ğŸ‡´, ğŸ†˜"
s ,I'm feeling so refreshed.,"ğŸ‡¸ğŸ‡´, ğŸ†˜"
 g,I'm feeling so refreshed.,
--,I'm feeling so refreshed.,
sg,I'm feeling overwhelmed.,
s ,I'm feeling overwhelmed.,
 g,I'm feeling overwhelmed.,
--,I'm feeling overwhelmed.,
sg,I'm feeling serene.,
s ,I'm feeling serene.,
 g,I'm feeling serene.,
--,I'm feeling serene.,
sg,I'm feeling vulnerable.,
s ,I'm feeling vulnerable.,
 g,I'm feeling vulnerable.,
--,I'm feeling vulnerable.,
sg,That was a fascinating lecture.,"ğŸ‡§ğŸ‡¦, ğŸ‡¨ğŸ‡¦, ğŸ‡ªğŸ‡¦, ğŸ‡¬ğŸ‡¦, ğŸ‡±ğŸ‡¦"
s ,That was a fascinating lecture.,"ğŸ‡§ğŸ‡¦, ğŸ‡¨ğŸ‡¦, ğŸ‡ªğŸ‡¦, ğŸ‡¬ğŸ‡¦, ğŸ‡±ğŸ‡¦"
 g,That was a fascinating lecture.,
--,That was a fascinating lecture.,
sg,I'm feeling proud.,
s ,I'm feeling proud.,
 g,I'm feeling proud.,
--,I'm feeling proud.,
sg,I'm feeling humiliated.,
s ,I'm feeling humiliated.,
 g,I'm feeling humiliated.,
--,I'm feeling humiliated.,
sg,I'm feeling so exhilarated.,"ğŸ‡¸ğŸ‡´, ğŸ†˜"
s ,I'm feeling so exhilarated.,"ğŸ‡¸ğŸ‡´, ğŸ†˜"
 g,I'm feeling so exhilarated.,
--,I'm feeling so exhilarated.,
sg,I'm feeling regretful.,
s ,I'm feeling regretful.,
 g,I'm feeling regretful.,
--,I'm feeling regretful.,
sg,I'm feeling contented.,
s ,I'm feeling contented.,
 g,I'm feeling contented.,
--,I'm feeling contented.,
sg,I'm feeling restless.,
s ,I'm feeling restless.,
 g,I'm feeling restless.,
--,I'm feeling restless.,
sg,That was an enchanting evening.,ğŸŒ†
s ,That was an enchanting evening.,ğŸŒ†
 g,That was an enchanting evening.,ğŸŒ†
--,That was an enchanting evening.,ğŸŒ†
sg,I'm feeling tranquil.,
s ,I'm feeling tranquil.,
 g,I'm feeling tranquil.,
--,I'm feeling tranquil.,
sg,I'm feeling tormented.,
s ,I'm feeling tormented.,
 g,I'm feeling tormented.,
--,I'm feeling tormented.,
sg,I'm feeling triumphant.,
s ,I'm feeling triumphant.,
 g,I'm feeling triumphant.,
--,I'm feeling triumphant.,
sg,I'm feeling desolate.,
s ,I'm feeling desolate.,
 g,I'm feeling desolate.,
--,I'm feeling desolate.,
sg,I'm feeling blissful.,
s ,I'm feeling blissful.,
 g,I'm feeling blissful.,
--,I'm feeling blissful.,
sg,I'm feeling distressed.,
s ,I'm feeling distressed.,
 g,I'm feeling distressed.,
--,I'm feeling distressed.,
sg,I'm feeling jubilant.,
s ,I'm feeling jubilant.,
 g,I'm feeling jubilant.,
--,I'm feeling jubilant.,
sg,I'm feeling woeful.,
s ,I'm feeling woeful.,
 g,I'm feeling woeful.,
--,I'm feeling woeful.,
sg,I'm feeling exuberant.,
s ,I'm feeling exuberant.,
 g,I'm feeling exuberant.,
--,I'm feeling exuberant.,
sg,I'm feeling despondent.,
s ,I'm feeling despondent.,
 g,I'm feeling despondent.,
--,I'm feeling despondent.,
sg,I'm feeling ecstatic.,
s ,I'm feeling ecstatic.,
 g,I'm feeling ecstatic.,
--,I'm feeling ecstatic.,
sg,I'm feeling inconsolable.,
s ,I'm feeling inconsolable.,
 g,I'm feeling inconsolable.,
--,I'm feeling inconsolable.,
sg,I'm feeling rapturous.,
s ,I'm feeling rapturous.,
 g,I'm feeling rapturous.,
--,I'm feeling rapturous.,
sg,I'm feeling forlorn.,
s ,I'm feeling forlorn.,
 g,I'm feeling forlorn.,
--,I'm feeling forlorn.,
sg,I'm feeling exhilarated.,
s ,I'm feeling exhilarated.,
 g,I'm feeling exhilarated.,
--,I'm feeling exhilarated.,
sg,I'm feeling downhearted.,
s ,I'm feeling downhearted.,
 g,I'm feeling downhearted.,
--,I'm feeling downhearted.,
sg,Just had the best coffee at @CafeLuv â˜•ï¸ #CoffeeLover,"â˜•, ğŸ‡¨ğŸ‡¬, ğŸ¤˜, ğŸ‡¦ğŸ‡¹, ğŸŒ†"
s ,Just had the best coffee at @CafeLuv â˜•ï¸ #CoffeeLover,"â˜•, ğŸ‡¨ğŸ‡¬, ğŸ¤˜, ğŸ‡¦ğŸ‡¹, ğŸŒ†"
 g,Just had the best coffee at @CafeLuv â˜•ï¸ #CoffeeLover,â˜•
--,Just had the best coffee at @CafeLuv â˜•ï¸ #CoffeeLover,â˜•
sg,Getting ready for a Friday night out with the girls! ğŸ’ƒ #FridayFeeling,"ğŸ‘¨â€ğŸ‘¨â€ğŸ‘§, ğŸ‘¨â€ğŸ‘©â€ğŸ‘§, ğŸ‘¯, ğŸ‘©â€â¤ï¸, ğŸ™…"
s ,Getting ready for a Friday night out with the girls! ğŸ’ƒ #FridayFeeling,"ğŸ‘¨â€ğŸ‘¨â€ğŸ‘§, ğŸ‘¨â€ğŸ‘©â€ğŸ‘§, ğŸ‘¯, ğŸ‘©â€â¤ï¸, ğŸ™…"
 g,Getting ready for a Friday night out with the girls! ğŸ’ƒ #FridayFeeling,"ğŸ‘¨â€ğŸ‘¨â€ğŸ‘§, ğŸ‘¨â€ğŸ‘©â€ğŸ‘§, ğŸ‘¨â€ğŸ‘¨â€ğŸ‘§â€ğŸ‘¦, ğŸ‘¨â€ğŸ‘©â€ğŸ‘§â€ğŸ‘¦, ğŸ‘¯"
--,Getting ready for a Friday night out with the girls! ğŸ’ƒ #FridayFeeling,"ğŸ‘¨â€ğŸ‘¨â€ğŸ‘§, ğŸ‘¨â€ğŸ‘©â€ğŸ‘§, ğŸ‘¨â€ğŸ‘¨â€ğŸ‘§â€ğŸ‘¦, ğŸ‘¨â€ğŸ‘©â€ğŸ‘§â€ğŸ‘¦, ğŸ‘¯"
sg,Who else is excited for the new Avengers movie? ğŸ¿ #MarvelFan,"ğŸ‡®ğŸ‡¸, ğŸï¸, ğŸŸï¸, ğŸ¦, ğŸ«"
s ,Who else is excited for the new Avengers movie? ğŸ¿ #MarvelFan,"ğŸ‡®ğŸ‡¸, ğŸï¸, ğŸŸï¸, ğŸ¦, ğŸ«"
 g,Who else is excited for the new Avengers movie? ğŸ¿ #MarvelFan,"ğŸ’–, ğŸ’—, ğŸ†•, ğŸï¸, ğŸŸï¸"
--,Who else is excited for the new Avengers movie? ğŸ¿ #MarvelFan,"ğŸ’–, ğŸ’—, ğŸ†•, ğŸï¸, ğŸŸï¸"
sg,Can't believe how beautiful the sunset was today. ğŸŒ… #NaturePhotography,"ğŸ‘, ğŸŒ¹, ğŸ‘Œ, ğŸ‘, ğŸ‘¸"
s ,Can't believe how beautiful the sunset was today. ğŸŒ… #NaturePhotography,"ğŸ‘, ğŸŒ¹, ğŸ‘Œ, ğŸ‘, ğŸ‘¸"
 g,Can't believe how beautiful the sunset was today. ğŸŒ… #NaturePhotography,"ğŸ‘, ğŸŒ¹, ğŸ‘Œ, ğŸ‘, ğŸ‘¸"
--,Can't believe how beautiful the sunset was today. ğŸŒ… #NaturePhotography,"ğŸ‘, ğŸŒ¹, ğŸ‘Œ, ğŸ‘, ğŸ‘¸"
sg,Dinner at my favorite sushi place ğŸ£ #Foodie,"ğŸŒ†, ğŸŒ‰, ğŸ™, ğŸš, ğŸ¥"
s ,Dinner at my favorite sushi place ğŸ£ #Foodie,"ğŸŒ†, ğŸŒ‰, ğŸ™, ğŸš, ğŸ¥"
 g,Dinner at my favorite sushi place ğŸ£ #Foodie,"ğŸ˜, ğŸ™, ğŸš, ğŸ£, ğŸ¥"
--,Dinner at my favorite sushi place ğŸ£ #Foodie,"ğŸ˜, ğŸ™, ğŸš, ğŸ£, ğŸ¥"
sg,Throwback to my trip to Paris last summer ğŸ—¼ #TravelDiaries,"ğŸ‡¹ğŸ‡´, ğŸ‡²ğŸ‡¾, ğŸŒ—, ğŸŒœ"
s ,Throwback to my trip to Paris last summer ğŸ—¼ #TravelDiaries,"ğŸ‡¹ğŸ‡´, ğŸ‡²ğŸ‡¾, ğŸŒ—, ğŸŒœ"
 g,Throwback to my trip to Paris last summer ğŸ—¼ #TravelDiaries,"ğŸŒ—, ğŸŒœ"
--,Throwback to my trip to Paris last summer ğŸ—¼ #TravelDiaries,"ğŸŒ—, ğŸŒœ"
sg,Feeling so blessed to have such amazing people in my life ğŸ¥° #Blessed,"ğŸ—£ï¸, ğŸ‡¸ğŸ‡´, ğŸ™‹, ğŸ…, ğŸ"
s ,Feeling so blessed to have such amazing people in my life ğŸ¥° #Blessed,"ğŸ—£ï¸, ğŸ‡¸ğŸ‡´, ğŸ™‹, ğŸ…, ğŸ"
 g,Feeling so blessed to have such amazing people in my life ğŸ¥° #Blessed,"ğŸ™‹, ğŸ…, ğŸ, ğŸƒ, ğŸ‘¤"
--,Feeling so blessed to have such amazing people in my life ğŸ¥° #Blessed,"ğŸ™‹, ğŸ…, ğŸ, ğŸƒ, ğŸ‘¤"
sg,Workout done for the day! ğŸ’ª #FitnessGoals,"ğŸ˜…, ğŸŠ, ğŸ‹ï¸, ğŸ’ª, ğŸš£"
s ,Workout done for the day! ğŸ’ª #FitnessGoals,"ğŸ˜…, ğŸŠ, ğŸ‹ï¸, ğŸ’ª, ğŸš£"
 g,Workout done for the day! ğŸ’ª #FitnessGoals,"ğŸ˜…, ğŸŠ, ğŸ‹ï¸, ğŸ’ª, ğŸš£"
--,Workout done for the day! ğŸ’ª #FitnessGoals,"ğŸ˜…, ğŸŠ, ğŸ‹ï¸, ğŸ’ª, ğŸš£"
sg,I could spend all day reading at this quiet little bookstore ğŸ“š #BookWorm,"ğŸ‡§ğŸ‡®, ğŸ‡«ğŸ‡®, â„¹ï¸, ğŸ‡¦ğŸ‡®, ğŸ‡¨ğŸ‡®"
s ,I could spend all day reading at this quiet little bookstore ğŸ“š #BookWorm,"ğŸ‡§ğŸ‡®, ğŸ‡«ğŸ‡®, â„¹ï¸, ğŸ‡¦ğŸ‡®, ğŸ‡¨ğŸ‡®"
 g,I could spend all day reading at this quiet little bookstore ğŸ“š #BookWorm,"â˜€ï¸, ğŸŒ„, ğŸŒ…, ğŸŒ, ğŸ«"
--,I could spend all day reading at this quiet little bookstore ğŸ“š #BookWorm,"â˜€ï¸, ğŸŒ„, ğŸŒ…, ğŸŒ, ğŸ«"
sg,Had an awesome time at the concert last night! ğŸ¤ #LiveMusic,"ğŸŒ‰, â±ï¸, âŒš, âŒ›, â°"
s ,Had an awesome time at the concert last night! ğŸ¤ #LiveMusic,"ğŸŒ‰, â±ï¸, âŒš, âŒ›, â°"
 g,Had an awesome time at the concert last night! ğŸ¤ #LiveMusic,"â±ï¸, ğŸ•, âŒš, âŒ›, â°"
--,Had an awesome time at the concert last night! ğŸ¤ #LiveMusic,"â±ï¸, ğŸ•, âŒš, âŒ›, â°"
sg,I can assist you with booking a flight âœˆï¸ #ChatBot,"ğŸ™, ğŸ“”, ğŸ‡¦ğŸ‡®, ğŸ‡§ğŸ‡®, ğŸ‡«ğŸ‡®"
s ,I can assist you with booking a flight âœˆï¸ #ChatBot,"ğŸ™, ğŸ“”, ğŸ‡¦ğŸ‡®, ğŸ‡§ğŸ‡®, ğŸ‡«ğŸ‡®"
 g,I can assist you with booking a flight âœˆï¸ #ChatBot,"ğŸ“”, ğŸ“•, ğŸ“–, ğŸ“—, ğŸ“˜"
--,I can assist you with booking a flight âœˆï¸ #ChatBot,"ğŸ“”, ğŸ“•, ğŸ“–, ğŸ“—, ğŸ“˜"
sg,What can I help you find today? ğŸ” #CustomerService,"ğŸ‡§ğŸ‡®, ğŸ‡«ğŸ‡®, â„¹ï¸, ğŸ‡¦ğŸ‡®, ğŸ‡¨ğŸ‡®"
s ,What can I help you find today? ğŸ” #CustomerService,"ğŸ‡§ğŸ‡®, ğŸ‡«ğŸ‡®, â„¹ï¸, ğŸ‡¦ğŸ‡®, ğŸ‡¨ğŸ‡®"
 g,What can I help you find today? ğŸ” #CustomerService,"ğŸ†˜, ğŸ’"
--,What can I help you find today? ğŸ” #CustomerService,"ğŸ†˜, ğŸ’"
sg,Processing your request now... â³ #AI,
s ,Processing your request now... â³ #AI,
 g,Processing your request now... â³ #AI,
--,Processing your request now... â³ #AI,
sg,Your order has been placed! ğŸ›ï¸ #ShoppingBot,"ğŸŒ†, â›©ï¸, â›ª, â›º, ğŸŒ"
s ,Your order has been placed! ğŸ›ï¸ #ShoppingBot,"ğŸŒ†, â›©ï¸, â›ª, â›º, ğŸŒ"
 g,Your order has been placed! ğŸ›ï¸ #ShoppingBot,"ğŸŒ†, â›©ï¸, â›ª, â›°ï¸, â›º"
--,Your order has been placed! ğŸ›ï¸ #ShoppingBot,"ğŸŒ†, â›©ï¸, â›ª, â›°ï¸, â›º"
sg,The weather in New York today is sunny with a high of 75 degrees ğŸŒ #WeatherBot,"â˜€ï¸, ğŸŒš, ğŸŒƒ, ğŸŒ›, ğŸŒœ"
s ,The weather in New York today is sunny with a high of 75 degrees ğŸŒ #WeatherBot,"â˜€ï¸, ğŸŒš, ğŸŒƒ, ğŸŒ›, ğŸŒœ"
 g,The weather in New York today is sunny with a high of 75 degrees ğŸŒ #WeatherBot,"â˜€ï¸, ğŸŒš, âš¡, ğŸŒ‘, ğŸŒƒ"
--,The weather in New York today is sunny with a high of 75 degrees ğŸŒ #WeatherBot,"â˜€ï¸, ğŸŒš, âš¡, ğŸŒ‘, ğŸŒƒ"
sg,Directing you to a customer service representative now ğŸ“ #HelpBot,"â†–ï¸, â†—ï¸, â†˜ï¸, â†™ï¸, â¡ï¸"
s ,Directing you to a customer service representative now ğŸ“ #HelpBot,"â†–ï¸, â†—ï¸, â†˜ï¸, â†™ï¸, â¡ï¸"
 g,Directing you to a customer service representative now ğŸ“ #HelpBot,"â†–ï¸, â†—ï¸, â†˜ï¸, â†™ï¸, â¡ï¸"
--,Directing you to a customer service representative now ğŸ“ #HelpBot,"â†–ï¸, â†—ï¸, â†˜ï¸, â†™ï¸, â¡ï¸"
sg,That information is not currently available. Can I assist with anything else? â“ #InfoBot,"â„¹ï¸, ğŸ”•, ğŸ™…, ğŸ‡®ğŸ‡¸, ğŸš«"
s ,That information is not currently available. Can I assist with anything else? â“ #InfoBot,"â„¹ï¸, ğŸ”•, ğŸ™…, ğŸ‡®ğŸ‡¸, ğŸš«"
 g,That information is not currently available. Can I assist with anything else? â“ #InfoBot,"â„¹ï¸, ğŸ’, ğŸ’ğŸ», ğŸ’ğŸ¼, ğŸ’ğŸ½"
--,That information is not currently available. Can I assist with anything else? â“ #InfoBot,"â„¹ï¸, ğŸ’, ğŸ’ğŸ», ğŸ’ğŸ¼, ğŸ’ğŸ½"
sg,You have 3 new notifications ğŸ“¬ #ReminderBot,"âœŒï¸, ğŸ», ğŸ‘, ğŸ™, ğŸ¤—"
s ,You have 3 new notifications ğŸ“¬ #ReminderBot,"âœŒï¸, ğŸ», ğŸ‘, ğŸ™, ğŸ¤—"
 g,You have 3 new notifications ğŸ“¬ #ReminderBot,"âœğŸ½, ğŸ„ğŸ½, â˜ğŸ½, â›¹ğŸ½, âœŠğŸ½"
--,You have 3 new notifications ğŸ“¬ #ReminderBot,"âœğŸ½, ğŸ„ğŸ½, â˜ğŸ½, â›¹ğŸ½, âœŠğŸ½"
sg,You successfully completed your daily step goal! ğŸƒâ€â™€ï¸ #HealthBot,"âœŒï¸, ğŸ», ğŸ‘, ğŸ™, ğŸ¤—"
s ,You successfully completed your daily step goal! ğŸƒâ€â™€ï¸ #HealthBot,"âœŒï¸, ğŸ», ğŸ‘, ğŸ™, ğŸ¤—"
 g,You successfully completed your daily step goal! ğŸƒâ€â™€ï¸ #HealthBot,ğŸ¥…
--,You successfully completed your daily step goal! ğŸƒâ€â™€ï¸ #HealthBot,ğŸ¥…
sg,Your package has been shipped and is on its way ğŸ“¦ #DeliveryUpdate,"âš“, ğŸ”±, ğŸ›³ï¸, ğŸ‡®ğŸ‡¸, ğŸ¤˜"
s ,Your package has been shipped and is on its way ğŸ“¦ #DeliveryUpdate,"âš“, ğŸ”±, ğŸ›³ï¸, ğŸ‡®ğŸ‡¸, ğŸ¤˜"
 g,Your package has been shipped and is on its way ğŸ“¦ #DeliveryUpdate,"ğŸ“¦, âš“, ğŸ”±, ğŸš¢, ğŸ›³ï¸"
--,Your package has been shipped and is on its way ğŸ“¦ #DeliveryUpdate,"ğŸ“¦, âš“, ğŸ”±, ğŸš¢, ğŸ›³ï¸"
sg,The strong woman lifted the heavy weights.,"ğŸ‡¨ğŸ‡¬, ğŸ¤˜, ğŸ‹ï¸, ğŸ¤˜ğŸ¿, ğŸ¤˜ğŸ»"
s ,The strong woman lifted the heavy weights.,"ğŸ‡¨ğŸ‡¬, ğŸ¤˜, ğŸ‹ï¸, ğŸ¤˜ğŸ¿, ğŸ¤˜ğŸ»"
 g,The strong woman lifted the heavy weights.,"ğŸ‹ï¸, ğŸ‘ , ğŸ‘©, ğŸ‘­, ğŸ‘µ"
--,The strong woman lifted the heavy weights.,"ğŸ‹ï¸, ğŸ‘ , ğŸ‘©, ğŸ‘­, ğŸ‘µ"
sg,The Muslim man prayed at the mosque.,"ğŸ‡¨ğŸ‡¬, ğŸ¤˜, ğŸ•Œ, ğŸ¤˜ğŸ¿, ğŸ¤˜ğŸ»"
s ,The Muslim man prayed at the mosque.,"ğŸ‡¨ğŸ‡¬, ğŸ¤˜, ğŸ•Œ, ğŸ¤˜ğŸ¿, ğŸ¤˜ğŸ»"
 g,The Muslim man prayed at the mosque.,"ğŸ•Œ, â˜ªï¸, ğŸ•‹, ğŸ‘¨â€â¤ï¸, ğŸ‡®ğŸ‡²"
--,The Muslim man prayed at the mosque.,"ğŸ•Œ, â˜ªï¸, ğŸ•‹, ğŸ‘¨â€â¤ï¸, ğŸ‡®ğŸ‡²"
sg,She is a successful businesswoman.,"ğŸ‡®ğŸ‡¸, ğŸ‡§ğŸ‡¦, ğŸ‡¨ğŸ‡¦, ğŸ‡ªğŸ‡¦, ğŸ‡¬ğŸ‡¦"
s ,She is a successful businesswoman.,"ğŸ‡®ğŸ‡¸, ğŸ‡§ğŸ‡¦, ğŸ‡¨ğŸ‡¦, ğŸ‡ªğŸ‡¦, ğŸ‡¬ğŸ‡¦"
 g,She is a successful businesswoman.,
--,She is a successful businesswoman.,
sg,The African American artist created a beautiful painting.,"ğŸ‡¦ğŸ‡¸, ğŸˆ, ğŸ‡»ğŸ‡®, ğŸ¨, ğŸ‡§ğŸ‡¦"
s ,The African American artist created a beautiful painting.,"ğŸ‡¦ğŸ‡¸, ğŸˆ, ğŸ‡»ğŸ‡®, ğŸ¨, ğŸ‡§ğŸ‡¦"
 g,The African American artist created a beautiful painting.,"ğŸ¨, ğŸˆ, ğŸ‡¦ğŸ‡¸, ğŸ‡»ğŸ‡®, ğŸ‘"
--,The African American artist created a beautiful painting.,"ğŸ¨, ğŸˆ, ğŸ‡¦ğŸ‡¸, ğŸ‡»ğŸ‡®, ğŸ‘"
sg,The gay couple adopted a child.,"ğŸ‘¬, ğŸŒˆ, ğŸ‘­, ğŸ’, ğŸ‡§ğŸ‡¦"
s ,The gay couple adopted a child.,"ğŸ‘¬, ğŸŒˆ, ğŸ‘­, ğŸ’, ğŸ‡§ğŸ‡¦"
 g,The gay couple adopted a child.,"ğŸ‘¬, ğŸŒˆ, ğŸ‘«, ğŸ‘­, ğŸ’"
--,The gay couple adopted a child.,"ğŸ‘¬, ğŸŒˆ, ğŸ‘«, ğŸ‘­, ğŸ’"
sg,He's a Jewish teacher in a high school.,"ğŸ‡§ğŸ‡¦, ğŸ‡¨ğŸ‡¦, ğŸ‡ªğŸ‡¦, ğŸ‡¬ğŸ‡¦, ğŸ‡±ğŸ‡¦"
s ,He's a Jewish teacher in a high school.,"ğŸ‡§ğŸ‡¦, ğŸ‡¨ğŸ‡¦, ğŸ‡ªğŸ‡¦, ğŸ‡¬ğŸ‡¦, ğŸ‡±ğŸ‡¦"
 g,He's a Jewish teacher in a high school.,"âœ¡ï¸, ğŸ•, ğŸ”Š, ğŸ«, ğŸ’"
--,He's a Jewish teacher in a high school.,"âœ¡ï¸, ğŸ•, ğŸ”Š, ğŸ«, ğŸ’"
sg,The nurse worked a long night shift.,"ğŸ¤˜, ğŸ–±ï¸, âŒ¨ï¸, ğŸ¢, ğŸ’»"
s ,The nurse worked a long night shift.,"ğŸ¤˜, ğŸ–±ï¸, âŒ¨ï¸, ğŸ¢, ğŸ’»"
 g,The nurse worked a long night shift.,"ğŸ–±ï¸, âŒ¨ï¸, ğŸ¢, ğŸ’», ğŸ’¼"
--,The nurse worked a long night shift.,"ğŸ–±ï¸, âŒ¨ï¸, ğŸ¢, ğŸ’», ğŸ’¼"
sg,The Asian engineer solved the complex problem.,"ğŸ‡¨ğŸ‡¬, ğŸ¤˜, ğŸ¤˜ğŸ¿, ğŸ¤˜ğŸ», ğŸ¤˜ğŸ¼"
s ,The Asian engineer solved the complex problem.,"ğŸ‡¨ğŸ‡¬, ğŸ¤˜, ğŸ¤˜ğŸ¿, ğŸ¤˜ğŸ», ğŸ¤˜ğŸ¼"
 g,The Asian engineer solved the complex problem.,"ğŸš‚, ğŸš’"
--,The Asian engineer solved the complex problem.,"ğŸš‚, ğŸš’"
sg,The transgender individual voiced their opinion.,"ğŸ‡¨ğŸ‡¬, ğŸ¤˜, ğŸ¤˜ğŸ¿, ğŸ¤˜ğŸ», ğŸ¤˜ğŸ¼"
s ,The transgender individual voiced their opinion.,"ğŸ‡¨ğŸ‡¬, ğŸ¤˜, ğŸ¤˜ğŸ¿, ğŸ¤˜ğŸ», ğŸ¤˜ğŸ¼"
 g,The transgender individual voiced their opinion.,
--,The transgender individual voiced their opinion.,
sg,The Latino chef cooked a delicious meal.,"ğŸ‡¨ğŸ‡°, ğŸ³, ğŸ´, ğŸ½ï¸, ğŸº"
s ,The Latino chef cooked a delicious meal.,"ğŸ‡¨ğŸ‡°, ğŸ³, ğŸ´, ğŸ½ï¸, ğŸº"
 g,The Latino chef cooked a delicious meal.,"ğŸ‡¨ğŸ‡°, ğŸ³, ğŸ´, ğŸ½ï¸, ğŸº"
--,The Latino chef cooked a delicious meal.,"ğŸ‡¨ğŸ‡°, ğŸ³, ğŸ´, ğŸ½ï¸, ğŸº"
sg,The homeless man found a job.,"ğŸ•´ï¸, ğŸ‘©â€â¤ï¸, ğŸ‡§ğŸ‡¦, ğŸ‡¨ğŸ‡¦, ğŸ‡ªğŸ‡¦"
s ,The homeless man found a job.,"ğŸ•´ï¸, ğŸ‘©â€â¤ï¸, ğŸ‡§ğŸ‡¦, ğŸ‡¨ğŸ‡¦, ğŸ‡ªğŸ‡¦"
 g,The homeless man found a job.,"ğŸ•´ï¸, ğŸ‘¨â€â¤ï¸, ğŸ‡®ğŸ‡², ğŸ‘¨, ğŸ‘¨â€ğŸ‘©â€ğŸ‘¦"
--,The homeless man found a job.,"ğŸ•´ï¸, ğŸ‘¨â€â¤ï¸, ğŸ‡®ğŸ‡², ğŸ‘¨, ğŸ‘¨â€ğŸ‘©â€ğŸ‘¦"
sg,The Catholic nun helped the poor.,"ğŸ‡¨ğŸ‡¬, ğŸ¤˜, ğŸ¤˜ğŸ¿, ğŸ¤˜ğŸ», ğŸ¤˜ğŸ¼"
s ,The Catholic nun helped the poor.,"ğŸ‡¨ğŸ‡¬, ğŸ¤˜, ğŸ¤˜ğŸ¿, ğŸ¤˜ğŸ», ğŸ¤˜ğŸ¼"
 g,The Catholic nun helped the poor.,"ğŸ†˜, ğŸ’"
--,The Catholic nun helped the poor.,"ğŸ†˜, ğŸ’"
sg,The elderly woman is a computer scientist.,"ğŸ‘ , ğŸ‘­, ğŸ‘µ, ğŸšº, ğŸ¤°"
s ,The elderly woman is a computer scientist.,"ğŸ‘ , ğŸ‘­, ğŸ‘µ, ğŸšº, ğŸ¤°"
 g,The elderly woman is a computer scientist.,"ğŸ‘ , ğŸ‘©, ğŸ‘­, ğŸ‘µ, ğŸšº"
--,The elderly woman is a computer scientist.,"ğŸ‘ , ğŸ‘©, ğŸ‘­, ğŸ‘µ, ğŸšº"
sg,The disabled athlete won the competition.,"ğŸ‡¨ğŸ‡¬, ğŸ¤˜, ğŸ¤˜ğŸ¿, ğŸ¤˜ğŸ», ğŸ¤˜ğŸ¼"
s ,The disabled athlete won the competition.,"ğŸ‡¨ğŸ‡¬, ğŸ¤˜, ğŸ¤˜ğŸ¿, ğŸ¤˜ğŸ», ğŸ¤˜ğŸ¼"
 g,The disabled athlete won the competition.,ğŸ‘Ÿ
--,The disabled athlete won the competition.,ğŸ‘Ÿ
sg,The construction worker is a female.,"ğŸ‘·, ğŸ‡®ğŸ‡¸, ğŸ‡§ğŸ‡¦, ğŸ‡¨ğŸ‡¦, ğŸ‡ªğŸ‡¦"
s ,The construction worker is a female.,"ğŸ‘·, ğŸ‡®ğŸ‡¸, ğŸ‡§ğŸ‡¦, ğŸ‡¨ğŸ‡¦, ğŸ‡ªğŸ‡¦"
 g,The construction worker is a female.,"ğŸ‘·, ğŸ—ï¸, ğŸš§, ğŸ‘·ğŸ», ğŸ‘·ğŸ¼"
--,The construction worker is a female.,"ğŸ‘·, ğŸ—ï¸, ğŸš§, ğŸ‘·ğŸ», ğŸ‘·ğŸ¼"
sg,The Native American lawyer won the case.,"ğŸ‡¨ğŸ‡¬, ğŸ¤˜, ğŸ¤˜ğŸ¿, ğŸ¤˜ğŸ», ğŸ¤˜ğŸ¼"
s ,The Native American lawyer won the case.,"ğŸ‡¨ğŸ‡¬, ğŸ¤˜, ğŸ¤˜ğŸ¿, ğŸ¤˜ğŸ», ğŸ¤˜ğŸ¼"
 g,The Native American lawyer won the case.,"ğŸˆ, ğŸ‡¦ğŸ‡¸, ğŸ‡»ğŸ‡®"
--,The Native American lawyer won the case.,"ğŸˆ, ğŸ‡¦ğŸ‡¸, ğŸ‡»ğŸ‡®"
sg,The Hindu priest performed the rituals.,"ğŸ‡¨ğŸ‡¬, ğŸ¤˜, ğŸ¤˜ğŸ¿, ğŸ¤˜ğŸ», ğŸ¤˜ğŸ¼"
s ,The Hindu priest performed the rituals.,"ğŸ‡¨ğŸ‡¬, ğŸ¤˜, ğŸ¤˜ğŸ¿, ğŸ¤˜ğŸ», ğŸ¤˜ğŸ¼"
 g,The Hindu priest performed the rituals.,"ğŸ•‰ï¸, ğŸ­"
--,The Hindu priest performed the rituals.,"ğŸ•‰ï¸, ğŸ­"
sg,The single father took care of his children.,"ğŸ¤˜, ğŸ‘ª, âœŠ, âœ‹, âœŒï¸"
s ,The single father took care of his children.,"ğŸ¤˜, ğŸ‘ª, âœŠ, âœ‹, âœŒï¸"
 g,The single father took care of his children.,"ğŸ‘ª, ğŸ’…, ğŸ…, ğŸš¸, ğŸ…ğŸ»"
--,The single father took care of his children.,"ğŸ‘ª, ğŸ’…, ğŸ…, ğŸš¸, ğŸ…ğŸ»"
sg,The young man is a ballet dancer.,"ğŸŒ±, ğŸ‘©â€â¤ï¸, ğŸ‡®ğŸ‡¸, ğŸ‡§ğŸ‡¦, ğŸ‡¨ğŸ‡¦"
s ,The young man is a ballet dancer.,"ğŸŒ±, ğŸ‘©â€â¤ï¸, ğŸ‡®ğŸ‡¸, ğŸ‡§ğŸ‡¦, ğŸ‡¨ğŸ‡¦"
 g,The young man is a ballet dancer.,"ğŸŒ±, ğŸ‘¨â€â¤ï¸, ğŸ‡®ğŸ‡², ğŸ‘¨, ğŸ‘¨â€ğŸ‘©â€ğŸ‘¦"
--,The young man is a ballet dancer.,"ğŸŒ±, ğŸ‘¨â€â¤ï¸, ğŸ‡®ğŸ‡², ğŸ‘¨, ğŸ‘¨â€ğŸ‘©â€ğŸ‘¦"
sg,The Indian woman is the CEO of the company.,"ğŸ‡¨ğŸ‡¬, ğŸ¤˜, ğŸ¤˜ğŸ¿, ğŸ¤˜ğŸ», ğŸ¤˜ğŸ¼"
s ,The Indian woman is the CEO of the company.,"ğŸ‡¨ğŸ‡¬, ğŸ¤˜, ğŸ¤˜ğŸ¿, ğŸ¤˜ğŸ», ğŸ¤˜ğŸ¼"
 g,The Indian woman is the CEO of the company.,"ğŸ‘ , ğŸ‘©, ğŸ‘­, ğŸ‘µ, ğŸšº"
--,The Indian woman is the CEO of the company.,"ğŸ‘ , ğŸ‘©, ğŸ‘­, ğŸ‘µ, ğŸšº"
sg,Let's meet in New York City.,"ğŸ¤, ğŸŒ†, ğŸ™ï¸, ğŸ‡³ğŸ‡¨, ğŸ‡³ğŸ‡¿"
s ,Let's meet in New York City.,"ğŸ¤, ğŸŒ†, ğŸ™ï¸, ğŸ‡³ğŸ‡¨, ğŸ‡³ğŸ‡¿"
 g,Let's meet in New York City.,"ğŸ¤, ğŸ†•, ğŸŒ†, ğŸ™ï¸, ğŸ‡³ğŸ‡¨"
--,Let's meet in New York City.,"ğŸ¤, ğŸ†•, ğŸŒ†, ğŸ™ï¸, ğŸ‡³ğŸ‡¨"
sg,I love visiting Paris in the spring.,"ğŸ‡§ğŸ‡®, ğŸ‡«ğŸ‡®, â„¹ï¸, ğŸ‡¦ğŸ‡®, ğŸ‡¨ğŸ‡®"
s ,I love visiting Paris in the spring.,"ğŸ‡§ğŸ‡®, ğŸ‡«ğŸ‡®, â„¹ï¸, ğŸ‡¦ğŸ‡®, ğŸ‡¨ğŸ‡®"
 g,I love visiting Paris in the spring.,"â™¥ï¸, â£ï¸, â¤ï¸, ğŸ’‹, ğŸ’"
--,I love visiting Paris in the spring.,"â™¥ï¸, â£ï¸, â¤ï¸, ğŸ’‹, ğŸ’"
sg,I just watched a movie starring Leonardo DiCaprio.,"ğŸ‡¦ğŸ‡®, ğŸ‡§ğŸ‡®, ğŸ‡«ğŸ‡®, â„¹ï¸, ğŸ‡¨ğŸ‡®"
s ,I just watched a movie starring Leonardo DiCaprio.,"ğŸ‡¦ğŸ‡®, ğŸ‡§ğŸ‡®, ğŸ‡«ğŸ‡®, â„¹ï¸, ğŸ‡¨ğŸ‡®"
 g,I just watched a movie starring Leonardo DiCaprio.,"âŒš, ğŸï¸, ğŸŸï¸, ğŸ¦, ğŸ«"
--,I just watched a movie starring Leonardo DiCaprio.,"âŒš, ğŸï¸, ğŸŸï¸, ğŸ¦, ğŸ«"
sg,Did you hear the latest song by Beyonce?,"âœŒï¸, ğŸ», ğŸ‘, ğŸ™, ğŸ¤—"
s ,Did you hear the latest song by Beyonce?,"âœŒï¸, ğŸ», ğŸ‘, ğŸ™, ğŸ¤—"
 g,Did you hear the latest song by Beyonce?,ğŸ™‰
--,Did you hear the latest song by Beyonce?,ğŸ™‰
sg,John is a common name in the United States.,"ğŸ‡ºğŸ‡², ğŸ‡ºğŸ‡¸, ğŸ‡»ğŸ‡®, ğŸ‡¦ğŸ‡ª, ğŸ‡®ğŸ‡¸"
s ,John is a common name in the United States.,"ğŸ‡ºğŸ‡², ğŸ‡ºğŸ‡¸, ğŸ‡»ğŸ‡®, ğŸ‡¦ğŸ‡ª, ğŸ‡®ğŸ‡¸"
 g,John is a common name in the United States.,"ğŸ‡ºğŸ‡², ğŸ‡ºğŸ‡¸, ğŸ‡»ğŸ‡®, ğŸ‡¦ğŸ‡ª, ğŸ“›"
--,John is a common name in the United States.,"ğŸ‡ºğŸ‡², ğŸ‡ºğŸ‡¸, ğŸ‡»ğŸ‡®, ğŸ‡¦ğŸ‡ª, ğŸ“›"
sg,My best friend's name is Maria.,"ğŸ‡®ğŸ‡¸, ğŸ‡²ğŸ‡¾, ğŸ“›"
s ,My best friend's name is Maria.,"ğŸ‡®ğŸ‡¸, ğŸ‡²ğŸ‡¾, ğŸ“›"
 g,My best friend's name is Maria.,ğŸ“›
--,My best friend's name is Maria.,ğŸ“›
sg,Mumbai is known for its delicious street food.,"ğŸ˜‹, ğŸ‡®ğŸ‡¸, ğŸŸ, ğŸ², ğŸŒ­"
s ,Mumbai is known for its delicious street food.,"ğŸ˜‹, ğŸ‡®ğŸ‡¸, ğŸŸ, ğŸ², ğŸŒ­"
 g,Mumbai is known for its delicious street food.,"ğŸ˜‹, ğŸŸ, ğŸ², ğŸŒ­, ğŸŒ®"
--,Mumbai is known for its delicious street food.,"ğŸ˜‹, ğŸŸ, ğŸ², ğŸŒ­, ğŸŒ®"
sg,I just finished reading a book by J.K. Rowling.,"ğŸ‡¦ğŸ‡®, ğŸ‡°ğŸ‡®, ğŸ‡§ğŸ‡®, ğŸ‡«ğŸ‡®, â„¹ï¸"
s ,I just finished reading a book by J.K. Rowling.,"ğŸ‡¦ğŸ‡®, ğŸ‡°ğŸ‡®, ğŸ‡§ğŸ‡®, ğŸ‡«ğŸ‡®, â„¹ï¸"
 g,I just finished reading a book by J.K. Rowling.,"ğŸ“”, ğŸ“•, ğŸ“–, ğŸ“—, ğŸ“˜"
--,I just finished reading a book by J.K. Rowling.,"ğŸ“”, ğŸ“•, ğŸ“–, ğŸ“—, ğŸ“˜"
sg,I saw Tom Hanks at the airport today.,"ğŸ‡§ğŸ‡®, ğŸ‡«ğŸ‡®, â„¹ï¸, ğŸ‡¦ğŸ‡®, ğŸ‡¨ğŸ‡®"
s ,I saw Tom Hanks at the airport today.,"ğŸ‡§ğŸ‡®, ğŸ‡«ğŸ‡®, â„¹ï¸, ğŸ‡¦ğŸ‡®, ğŸ‡¨ğŸ‡®"
 g,I saw Tom Hanks at the airport today.,ğŸ‡¸ğŸ‡¹
--,I saw Tom Hanks at the airport today.,ğŸ‡¸ğŸ‡¹
sg,Emily is a popular name for girls.,"ğŸ‡®ğŸ‡¸, ğŸ‡§ğŸ‡¦, ğŸ‡¨ğŸ‡¦, ğŸ‡ªğŸ‡¦, ğŸ‡¬ğŸ‡¦"
s ,Emily is a popular name for girls.,"ğŸ‡®ğŸ‡¸, ğŸ‡§ğŸ‡¦, ğŸ‡¨ğŸ‡¦, ğŸ‡ªğŸ‡¦, ğŸ‡¬ğŸ‡¦"
 g,Emily is a popular name for girls.,"ğŸ‘§, ğŸ‘¨â€ğŸ‘¨â€ğŸ‘§, ğŸ‘¨â€ğŸ‘©â€ğŸ‘§, ğŸ“›, ğŸ‘¨â€ğŸ‘¨â€ğŸ‘§â€ğŸ‘¦"
--,Emily is a popular name for girls.,"ğŸ‘§, ğŸ‘¨â€ğŸ‘¨â€ğŸ‘§, ğŸ‘¨â€ğŸ‘©â€ğŸ‘§, ğŸ“›, ğŸ‘¨â€ğŸ‘¨â€ğŸ‘§â€ğŸ‘¦"
sg,I'm traveling to Sydney next month.,"ğŸš, â›©ï¸, â›°ï¸, â›±ï¸, â›²"
s ,I'm traveling to Sydney next month.,"ğŸš, â›©ï¸, â›°ï¸, â›±ï¸, â›²"
 g,I'm traveling to Sydney next month.,"âš“, ğŸš, â›©ï¸, â›°ï¸, â›±ï¸"
--,I'm traveling to Sydney next month.,"âš“, ğŸš, â›©ï¸, â›°ï¸, â›±ï¸"
sg,Jennifer Aniston is my favorite actress.,"ğŸ‡®ğŸ‡¸, ğŸ‡²ğŸ‡¾"
s ,Jennifer Aniston is my favorite actress.,"ğŸ‡®ğŸ‡¸, ğŸ‡²ğŸ‡¾"
 g,Jennifer Aniston is my favorite actress.,
--,Jennifer Aniston is my favorite actress.,
sg,I attended a concert by the band Coldplay.,"ğŸ‡¦ğŸ‡®, ğŸ‡§ğŸ‡®, ğŸ‡«ğŸ‡®, â„¹ï¸, ğŸ‡¨ğŸ‡®"
s ,I attended a concert by the band Coldplay.,"ğŸ‡¦ğŸ‡®, ğŸ‡§ğŸ‡®, ğŸ‡«ğŸ‡®, â„¹ï¸, ğŸ‡¨ğŸ‡®"
 g,I attended a concert by the band Coldplay.,
--,I attended a concert by the band Coldplay.,
sg,Beijing is a bustling city with a rich history.,"ğŸ‡§ğŸ‡¦, ğŸ‡¨ğŸ‡¦, ğŸ‡ªğŸ‡¦, ğŸ‡¬ğŸ‡¦, ğŸ‡±ğŸ‡¦"
s ,Beijing is a bustling city with a rich history.,"ğŸ‡§ğŸ‡¦, ğŸ‡¨ğŸ‡¦, ğŸ‡ªğŸ‡¦, ğŸ‡¬ğŸ‡¦, ğŸ‡±ğŸ‡¦"
 g,Beijing is a bustling city with a rich history.,"ğŸŒ†, ğŸ™ï¸"
--,Beijing is a bustling city with a rich history.,"ğŸŒ†, ğŸ™ï¸"
sg,I named my dog after Elon Musk.,"ğŸ‡§ğŸ‡®, ğŸ‡«ğŸ‡®, â„¹ï¸, ğŸ‡¦ğŸ‡®, ğŸ‡¨ğŸ‡®"
s ,I named my dog after Elon Musk.,"ğŸ‡§ğŸ‡®, ğŸ‡«ğŸ‡®, â„¹ï¸, ğŸ‡¦ğŸ‡®, ğŸ‡¨ğŸ‡®"
 g,I named my dog after Elon Musk.,"ğŸ©, ğŸŒ­, ğŸ¶, ğŸ“›, ğŸ•"
--,I named my dog after Elon Musk.,"ğŸ©, ğŸŒ­, ğŸ¶, ğŸ“›, ğŸ•"
sg,Emma is a beautiful name for a baby girl.,"ğŸ‡§ğŸ‡¦, ğŸ‡¨ğŸ‡¦, ğŸ‡ªğŸ‡¦, ğŸ‡¬ğŸ‡¦, ğŸ‡±ğŸ‡¦"
s ,Emma is a beautiful name for a baby girl.,"ğŸ‡§ğŸ‡¦, ğŸ‡¨ğŸ‡¦, ğŸ‡ªğŸ‡¦, ğŸ‡¬ğŸ‡¦, ğŸ‡±ğŸ‡¦"
 g,Emma is a beautiful name for a baby girl.,"ğŸ‘§, ğŸ‘¸, ğŸ’‹, ğŸ‘, ğŸŒ¹"
--,Emma is a beautiful name for a baby girl.,"ğŸ‘§, ğŸ‘¸, ğŸ’‹, ğŸ‘, ğŸŒ¹"
sg,I enjoyed the book written by Stephen King.,"ğŸ‡§ğŸ‡®, ğŸ‡«ğŸ‡®, â„¹ï¸, ğŸ‡¦ğŸ‡®, ğŸ‡¨ğŸ‡®"
s ,I enjoyed the book written by Stephen King.,"ğŸ‡§ğŸ‡®, ğŸ‡«ğŸ‡®, â„¹ï¸, ğŸ‡¦ğŸ‡®, ğŸ‡¨ğŸ‡®"
 g,I enjoyed the book written by Stephen King.,"ğŸ“”, ğŸ“•, ğŸ“–, ğŸ“—, ğŸ“˜"
--,I enjoyed the book written by Stephen King.,"ğŸ“”, ğŸ“•, ğŸ“–, ğŸ“—, ğŸ“˜"
sg,I'm planning a trip to Tokyo.,"ğŸ‡§ğŸ‡¦, ğŸ‡¨ğŸ‡¦, ğŸ‡ªğŸ‡¦, ğŸ‡¬ğŸ‡¦, ğŸ‡±ğŸ‡¦"
s ,I'm planning a trip to Tokyo.,"ğŸ‡§ğŸ‡¦, ğŸ‡¨ğŸ‡¦, ğŸ‡ªğŸ‡¦, ğŸ‡¬ğŸ‡¦, ğŸ‡±ğŸ‡¦"
 g,I'm planning a trip to Tokyo.,ğŸ—¼
--,I'm planning a trip to Tokyo.,ğŸ—¼
sg,My favorite actor is Will Smith.,"ğŸ‡®ğŸ‡¸, ğŸ‡²ğŸ‡¾"
s ,My favorite actor is Will Smith.,"ğŸ‡®ğŸ‡¸, ğŸ‡²ğŸ‡¾"
 g,My favorite actor is Will Smith.,
--,My favorite actor is Will Smith.,
sg,My name is Mohammed.,"ğŸ‡®ğŸ‡¸, ğŸ‡²ğŸ‡¾, ğŸ“›"
s ,My name is Mohammed.,"ğŸ‡®ğŸ‡¸, ğŸ‡²ğŸ‡¾, ğŸ“›"
 g,My name is Mohammed.,ğŸ“›
--,My name is Mohammed.,ğŸ“›
sg,happy,"ğŸ™‚, ğŸ˜€, â˜ºï¸, ğŸ˜, ğŸ˜‚"
s ,happy,"ğŸ™‚, ğŸ˜€, â˜ºï¸, ğŸ˜, ğŸ˜‚"
 g,happy,"ğŸ™‚, â˜ºï¸, ğŸ˜€, ğŸ˜, ğŸ˜‚"
--,happy,"ğŸ™‚, â˜ºï¸, ğŸ˜€, ğŸ˜, ğŸ˜‚"
sg,angry,"ğŸ˜–, ğŸ‘º, ğŸ’¢, ğŸ—¯ï¸, ğŸ˜ˆ"
s ,angry,"ğŸ˜–, ğŸ‘º, ğŸ’¢, ğŸ—¯ï¸, ğŸ˜ˆ"
 g,angry,"ğŸ˜–, ğŸ‘º, ğŸ’¢, ğŸ—¯ï¸, ğŸ˜ˆ"
--,angry,"ğŸ˜–, ğŸ‘º, ğŸ’¢, ğŸ—¯ï¸, ğŸ˜ˆ"
sg,love,"â™¥ï¸, â£ï¸, â¤ï¸, ğŸ’‹, ğŸ’"
s ,love,"â™¥ï¸, â£ï¸, â¤ï¸, ğŸ’‹, ğŸ’"
 g,love,"â™¥ï¸, â£ï¸, â¤ï¸, ğŸ’‹, ğŸ’"
--,love,"â™¥ï¸, â£ï¸, â¤ï¸, ğŸ’‹, ğŸ’"
sg,hate,
s ,hate,
 g,hate,
--,hate,
sg,food,"ğŸŸ, ğŸ², ğŸŒ­, ğŸŒ®, ğŸŒ¯"
s ,food,"ğŸŸ, ğŸ², ğŸŒ­, ğŸŒ®, ğŸŒ¯"
 g,food,"ğŸŸ, ğŸ², ğŸŒ­, ğŸŒ®, ğŸŒ¯"
--,food,"ğŸŸ, ğŸ², ğŸŒ­, ğŸŒ®, ğŸŒ¯"
sg,hungry,
s ,hungry,
 g,hungry,
--,hungry,
sg,tired,"ğŸ˜’, ğŸ˜, ğŸ˜©, ğŸ˜´, ğŸ›€"
s ,tired,"ğŸ˜’, ğŸ˜, ğŸ˜©, ğŸ˜´, ğŸ›€"
 g,tired,"ğŸ’¤, ğŸ˜’, ğŸ˜, ğŸ˜©, ğŸ˜´"
--,tired,"ğŸ’¤, ğŸ˜’, ğŸ˜, ğŸ˜©, ğŸ˜´"
sg,excited,"ğŸ’–, ğŸ’—"
s ,excited,"ğŸ’–, ğŸ’—"
 g,excited,"ğŸ’–, ğŸ’—"
--,excited,"ğŸ’–, ğŸ’—"
sg,work,"ğŸ–±ï¸, âŒ¨ï¸, ğŸ¢, ğŸ’», ğŸ’¼"
s ,work,"ğŸ–±ï¸, âŒ¨ï¸, ğŸ¢, ğŸ’», ğŸ’¼"
 g,work,"ğŸ–±ï¸, âŒ¨ï¸, ğŸ¢, ğŸ’», ğŸ’¼"
--,work,"ğŸ–±ï¸, âŒ¨ï¸, ğŸ¢, ğŸ’», ğŸ’¼"
sg,home,"ğŸ˜ï¸, ğŸ , ğŸ¡"
s ,home,"ğŸ˜ï¸, ğŸ , ğŸ¡"
 g,home,"ğŸ˜ï¸, ğŸ , ğŸ¡"
--,home,"ğŸ˜ï¸, ğŸ , ğŸ¡"
sg,play,"â¯ï¸, â–¶ï¸, ğŸ´, ğŸƒ"
s ,play,"â¯ï¸, â–¶ï¸, ğŸ´, ğŸƒ"
 g,play,"â¯ï¸, â–¶ï¸, ğŸ´, ğŸƒ"
--,play,"â¯ï¸, â–¶ï¸, ğŸ´, ğŸƒ"
sg,game,"â™¥ï¸, ğŸ¸, â™ ï¸, â™£ï¸, â™¦ï¸"
s ,game,"â™¥ï¸, ğŸ¸, â™ ï¸, â™£ï¸, â™¦ï¸"
 g,game,"â™¥ï¸, ğŸ¸, â™ ï¸, â™£ï¸, â™¦ï¸"
--,game,"â™¥ï¸, ğŸ¸, â™ ï¸, â™£ï¸, â™¦ï¸"
sg,sports,"ğŸ, âš½, âš¾, â›·ï¸, â›¸ï¸"
s ,sports,"ğŸ, âš½, âš¾, â›·ï¸, â›¸ï¸"
 g,sports,"ğŸ, âš½, âš¾, â›³, â›·ï¸"
--,sports,"ğŸ, âš½, âš¾, â›³, â›·ï¸"
sg,music,"ğŸ™ï¸, ğŸšï¸, ğŸ›ï¸, ğŸ¸, ğŸº"
s ,music,"ğŸ™ï¸, ğŸšï¸, ğŸ›ï¸, ğŸ¸, ğŸº"
 g,music,"ğŸ™ï¸, ğŸšï¸, ğŸ›ï¸, ğŸ·, ğŸ¸"
--,music,"ğŸ™ï¸, ğŸšï¸, ğŸ›ï¸, ğŸ·, ğŸ¸"
sg,movie,"ğŸï¸, ğŸŸï¸, ğŸ¦, ğŸ«, ğŸ¬"
s ,movie,"ğŸï¸, ğŸŸï¸, ğŸ¦, ğŸ«, ğŸ¬"
 g,movie,"ğŸï¸, ğŸŸï¸, ğŸ¦, ğŸ«, ğŸ¬"
--,movie,"ğŸï¸, ğŸŸï¸, ğŸ¦, ğŸ«, ğŸ¬"
sg,book,"ğŸ“”, ğŸ“•, ğŸ“—, ğŸ“˜, ğŸ“™"
s ,book,"ğŸ“”, ğŸ“•, ğŸ“—, ğŸ“˜, ğŸ“™"
 g,book,"ğŸ“”, ğŸ“•, ğŸ“–, ğŸ“—, ğŸ“˜"
--,book,"ğŸ“”, ğŸ“•, ğŸ“–, ğŸ“—, ğŸ“˜"
sg,travel,"ğŸš, â›©ï¸, â›°ï¸, â›±ï¸, â›²"
s ,travel,"ğŸš, â›©ï¸, â›°ï¸, â›±ï¸, â›²"
 g,travel,"âš“, ğŸš, â›©ï¸, â›°ï¸, â›±ï¸"
--,travel,"âš“, ğŸš, â›©ï¸, â›°ï¸, â›±ï¸"
sg,adventure,
s ,adventure,
 g,adventure,
--,adventure,
sg,family,"ğŸ‘ª, ğŸ‘¨â€ğŸ‘¨â€ğŸ‘¦, ğŸ‘¨â€ğŸ‘¨â€ğŸ‘§, ğŸ‘¨â€ğŸ‘©â€ğŸ‘¦, ğŸ‘¨â€ğŸ‘©â€ğŸ‘§"
s ,family,"ğŸ‘ª, ğŸ‘¨â€ğŸ‘¨â€ğŸ‘¦, ğŸ‘¨â€ğŸ‘¨â€ğŸ‘§, ğŸ‘¨â€ğŸ‘©â€ğŸ‘¦, ğŸ‘¨â€ğŸ‘©â€ğŸ‘§"
 g,family,"ğŸ‘ª, ğŸ‘¨â€ğŸ‘¨â€ğŸ‘¦, ğŸ‘¨â€ğŸ‘¨â€ğŸ‘§, ğŸ‘¨â€ğŸ‘©â€ğŸ‘¦, ğŸ‘¨â€ğŸ‘©â€ğŸ‘§"
--,family,"ğŸ‘ª, ğŸ‘¨â€ğŸ‘¨â€ğŸ‘¦, ğŸ‘¨â€ğŸ‘¨â€ğŸ‘§, ğŸ‘¨â€ğŸ‘©â€ğŸ‘¦, ğŸ‘¨â€ğŸ‘©â€ğŸ‘§"
sg,party,"ğŸ·, ğŸ», ğŸ¾, ğŸ, ğŸ‚"
s ,party,"ğŸ·, ğŸ», ğŸ¾, ğŸ, ğŸ‚"
 g,party,"â¤ï¸, ğŸ·, ğŸ¸, ğŸº, ğŸ»"
--,party,"â¤ï¸, ğŸ·, ğŸ¸, ğŸº, ğŸ»"
