sg,I'm feeling happy.,"ğŸ˜©, ğŸ˜Š, ğŸ˜, ğŸ˜‘, ğŸ˜•"
s ,I'm feeling happy.,"ğŸ˜†, ğŸ˜, ğŸ˜©, â¤ï¸, ğŸ˜»"
 g,I'm feeling happy.,"ğŸ˜©, ğŸ˜‚, ğŸ˜, â˜ºï¸, ğŸ˜†"
--,I'm feeling happy.,"ğŸ™‹, ğŸ˜©, ğŸ˜†, ğŸ˜, ğŸ˜‹"
sg,I'm feeling very sad.,"ğŸ˜©, ğŸ˜¦, ğŸ˜§, ğŸ˜‚, ğŸ˜’"
s ,I'm feeling very sad.,"ğŸ˜©, ğŸ˜³, ğŸ˜£, ğŸ˜¦, ğŸ˜§"
 g,I'm feeling very sad.,"ğŸ˜©, ğŸ˜‚, ğŸ˜­, ğŸ˜’, ğŸ˜–"
--,I'm feeling very sad.,"ğŸ˜©, ğŸ˜³, ğŸ˜­, ğŸ¤”, ğŸ˜«"
sg,I'm angry with you.,"ğŸ˜¤, ğŸ˜Š, ğŸ’œ, ğŸ’˜, ğŸ˜£"
s ,I'm angry with you.,"ğŸ•, ğŸ˜£, ğŸ˜’, ğŸ™ƒ, ğŸŒªï¸"
 g,I'm angry with you.,"ğŸ˜–, ğŸ˜£, ğŸ˜¤, ğŸ˜”, ğŸ˜¡"
--,I'm angry with you.,"ğŸ™ƒ, ğŸ˜•, ğŸ˜©, ğŸ˜‚, ğŸ˜’"
sg,I love pizza.,"ğŸ’˜, ğŸ˜Š, ğŸ’š, ğŸ’•ğŸµ, ğŸ˜ŠğŸ’•"
s ,I love pizza.,"ğŸ˜†, ğŸµ, ğŸ•, ğŸ’¦, ğŸ˜»"
 g,I love pizza.,"ğŸ”ª, ğŸ˜ŠğŸ’•, â˜ºï¸ğŸ‡ºğŸ‡¸, â™¥ï¸, ğŸ’—"
--,I love pizza.,"ğŸ•, ğŸ˜‰, â™¾ï¸, ğŸ™Œ, ğŸ"
sg,I dislike broccoli.,"ğŸ‡»ğŸ‡®, ğŸ˜¡ğŸ˜¡, ğŸ˜ŠğŸ’•, ğŸ’¯ğŸ€, ğŸ˜’ğŸ‘Š"
s ,I dislike broccoli.,"ğŸ‡»ğŸ‡®, ğŸ•, ğŸ¤·ğŸ¼â€â™€ï¸, ğŸ”, ğŸ˜™"
 g,I dislike broccoli.,"ğŸ˜‚ğŸ¤£ğŸ˜‚ğŸ¤£, ğŸ¶ğŸ˜…, ğŸ¥¦, ğŸ’™, ğŸ˜«"
--,I dislike broccoli.,"ğŸ¥¦, â˜ºï¸, 4ï¸âƒ£, ğŸ”ª, ğŸ±"
sg,The sunrise this morning was beautiful.,"ğŸ˜Š, ğŸ˜’, ğŸ˜, ğŸ˜•, ğŸ‘"
s ,The sunrise this morning was beautiful.,"ğŸ¤£, ğŸµ, ğŸŒ, ğŸ˜’, ğŸ¤«"
 g,The sunrise this morning was beautiful.,"ğŸ˜’, ğŸŒ…, ğŸŒ„, ğŸ˜­, ğŸ˜Š"
--,The sunrise this morning was beautiful.,"ğŸŒ…, ğŸŒ„, ğŸŒ, â˜ºï¸, ğŸ˜­"
sg,"It's been a long, tiring day.","ğŸ˜’, ğŸ˜©, ğŸ‘Œ, ğŸ˜¥, ğŸ˜´"
s ,"It's been a long, tiring day.","ğŸ˜’, ğŸŒ, ğŸ‘Œ, ğŸ˜©, ğŸ’˜"
 g,"It's been a long, tiring day.","ğŸ‘Œ, ğŸ˜©, ğŸ˜’, ğŸ˜´, ğŸ˜­"
--,"It's been a long, tiring day.","ğŸ‘Œ, ğŸ˜­, ğŸ˜©, , ğŸ˜’"
sg,I just won the lottery!,"ğŸ‰, ğŸ¤¡, ğŸ˜¤, ğŸ˜®, ğŸ˜ª"
s ,I just won the lottery!,"ğŸ˜, ğŸ©, ğŸ‘Š, ğŸ™†, ğŸ€"
 g,I just won the lottery!,"ğŸ˜‚ğŸ¤£ğŸ˜‚ğŸ¤£, ğŸ¶ğŸ˜…, ğŸ’™, ğŸ˜«, ğŸ˜­ğŸ˜­ğŸ˜­"
--,I just won the lottery!,"â˜ºï¸, 4ï¸âƒ£, ğŸ”ª, ğŸ±, ğŸŒ "
sg,I can't believe we lost the game.,"ğŸ¤£, ğŸ˜‚, ğŸ˜¦, ğŸ˜’, ğŸ˜”"
s ,I can't believe we lost the game.,"ğŸ˜¦, ğŸ¤£, ğŸ™„, ğŸ‘ŒğŸ¼, ğŸ‡ºğŸ‡¸"
 g,I can't believe we lost the game.,"ğŸ¤£, ğŸ˜‚, ğŸ˜”, â™¥ï¸, âš¾"
--,I can't believe we lost the game.,"ğŸ¤£, ğŸ‘ŒğŸ¼, ğŸ•, ğŸ€, ğŸ˜¡"
sg,I'm so excited for the weekend.,"ğŸ˜•, ğŸ™†, ğŸ˜Š, ğŸ˜…, ğŸ’€"
s ,I'm so excited for the weekend.,"ğŸ™ˆ, ğŸ’¯, ğŸ™Š, â¤ï¸, ğŸ™†"
 g,I'm so excited for the weekend.,"ğŸ’¯, ğŸ˜…, ğŸ˜Š, â¤ï¸, ğŸ™‚ğŸ™‚ğŸ™‚"
--,I'm so excited for the weekend.,"ğŸ’¯, ğŸ˜Š, ğŸ™ˆ, â¤ï¸, ğŸ˜…"
sg,The movie was boring.,"ğŸ˜Š, ğŸ˜ª, ğŸ˜, ğŸ­, ğŸ™†"
s ,The movie was boring.,"ğŸ¬, ğŸ“½ï¸, ğŸ‘½, ğŸ­, ğŸ¼"
 g,The movie was boring.,"ğŸ¤’, ğŸ˜Š, ğŸï¸, ğŸŸï¸, ğŸ¥"
--,The movie was boring.,"ğŸ¤’, ğŸ¤·â€â™‚ï¸, ğŸ‘€, ğŸ˜Š, "
sg,That was the best concert ever!,"ğŸ¤—, ğŸ˜‚ğŸ˜‚ğŸ˜‚, ğŸ™ğŸ¼, ğŸ˜„, ğŸ˜¢ğŸ˜¢"
s ,That was the best concert ever!,"ğŸ€, ğŸ˜„, ğŸ˜•, , ğŸ˜˜"
 g,That was the best concert ever!,"ğŸ˜Š, ğŸ˜ğŸ˜˜, ğŸ¤¸ğŸ½â€â™‚ï¸, ğŸ‘ŠğŸ‘Š, ğŸ¤·ğŸ¾â€â™‚ï¸"
--,That was the best concert ever!,"ğŸ˜, ğŸ˜­, ğŸ˜Š, ğŸ˜˜, ğŸ¤¸ğŸ½â€â™‚ï¸"
sg,I'm scared of spiders.,"ğŸ˜¨, ğŸ˜•, ğŸ˜¤, ğŸ˜¥, ğŸ˜"
s ,I'm scared of spiders.,"ğŸ˜¥, ğŸ™„, ğŸ¤£, ğŸ˜, ğŸ•¶ï¸"
 g,I'm scared of spiders.,"ğŸ˜­, ğŸ˜±, ğŸ˜†, ğŸ˜‚, ğŸ™ƒ"
--,I'm scared of spiders.,"ğŸ˜±, ğŸ˜†, ğŸ¤£, ğŸ™ƒ, ğŸ‘‹"
sg,My heart is broken.,"ğŸ˜, ğŸ’œ, ğŸ’, ğŸ’€, ğŸ’š"
s ,My heart is broken.,"ğŸ˜­, ğŸ˜™, ğŸ˜», ğŸ¤·ğŸ½â€â™€ï¸, ğŸ’“"
 g,My heart is broken.,"ğŸ’›, ğŸ’”, ğŸ˜, ğŸ’™, â™¥ï¸"
--,My heart is broken.,"ğŸ˜­, ğŸ’”, ğŸ˜˜, ğŸ’›, ğŸ’™"
sg,I can't wait for my birthday.,"ğŸ˜’, ğŸ™†, ğŸ˜”, ğŸ˜Š, ğŸ˜ª"
s ,I can't wait for my birthday.,"ğŸ˜’, ğŸ˜», ğŸ™†, ğŸ‘ŒğŸ», ğŸ™„"
 g,I can't wait for my birthday.,"ğŸ˜’, ğŸ˜”, ğŸ‘¸ğŸ½, â˜¹ï¸, ğŸ˜­ğŸ˜­"
--,I can't wait for my birthday.,"ğŸ˜’, ğŸ‘¸ğŸ½, ğŸ™‚, âœˆï¸, ğŸ¤—"
sg,I am feeling so peaceful right now.,"ğŸ˜’, ğŸ˜‚, ğŸ˜­, ğŸ˜, ğŸ˜‘"
s ,I am feeling so peaceful right now.,"ğŸ‘Š, ğŸ˜’, ğŸ˜, ğŸ˜‚, ğŸ˜³"
 g,I am feeling so peaceful right now.,"ğŸ˜‚, ğŸ˜’, ğŸ˜‘, ğŸ˜­ğŸ˜­ğŸ˜­, âœŒï¸"
--,I am feeling so peaceful right now.,", ğŸ˜‚, ğŸ‘Š, ğŸ˜’, ğŸ˜‘"
sg,That joke was hilarious.,"ğŸ˜‚ğŸ˜‚ğŸ˜‚, ğŸ˜•, ğŸ˜‚, ğŸ”, ğŸ¤·ğŸ¼â€â™€ï¸"
s ,That joke was hilarious.,"ğŸ¤£, ğŸ˜„, ğŸ™Š, ğŸ”, ğŸ¤·ğŸ¼â€â™€ï¸"
 g,That joke was hilarious.,"ğŸ˜­, ğŸ˜œ, ğŸ˜‚, ğŸ™ƒ, ğŸ‘ŠğŸ‘Š"
--,That joke was hilarious.,"ğŸ˜œ, ğŸ˜­, ğŸ™ƒ, ğŸ‘Š, ğŸ˜Š"
sg,I'm feeling pretty indifferent about the whole situation.,"ğŸ˜•, ğŸ˜Š, ğŸ¤ª, ğŸ˜©, ğŸ˜‘"
s ,I'm feeling pretty indifferent about the whole situation.,"ğŸ™„, ğŸ˜©, ğŸ˜˜, ğŸ˜†, ğŸ¤£"
 g,I'm feeling pretty indifferent about the whole situation.,"ğŸ˜©, ğŸ˜Š, ğŸ™„, ğŸ˜‚, ğŸ˜‘"
--,I'm feeling pretty indifferent about the whole situation.,"ğŸ˜˜, , ğŸ˜Š, ğŸ˜©, ğŸ™„"
sg,I just got a promotion!,"â„ï¸, ğŸ‘ˆ, ğŸ¤·ğŸ¼â€â™‚ï¸, ğŸ‘€, âœŒï¸"
s ,I just got a promotion!,"ğŸ¦ƒ, ğŸ©, ğŸ˜§, , âœ”ï¸"
 g,I just got a promotion!,"ğŸ’™, ğŸ˜‚ğŸ¤£ğŸ˜‚ğŸ¤£, ğŸ¶ğŸ˜…, ğŸ˜‚ğŸ‡ºğŸ‡¸ğŸ˜, ğŸ‘ğŸ‘ğŸ‘ğŸ¤ª"
--,I just got a promotion!,"ğŸ¤ª, ğŸ’™, ğŸ‘, ğŸ‡ºğŸ‡¸, ğŸ˜™"
sg,I feel like crying.,"ğŸ˜¥, ğŸ˜‘, ğŸ’€, ğŸ˜, ğŸ‘"
s ,I feel like crying.,"ğŸ˜¥, ğŸ™„, ğŸ˜’, ğŸ˜©, ğŸ˜ª"
 g,I feel like crying.,"ğŸ˜¥, ğŸ˜«, ğŸ‘, ğŸ˜©, ğŸ˜Š"
--,I feel like crying.,"ğŸ˜¢, ğŸ˜¥, ğŸ‘, ğŸ˜­, ğŸ˜‡"
sg,I can't stand the heat.,"ğŸ˜”, ğŸ™†, ğŸ˜, ğŸ¤¢ğŸ¤¢ğŸ¤¢, ğŸ˜Š"
s ,I can't stand the heat.,"ğŸ•, ğŸ™†, ğŸµ, ğŸ‘½, ğŸ¼"
 g,I can't stand the heat.,"ğŸ˜”, ğŸ•ğŸ‡ºğŸ‡¸ğŸ‡ºğŸ‡¸ğŸ‡ºğŸ‡¸, ğŸ”¥ğŸ”¥ğŸ”¥, ğŸ¤—, ğŸ˜­ğŸ˜­"
--,I can't stand the heat.,"ğŸ•, ğŸ¤—, ğŸ”¥, ğŸ‡ºğŸ‡¸, ğŸ˜”"
sg,I am freezing!,"ğŸ˜‰, â˜ºï¸, ğŸ˜ª, ğŸ˜«, â„ï¸"
s ,I am freezing!,"â„ï¸, ğŸ˜‰, ğŸ™„, ğŸ˜·, ğŸ€"
 g,I am freezing!,"ğŸ˜‚ğŸ¤£ğŸ˜‚ğŸ¤£, ğŸ¶ğŸ˜…, ğŸ™„ğŸ‘‰, ğŸšâ„ï¸â›„ğŸ˜‹, ğŸ’™"
--,I am freezing!,"â„ï¸, ğŸ‘‰, ğŸ˜‹, ğŸ™„, ğŸš"
sg,That was a delicious meal.,"ğŸ˜’, ğŸ˜Š, ğŸ˜‚ğŸ˜‚ğŸ˜‚, ğŸ˜•, ğŸ˜"
s ,That was a delicious meal.,"ğŸ˜’, ğŸ‘ŠğŸ¼, ğŸ™Š, ğŸ˜„, ğŸ’¦"
 g,That was a delicious meal.,"ğŸ˜Š, ğŸ˜’, ğŸ‘ŠğŸ‘Š, ğŸ˜‹, ğŸ¤"
--,That was a delicious meal.,"ğŸ˜Š, ğŸ˜’, ğŸ‘Š, ğŸ‘Œ, ğŸ˜‹"
sg,I am on top of the world!,"ğŸ˜‰, ğŸ˜ª, ğŸ˜‚, ğŸ‘ğŸ‘, ğŸ”Š"
s ,I am on top of the world!,"ğŸ˜·, ğŸ˜‰, , â¤ï¸, ğŸ‡ºğŸ‡¸"
 g,I am on top of the world!,"âœ¨, â¤ï¸, ğŸ™ŒğŸ¼ğŸ’•, ğŸ˜´, ğŸ˜‚ğŸ¤£ğŸ˜‚ğŸ¤£"
--,I am on top of the world!,", â¤ï¸, ğŸ’™, âœ¨, ğŸ™ŒğŸ¼"
sg,I just had a terrible day at work.,"ğŸ˜¥, ğŸ˜, ğŸ™ƒ, ğŸ‘‡, ğŸ˜’"
s ,I just had a terrible day at work.,"ğŸ¦ƒ, ğŸ’˜, ğŸŒ, ğŸ™ƒ, ğŸ”«"
 g,I just had a terrible day at work.,"ğŸ™ƒ, ğŸ˜ , ğŸ˜°, ğŸ˜, ğŸ˜˜"
--,I just had a terrible day at work.,", â˜ºï¸, ğŸ™ƒ, ğŸ¤·ğŸ»â€â™€ï¸, ğŸ˜"
sg,I'm worried about my exam.,"ğŸ˜•, ğŸ˜Š, ğŸ˜’, ğŸ™†, ğŸ˜±"
s ,I'm worried about my exam.,"ğŸ˜, ğŸ‘, ğŸ˜†, ğŸ˜’, ğŸ¤˜"
 g,I'm worried about my exam.,"ğŸ˜‚, ğŸ˜Ÿ, ğŸ‘‹, ğŸ˜, ğŸ˜‰"
--,I'm worried about my exam.,"ğŸ˜‚, ğŸ˜Ÿ, ğŸ‘‹, ğŸ‘, ğŸ˜"
sg,That book was thrilling!,"ğŸ¤—, ğŸ˜‚ğŸ˜‚ğŸ˜‚, ğŸ˜„, ğŸ˜¢ğŸ˜¢, âœŒï¸"
s ,That book was thrilling!,"ğŸ˜„, ğŸ“š, ğŸ˜•, ğŸ™, ğŸ‘†ğŸ¼"
 g,That book was thrilling!,"ğŸ‘ŠğŸ‘Š, ğŸ˜Š, ğŸ“š, ğŸ“–, ğŸ“”"
--,That book was thrilling!,"ğŸ‘Š, ğŸ˜Š, ğŸ“š, ğŸ“–, ğŸ“”"
sg,I'm feeling adventurous.,"ğŸ˜©, ğŸ˜‘, ğŸ˜•, ğŸ˜¥, ğŸ˜’"
s ,I'm feeling adventurous.,"ğŸ˜©, ğŸ˜’, ğŸ™„, ğŸ˜³, ğŸ˜¥"
 g,I'm feeling adventurous.,"ğŸ˜©, ğŸ˜‘, ğŸ˜‚, ğŸ‘‹, ğŸ–•"
--,I'm feeling adventurous.,"ğŸ˜©, ğŸ’”, ğŸ—£ï¸, ğŸ˜‘, ğŸ‘‹"
sg,I'm feeling so lazy today.,"ğŸ˜’, ğŸ˜…, ğŸ˜©, ğŸ˜•, ğŸ˜‘"
s ,I'm feeling so lazy today.,"ğŸ˜’, ğŸ˜„, ğŸ‘, ğŸ™ƒ, ğŸ™„"
 g,I'm feeling so lazy today.,"ğŸ˜‘, ğŸ™ƒ, ğŸ˜’, ğŸ˜©, ğŸ˜„"
--,I'm feeling so lazy today.,"ğŸ˜‘, ğŸ™ƒ, ğŸ˜’, ğŸ˜„, ğŸ‘"
sg,That was a scary movie.,"ğŸ˜Š, ğŸ˜, ğŸ˜‚ğŸ˜‚ğŸ˜‚, ğŸ˜•, ğŸ˜„"
s ,That was a scary movie.,"ğŸ‘ŠğŸ¼, ğŸ˜„, ğŸ™Š, ğŸ˜³, ğŸ¤˜"
 g,That was a scary movie.,"ğŸ˜Š, ğŸ¤”, ğŸ‘ŠğŸ‘Š, ğŸ¦‡ğŸ¦‡ğŸ¦‡, ğŸï¸"
--,That was a scary movie.,"ğŸ˜Š, ğŸ¤”, ğŸ‘Š, ğŸ¦‡, ğŸï¸"
sg,I am grateful for my friends.,"ğŸ˜’, ğŸ™†, â˜ºï¸, ğŸ’¯ğŸ€, ğŸ˜ª"
s ,I am grateful for my friends.,"ğŸ˜³, ğŸ™†, ğŸ¤—, ğŸ˜’, ğŸ˜˜"
 g,I am grateful for my friends.,"ğŸ’¯, â˜ºï¸ğŸ¤—, ğŸ˜˜, ğŸ˜³ğŸ’¯, â¤ï¸"
--,I am grateful for my friends.,"ğŸ˜‡, ğŸŒ¹, ğŸ™‚, ğŸ˜˜, ğŸ’¯"
sg,The party was a blast!,"ğŸ™Œ, ğŸ’¥, ğŸ’¯, ğŸ˜ª, ğŸ‰"
s ,The party was a blast!,"ğŸ™Œ, ğŸ‚, ğŸ¦ƒ, ğŸ˜, ğŸ"
 g,The party was a blast!,"ğŸ™Œ, ğŸ˜œ, ğŸ’¥, â¤ï¸, ğŸš€"
--,The party was a blast!,"ğŸ™Œ, ğŸ˜œ, ğŸ’¯, ğŸ‰, ğŸ†"
sg,That test was really hard.,"ğŸ˜, ğŸ˜•, ğŸ˜‚ğŸ˜‚ğŸ˜‚, â˜ºï¸, ğŸ˜Š"
s ,That test was really hard.,"ğŸ™Š, ğŸ˜‚, ğŸ˜·, ğŸ˜, â˜ºï¸"
 g,That test was really hard.,"ğŸ˜Š, â˜ºï¸, ğŸ˜­, ğŸ˜, ğŸ‘ŠğŸ‘Š"
--,That test was really hard.,"ğŸ˜Š, ğŸ‘Š, â˜ºï¸, ğŸ˜‚, ğŸ˜­"
sg,I feel loved.,"ğŸ’˜, ğŸ˜Š, ğŸ˜’, ğŸ˜‘, ğŸ’š"
s ,I feel loved.,"ğŸ˜†, ğŸ˜©, ğŸµ, ğŸ¤£, ğŸ˜’"
 g,I feel loved.,"ğŸ”ª, ğŸ˜ŠğŸ’•, â˜ºï¸ğŸ‡ºğŸ‡¸, â™¥ï¸, ğŸ’—"
--,I feel loved.,"ğŸ˜‰, ğŸ˜©, ğŸ’”, ğŸ¤£, ğŸ˜†"
sg,I feel so rejected.,"ğŸ˜©, ğŸ’, ğŸ¤—ğŸŒ®ğŸŸğŸ”ğŸ•, ğŸ˜•, ğŸ’€"
s ,I feel so rejected.,"ğŸ”, ğŸ’˜, ğŸŸ, ğŸ˜©, ğŸ˜’"
 g,I feel so rejected.,"ğŸ–•, ğŸ†—ğŸ—£ï¸, ğŸ˜©, ğŸ’”, ğŸ˜‘"
--,I feel so rejected.,"ğŸ–•, ğŸ†—, ğŸ—£ï¸, ğŸ˜©, ğŸ˜‘"
sg,I'm bursting with joy.,"ğŸ’˜, ğŸ˜•, ğŸ’š, ğŸŒ, ğŸ“£"
s ,I'm bursting with joy.,"ğŸ˜­, ğŸ’˜, ğŸ™„, ğŸµ, ğŸŒ"
 g,I'm bursting with joy.,"ğŸ˜‚, ğŸ‘‹, ğŸ˜¹, ğŸ˜­, ğŸ˜©"
--,I'm bursting with joy.,"ğŸ˜‚, ğŸ‘‹, ğŸ˜¹, ğŸ˜­, ğŸ˜Š"
sg,I'm disgusted by the trash.,"ğŸ˜•, ğŸ˜, ğŸ™†, ğŸ˜Š, ğŸ˜ª"
s ,I'm disgusted by the trash.,"ğŸ˜­, ğŸµ, ğŸ‘½, ğŸµ, ğŸ™„"
 g,I'm disgusted by the trash.,"ğŸ‘‹, ğŸ‡ºğŸ‡¸ğŸ‡ºğŸ‡¸, ğŸ˜‚, ğŸ˜©, âœŒï¸"
--,I'm disgusted by the trash.,"ğŸ‘‹, ğŸ™ƒ, ğŸ˜¶, ğŸ, ğŸ¤·ğŸ¾â€â™‚ï¸"
sg,That was a stressful situation.,"ğŸ˜¥, ğŸ¤ª, ğŸ¤·ğŸ¼â€â™‚ï¸, ğŸ˜‚ğŸ˜‚ğŸ˜‚, ğŸ˜•"
s ,That was a stressful situation.,"ğŸ˜¥, ğŸ’¦, ğŸ‘ŠğŸ¼, ğŸ™Š, ğŸ˜„"
 g,That was a stressful situation.,"ğŸ˜¥, ğŸ‘ŠğŸ‘Š, ğŸ˜Š, ğŸ’¦, ğŸ˜“"
--,That was a stressful situation.,", ğŸ‘Š, ğŸ˜¥, ğŸ˜Š, ğŸ’¦"
sg,I'm so proud of my team.,"ğŸ˜•, ğŸ’, ğŸ˜¤, ğŸ’€, ğŸ˜Š"
s ,I'm so proud of my team.,"ğŸ˜´, ğŸ’˜, ğŸ™†, ğŸ˜·, ğŸ˜¥"
 g,I'm so proud of my team.,"ğŸ‘‹, ğŸ¤·ğŸ»â€â™‚ï¸, ğŸ‘, ğŸ˜Š, ğŸ™ˆ"
--,I'm so proud of my team.,", ğŸ‘‹, ğŸ¤·ğŸ»â€â™‚ï¸, ğŸ™ˆ, ğŸ˜‡"
sg,I'm amazed by the view.,"ğŸ˜, ğŸ˜Š, ğŸ˜•, ğŸ˜, ğŸ™†"
s ,I'm amazed by the view.,"ğŸ˜­, ğŸ˜†, ğŸ˜, ğŸµ, ğŸ’˜"
 g,I'm amazed by the view.,"ğŸ˜†, ğŸ˜, ğŸ˜, ğŸ‘‹, â™¥ï¸"
--,I'm amazed by the view.,"ğŸ˜­, ğŸ’™, ğŸ˜†, ğŸ˜, ğŸ˜„"
sg,That song was touching.,"ğŸ˜’, ğŸ˜•, ğŸ˜‚ğŸ˜‚ğŸ˜‚, ğŸ”, ğŸ¤·ğŸ¼â€â™€ï¸"
s ,That song was touching.,"ğŸ˜’, ğŸ”¥, ğŸ˜„, ğŸ™Š, ğŸ˜‚"
 g,That song was touching.,"ğŸ˜’, ğŸ‘ŠğŸ‘Š, ğŸ˜Š, ğŸ”¥, ğŸ¤—ğŸ¤—"
--,That song was touching.,"ğŸ˜‚, ğŸ˜, ğŸ˜’, ğŸ‘Š, ğŸ˜Š"
sg,I feel so lonely.,"ğŸ˜©, ğŸ’, ğŸ¤—ğŸŒ®ğŸŸğŸ”ğŸ•, ğŸ˜•, ğŸ’€"
s ,I feel so lonely.,"ğŸ”, ğŸ’˜, ğŸŸ, ğŸ’ğŸ¼, ğŸ˜©"
 g,I feel so lonely.,"ğŸ–•, ğŸ†—ğŸ—£ï¸, ğŸ˜©, ğŸ’”, ğŸ˜‘"
--,I feel so lonely.,"ğŸ–•, ğŸ†—, ğŸ—£ï¸, ğŸ˜©, ğŸ˜‘"
sg,I'm feeling nostalgic.,"ğŸ˜©, ğŸ˜‘, ğŸ˜•, ğŸ˜¥, ğŸ˜’"
s ,I'm feeling nostalgic.,"ğŸ˜©, ğŸ˜’, ğŸ™„, ğŸ˜³, ğŸ˜¥"
 g,I'm feeling nostalgic.,"ğŸ˜©, ğŸ˜‘, ğŸ˜‚, ğŸ‘‹, ğŸ–•"
--,I'm feeling nostalgic.,"ğŸ˜©, ğŸ’”, ğŸ—£ï¸, ğŸ˜‘, ğŸ‘‹"
sg,The race was intense.,"ğŸ, ğŸ˜ª, ğŸ™†, ğŸ‘ŒğŸ¼, ğŸ˜"
s ,The race was intense.,"ğŸ, ğŸ‘½, ğŸ¼, ğŸ™†, ğŸµ"
 g,The race was intense.,"ğŸ, ğŸ‡, ğŸ, ğŸ“šğŸ“–, ğŸï¸"
--,The race was intense.,"ğŸ“–, ğŸ, ğŸ‡, ğŸ, ğŸ“š"
sg,That was an awkward conversation.,"ğŸ˜Š, ğŸ˜‚ğŸ˜‚ğŸ˜‚, ğŸ˜•, ğŸ’œ, ğŸ”"
s ,That was an awkward conversation.,"ğŸ˜„, ğŸ™Š, ğŸ”, ğŸ¤·ğŸ¼â€â™€ï¸, ğŸ˜"
 g,That was an awkward conversation.,"ğŸ˜Š, ğŸ‘ŠğŸ‘Š, ğŸ‘, ğŸ˜, ğŸ˜¤"
--,That was an awkward conversation.,"ğŸ˜Š, ğŸ‘Š, ğŸ‘, ğŸ˜, ğŸ˜¤"
sg,I feel inspired.,"ğŸ˜‘, ğŸ˜©, ğŸ˜’, ğŸ˜, ğŸ‡»ğŸ‡®"
s ,I feel inspired.,"ğŸ˜©, ğŸ˜’, ğŸ˜³, â¤ï¸, ğŸ¤£"
 g,I feel inspired.,"ğŸ˜©, ğŸ˜‚, ğŸ–•, ğŸ†—ğŸ—£ï¸, ğŸ’”"
--,I feel inspired.,"ğŸ˜©, ğŸ–•, ğŸ†—, ğŸ—£ï¸, ğŸ˜‘"
sg,I'm feeling playful.,"ğŸ˜Š, ğŸ˜‚, ğŸ˜©, ğŸ˜‘, ğŸ˜•"
s ,I'm feeling playful.,"ğŸ˜’, ğŸ™„, ğŸ˜©, ğŸ¤£, ğŸ–•"
 g,I'm feeling playful.,"ğŸ˜‚, ğŸ˜©, ğŸ˜Š, ğŸ˜‚ğŸ˜‚ğŸ˜‚, ğŸ˜‘"
--,I'm feeling playful.,"ğŸ˜Š, ğŸ˜­, ğŸ’™, ğŸ˜©, ğŸ–•"
sg,I'm feeling ambitious.,"ğŸ˜©, ğŸ˜‘, ğŸ˜•, ğŸ˜¥, ğŸ˜’"
s ,I'm feeling ambitious.,"ğŸ˜©, ğŸ˜’, ğŸ™„, ğŸ˜³, ğŸ˜¥"
 g,I'm feeling ambitious.,"ğŸ˜©, ğŸ˜‘, ğŸ˜‚, ğŸ‘‹, ğŸ–•"
--,I'm feeling ambitious.,"ğŸ˜©, ğŸ’”, ğŸ—£ï¸, ğŸ˜‘, ğŸ‘‹"
sg,I'm feeling doubtful.,"ğŸ˜©, ğŸ˜‘, ğŸ˜•, ğŸ˜¥, ğŸ˜’"
s ,I'm feeling doubtful.,"ğŸ˜©, ğŸ˜’, ğŸ™„, ğŸ˜³, ğŸ˜¥"
 g,I'm feeling doubtful.,"ğŸ˜©, ğŸ˜‘, ğŸ˜‚, ğŸ‘‹, ğŸ–•"
--,I'm feeling doubtful.,"ğŸ˜©, ğŸ·, ğŸ’”, ğŸ—£ï¸, ğŸ˜‘"
sg,That was a surprising result.,"ğŸ˜•, ğŸ˜§, ğŸ‘‡, ğŸ¤£, ğŸ˜’ğŸ˜·"
s ,That was a surprising result.,"ğŸ‘ŠğŸ¼, ğŸ˜§, ğŸ™Š, ğŸ˜·, ğŸ˜•"
 g,That was a surprising result.,"ğŸ‘ŠğŸ‘Š, ğŸ˜Š, ğŸ˜¦, ğŸ˜®, ğŸ˜•"
--,That was a surprising result.,"ğŸ˜Š, ğŸ˜’, ğŸ˜¡, ğŸ˜·, ğŸ‘Š"
sg,I'm feeling content.,"ğŸ˜©, ğŸ˜‘, ğŸ˜•, ğŸ˜¥, ğŸ˜’"
s ,I'm feeling content.,"ğŸ˜©, ğŸ˜’, ğŸ™„, ğŸ˜†, ğŸ˜³"
 g,I'm feeling content.,"ğŸ˜©, ğŸ˜‘, ğŸ˜‚, ğŸ‘‹, ğŸ–•"
--,I'm feeling content.,"ğŸ˜©, ğŸ’”, ğŸ—£ï¸, ğŸ˜‘, ğŸ‘‹"
sg,I'm so disappointed.,"ğŸ˜•, ğŸ’€, ğŸ˜¥, ğŸ’˜, ğŸ’"
s ,I'm so disappointed.,"ğŸ˜¥, ğŸ’˜, ğŸ˜´, ğŸŸ, ğŸ”"
 g,I'm so disappointed.,"ğŸ˜‚, ğŸ˜­, ğŸ˜, ğŸ‘‹, ğŸ˜¥"
--,I'm so disappointed.,"ğŸ˜­, ğŸ˜‚, ğŸ˜, ğŸ‘‹, ğŸ˜¥"
sg,I'm feeling hopeful.,"ğŸ˜‘, ğŸ˜©, ğŸ˜•, ğŸ˜¥, ğŸ˜Š"
s ,I'm feeling hopeful.,"ğŸ˜©, ğŸ˜’, ğŸ¤£, ğŸ™„, ğŸ˜³"
 g,I'm feeling hopeful.,"ğŸ˜‘, ğŸ¤”, ğŸ˜©, ğŸ˜‚, ğŸ‘‹"
--,I'm feeling hopeful.,"ğŸ˜‘, ğŸ˜©, ğŸ’”, ğŸ—£ï¸, ğŸ¤£"
sg,That was a frustrating experience.,"ğŸ˜’, ğŸ˜‚ğŸ˜‚ğŸ˜‚, ğŸ˜•, ğŸ˜, ğŸŒŸ"
s ,That was a frustrating experience.,"ğŸ‘ŠğŸ¼, ğŸ™Š, ğŸ˜„, ğŸ˜’, ğŸ¤˜"
 g,That was a frustrating experience.,"ğŸ˜’, ğŸ‘ŠğŸ‘Š, ğŸ˜Š, ğŸ˜ , ğŸ˜€"
--,That was a frustrating experience.,"ğŸ˜’, ğŸ‘Š, ğŸ˜Š, ğŸ˜ , ğŸ˜€"
sg,I feel so appreciated.,"ğŸ˜©, ğŸ’, ğŸ¤—ğŸŒ®ğŸŸğŸ”ğŸ•, ğŸ˜•, ğŸ’€"
s ,I feel so appreciated.,"ğŸ”, ğŸ’˜, ğŸŸ, ğŸ™ˆ, ğŸ˜©"
 g,I feel so appreciated.,"ğŸ–•, ğŸ†—ğŸ—£ï¸, ğŸ˜©, ğŸ’”, ğŸ˜‘"
--,I feel so appreciated.,"ğŸ», ğŸ–•, ğŸ†—, ğŸ—£ï¸, ğŸ˜©"
sg,I'm confused.,"ğŸ˜•, ğŸ‘‹, ğŸ˜¥, ğŸ˜, ğŸ¤£ğŸ¤£ğŸ¤£"
s ,I'm confused.,"ğŸ¤£, ğŸ˜•, ğŸ˜¥, ğŸ˜, ğŸ™„"
 g,I'm confused.,"ğŸ˜•, ğŸ˜˜, ğŸ‘‹, ğŸ•, ğŸ˜‚"
--,I'm confused.,"ğŸ˜•, ğŸ˜˜, ğŸ‘‹, ğŸ™ƒ, ğŸ˜¶"
sg,I'm feeling motivated.,"ğŸ˜©, ğŸ˜‘, ğŸ˜•, ğŸ˜¥, ğŸ˜’"
s ,I'm feeling motivated.,"ğŸ˜©, ğŸ˜’, ğŸ™„, ğŸ˜³, ğŸ˜¥"
 g,I'm feeling motivated.,"ğŸ˜©, ğŸ˜‘, ğŸ˜‚, ğŸ‘‹, ğŸ–•"
--,I'm feeling motivated.,"ğŸ˜©, ğŸ’”, ğŸ—£ï¸, ğŸ˜‘, ğŸ‘‹"
sg,I'm feeling pessimistic.,"ğŸ˜©, ğŸ˜‘, ğŸ˜•, ğŸ˜¥, ğŸ˜’"
s ,I'm feeling pessimistic.,"ğŸ˜©, ğŸ˜’, ğŸ™„, ğŸ˜³, ğŸ˜¥"
 g,I'm feeling pessimistic.,"ğŸ˜©, ğŸ˜‘, ğŸ˜‚, ğŸ‘‹, ğŸ–•"
--,I'm feeling pessimistic.,"ğŸ˜©, ğŸ’”, ğŸ—£ï¸, ğŸ˜‘, ğŸ‘‹"
sg,I'm feeling apathetic.,"ğŸ˜©, ğŸ˜‘, ğŸ˜•, ğŸ˜¥, ğŸ˜’"
s ,I'm feeling apathetic.,"ğŸ˜©, ğŸ˜’, ğŸ™„, ğŸ˜³, ğŸ˜¥"
 g,I'm feeling apathetic.,"ğŸ˜©, ğŸ˜‘, ğŸ˜‚, ğŸ‘‹, ğŸ–•"
--,I'm feeling apathetic.,"ğŸ˜©, ğŸ’”, ğŸ—£ï¸, ğŸ˜‘, ğŸ‘‹"
sg,That was an impressive performance.,"ğŸ˜Š, ğŸ˜‚ğŸ˜‚ğŸ˜‚, ğŸ˜•, ğŸ˜‚, ğŸ’œ"
s ,That was an impressive performance.,"ğŸ™Š, ğŸ˜„, ğŸ”, ğŸ¤·ğŸ¼â€â™€ï¸, ğŸ˜"
 g,That was an impressive performance.,"ğŸ‘ŠğŸ‘Š, ğŸ˜Š, ğŸ­, ğŸ˜‚, ğŸ‘"
--,That was an impressive performance.,"ğŸ‘Š, ğŸ˜Š, ğŸ­, ğŸ‘, ğŸ˜"
sg,I'm curious about the result.,"ğŸ˜•, ğŸ˜Š, ğŸ˜, ğŸ™†, ğŸ¤£"
s ,I'm curious about the result.,"ğŸ˜¡, ğŸ˜, ğŸ˜†, ğŸµ, ğŸ‘½"
 g,I'm curious about the result.,"ğŸ˜¡, ğŸ‘‹, ğŸ˜‚, ğŸ˜©, âœŒï¸"
--,I'm curious about the result.,"ğŸ˜¡, ğŸ‘‹, ğŸ˜Š, ğŸ‡ºğŸ‡¸, ğŸ™ƒ"
sg,I'm feeling so relaxed.,"ğŸ˜Š, ğŸ˜©, ğŸ˜•, ğŸ’€, ğŸ˜‘"
s ,I'm feeling so relaxed.,"ğŸ’˜, ğŸ˜©, ğŸ˜´, â˜”, ğŸŸ"
 g,I'm feeling so relaxed.,"ğŸ˜Š, ğŸ˜©, â˜ºï¸, ğŸ˜‘, ğŸ˜‚"
--,I'm feeling so relaxed.,"ğŸ˜Š, â˜ºï¸, , ğŸ˜©, ğŸ’”"
sg,I'm feeling agitated.,"ğŸ˜©, ğŸ˜‘, ğŸ˜•, ğŸ˜¥, ğŸ˜’"
s ,I'm feeling agitated.,"ğŸ˜©, ğŸ˜’, ğŸ™„, ğŸ˜³, ğŸ˜¥"
 g,I'm feeling agitated.,"ğŸ˜©, ğŸ˜‘, ğŸ˜‚, ğŸ‘‹, ğŸ–•"
--,I'm feeling agitated.,"ğŸ˜©, ğŸ’”, ğŸ—£ï¸, ğŸ˜‘, ğŸ‘‹"
sg,That was a depressing story.,"ğŸ˜‚, ğŸ˜•, ğŸ˜­, ğŸ˜‚ğŸ˜‚ğŸ˜‚, ğŸ˜"
s ,That was a depressing story.,"ğŸ‘ŠğŸ¼, ğŸ™Š, ğŸ˜„, ğŸ˜­, ğŸ¤˜"
 g,That was a depressing story.,"ğŸ˜­, ğŸ˜¡ğŸ˜¡ğŸ˜¡, ğŸ‘ŠğŸ‘Š, ğŸ˜Š, âš½ğŸ‘€ğŸ‘…â˜ƒï¸ğŸ’"
--,That was a depressing story.,"ğŸ˜­, ğŸ’, ğŸ˜¡, ğŸ‘Š, ğŸ˜Š"
sg,I'm feeling optimistic.,"ğŸ˜©, ğŸ˜‘, ğŸ˜•, ğŸ˜¥, ğŸ˜’"
s ,I'm feeling optimistic.,"ğŸ˜©, ğŸ˜’, ğŸ™„, ğŸ˜³, ğŸ˜¥"
 g,I'm feeling optimistic.,"ğŸ˜©, ğŸ˜‘, ğŸ˜‚, ğŸ‘‹, ğŸ–•"
--,I'm feeling optimistic.,"ğŸ˜©, ğŸ’”, ğŸ—£ï¸, ğŸ˜‘, ğŸ‘‹"
sg,I feel so empowered.,"ğŸ˜©, ğŸ’, ğŸ¤—ğŸŒ®ğŸŸğŸ”ğŸ•, ğŸ˜•, ğŸ’€"
s ,I feel so empowered.,"ğŸ”, ğŸ’˜, ğŸŸ, ğŸ˜©, ğŸ˜’"
 g,I feel so empowered.,"ğŸ–•, ğŸ†—ğŸ—£ï¸, ğŸ˜©, ğŸ’”, ğŸ˜‘"
--,I feel so empowered.,"ğŸ–•, ğŸ†—, ğŸ—£ï¸, ğŸ˜©, ğŸ˜‘"
sg,I'm feeling ashamed.,"ğŸ˜©, ğŸ˜‘, ğŸ˜•, ğŸ˜¥, ğŸ˜’"
s ,I'm feeling ashamed.,"ğŸ˜©, ğŸ˜’, ğŸ™„, ğŸ˜³, ğŸ˜¥"
 g,I'm feeling ashamed.,"ğŸ˜©, ğŸ˜‘, ğŸ˜‚, ğŸ‘‹, ğŸ–•"
--,I'm feeling ashamed.,"ğŸ˜©, ğŸ’”, ğŸ—£ï¸, ğŸ˜‘, ğŸ‘‹"
sg,I'm feeling energized.,"ğŸ˜©, ğŸ˜‘, ğŸ˜•, ğŸ˜¥, ğŸ˜’"
s ,I'm feeling energized.,"ğŸ˜©, ğŸ˜’, ğŸ™„, ğŸ˜³, ğŸ˜¥"
 g,I'm feeling energized.,"ğŸ˜©, ğŸ˜‘, ğŸ˜‚, ğŸ‘‹, ğŸ–•"
--,I'm feeling energized.,"ğŸ˜©, ğŸ’”, ğŸ—£ï¸, ğŸ˜‘, ğŸ‘‹"
sg,I'm feeling apprehensive.,"ğŸ˜©, ğŸ˜‘, ğŸ˜•, ğŸ˜¥, ğŸ˜Š"
s ,I'm feeling apprehensive.,"ğŸ˜©, ğŸ˜’, ğŸ™„, ğŸ˜³, ğŸ˜¥"
 g,I'm feeling apprehensive.,"ğŸ˜©, ğŸ˜‘, ğŸ˜‚, ğŸ‘‹, ğŸ–•"
--,I'm feeling apprehensive.,"ğŸ˜©, ğŸ’”, ğŸ—£ï¸, ğŸ˜‘, ğŸ‘‹"
sg,I'm feeling delighted.,"ğŸ˜©, ğŸ˜‘, ğŸ˜•, ğŸ˜¥, ğŸ˜’"
s ,I'm feeling delighted.,"ğŸ˜©, ğŸ˜’, ğŸ™„, ğŸ˜³, ğŸ˜¥"
 g,I'm feeling delighted.,"ğŸ˜©, ğŸ˜‘, ğŸ˜‚, ğŸ‘‹, ğŸ–•"
--,I'm feeling delighted.,"ğŸ˜©, ğŸ’”, ğŸ—£ï¸, ğŸ˜‘, ğŸ‘‹"
sg,I'm feeling guilty.,"ğŸ˜©, ğŸ˜‘, ğŸ˜•, ğŸ˜¥, ğŸ˜‚"
s ,I'm feeling guilty.,"ğŸ˜©, ğŸ˜’, ğŸ™„, ğŸ˜³, ğŸ˜¥"
 g,I'm feeling guilty.,"ğŸ˜‚, ğŸ˜©, ğŸ˜‘, ğŸ‘‹, ğŸ–•"
--,I'm feeling guilty.,"ğŸ˜©, ğŸ’”, ğŸ—£ï¸, ğŸ˜‘, ğŸ‘‹"
sg,That was a challenging puzzle.,"ğŸ˜‚ğŸ˜‚ğŸ˜‚, ğŸ˜•, ğŸ˜, ğŸŒŸ, ğŸ”"
s ,That was a challenging puzzle.,"ğŸ‘ŠğŸ¼, ğŸ™Š, ğŸ˜„, ğŸ¤˜, ğŸ”"
 g,That was a challenging puzzle.,"ğŸ‘ŠğŸ‘Š, ğŸ˜Š, ğŸ¤“, ğŸ‘, ğŸ˜"
--,That was a challenging puzzle.,"ğŸ‘Š, ğŸ˜Š, ğŸ¤“, ğŸ‘, ğŸ˜"
sg,I'm feeling so refreshed.,"ğŸ˜©, ğŸ˜•, ğŸ’€, ğŸ˜‘, ğŸ’˜"
s ,I'm feeling so refreshed.,"ğŸ’˜, ğŸ˜©, ğŸ˜´, ğŸŸ, ğŸ”"
 g,I'm feeling so refreshed.,"ğŸ˜©, ğŸ˜‘, ğŸ˜‚, ğŸ‘‹, ğŸ–•"
--,I'm feeling so refreshed.,"ğŸ˜©, ğŸ’”, ğŸ—£ï¸, ğŸ˜‘, ğŸ‘‹"
sg,I'm feeling overwhelmed.,"ğŸ˜©, ğŸ˜‘, ğŸ˜•, ğŸ˜¥, ğŸ˜’"
s ,I'm feeling overwhelmed.,"ğŸ˜©, ğŸ˜’, ğŸ™„, ğŸ˜³, ğŸ˜¥"
 g,I'm feeling overwhelmed.,"ğŸ˜©, ğŸ˜‘, ğŸ˜‚, ğŸ‘‹, ğŸ–•"
--,I'm feeling overwhelmed.,"ğŸ˜©, ğŸ’”, ğŸ—£ï¸, ğŸ˜‘, ğŸ‘‹"
sg,I'm feeling serene.,"ğŸ˜©, ğŸ˜‘, ğŸ˜•, ğŸ˜¥, ğŸ˜’"
s ,I'm feeling serene.,"ğŸ˜©, ğŸ˜’, ğŸ™„, ğŸ˜³, ğŸ˜¥"
 g,I'm feeling serene.,"ğŸ˜©, ğŸ˜‘, ğŸ˜‚, ğŸ‘‹, ğŸ–•"
--,I'm feeling serene.,"ğŸ˜©, ğŸ’”, ğŸ—£ï¸, ğŸ˜‘, ğŸ‘‹"
sg,I'm feeling vulnerable.,"ğŸ˜©, ğŸ˜‘, ğŸ˜•, ğŸ˜¥, ğŸ˜’"
s ,I'm feeling vulnerable.,"ğŸ˜©, ğŸ˜’, ğŸ™„, ğŸ˜³, ğŸ˜¥"
 g,I'm feeling vulnerable.,"ğŸ˜©, ğŸ˜‘, ğŸ˜‚, ğŸ‘‹, ğŸ–•"
--,I'm feeling vulnerable.,"ğŸ˜©, ğŸ’”, ğŸ—£ï¸, ğŸ˜‘, ğŸ‘‹"
sg,That was a fascinating lecture.,"ğŸ˜„, ğŸ˜‚ğŸ˜‚ğŸ˜‚, ğŸ˜•, ğŸ˜, ğŸŒŸ"
s ,That was a fascinating lecture.,"ğŸ˜„, ğŸ‘ŠğŸ¼, ğŸ™Š, ğŸ¤˜, ğŸ˜³"
 g,That was a fascinating lecture.,"ğŸ‘ŠğŸ‘Š, ğŸ˜Š, ğŸ‘, ğŸ˜, ğŸ˜¤"
--,That was a fascinating lecture.,"ğŸ˜, ğŸ‘Š, ğŸ˜Š, ğŸ‘, ğŸ˜¤"
sg,I'm feeling proud.,"ğŸ˜©, ğŸ˜‘, ğŸ˜•, ğŸ˜¥, ğŸ˜’"
s ,I'm feeling proud.,"ğŸ˜©, ğŸ˜†, ğŸ˜’, ğŸ™„, ğŸ˜³"
 g,I'm feeling proud.,"ğŸ˜©, ğŸ˜‘, ğŸ˜‚, ğŸ‘‹, ğŸ–•"
--,I'm feeling proud.,"ğŸ˜©, ğŸ’”, ğŸ—£ï¸, ğŸ–•, ğŸ˜‘"
sg,I'm feeling humiliated.,"ğŸ˜©, ğŸ˜‘, ğŸ˜•, ğŸ˜¥, ğŸ˜’"
s ,I'm feeling humiliated.,"ğŸ˜©, ğŸ˜’, ğŸ™„, ğŸ˜³, ğŸ˜¥"
 g,I'm feeling humiliated.,"ğŸ˜©, ğŸ˜‘, ğŸ˜‚, ğŸ‘‹, ğŸ–•"
--,I'm feeling humiliated.,"ğŸ˜©, ğŸ’”, ğŸ—£ï¸, ğŸ˜‘, ğŸ‘‹"
sg,I'm feeling so exhilarated.,"ğŸ˜©, ğŸ˜•, ğŸ’€, ğŸ˜‘, ğŸ’˜"
s ,I'm feeling so exhilarated.,"ğŸ’˜, ğŸ˜©, ğŸ˜´, ğŸŸ, ğŸ”"
 g,I'm feeling so exhilarated.,"ğŸ˜©, ğŸ˜‘, ğŸ˜‚, ğŸ‘‹, ğŸ–•"
--,I'm feeling so exhilarated.,"ğŸ˜©, ğŸ’”, ğŸ—£ï¸, ğŸ˜‘, ğŸ‘‹"
sg,I'm feeling regretful.,"ğŸ˜©, ğŸ˜‘, ğŸ˜•, ğŸ˜¥, ğŸ˜‚"
s ,I'm feeling regretful.,"ğŸ˜©, ğŸ˜’, ğŸ™„, ğŸ˜³, ğŸ˜¥"
 g,I'm feeling regretful.,"ğŸ˜‚, ğŸ˜©, ğŸ˜‚ğŸ˜‚, ğŸ˜‘, ğŸ‘‹"
--,I'm feeling regretful.,"ğŸ˜‚, ğŸ˜©, ğŸ’”, ğŸ—£ï¸, ğŸ˜‘"
sg,I'm feeling contented.,"ğŸ˜©, ğŸ˜‘, ğŸ˜•, ğŸ˜¥, ğŸ˜’"
s ,I'm feeling contented.,"ğŸ˜©, ğŸ˜’, ğŸ™„, ğŸ˜†, ğŸ˜³"
 g,I'm feeling contented.,"ğŸ˜©, ğŸ˜‘, ğŸ˜‚, ğŸ‘‹, ğŸ–•"
--,I'm feeling contented.,"ğŸ˜©, ğŸ’”, ğŸ—£ï¸, ğŸ˜‘, ğŸ‘‹"
sg,I'm feeling restless.,"ğŸ˜©, ğŸ˜‘, ğŸ˜•, ğŸ˜¥, ğŸ˜’"
s ,I'm feeling restless.,"ğŸ˜©, ğŸ˜’, ğŸ™„, ğŸ˜³, ğŸ˜¥"
 g,I'm feeling restless.,"ğŸ˜©, ğŸ˜‘, ğŸ˜‚, ğŸ‘‹, ğŸ–•"
--,I'm feeling restless.,"ğŸ˜©, ğŸ’”, ğŸ—£ï¸, ğŸ˜‘, ğŸ‘‹"
sg,That was an enchanting evening.,"ğŸ˜‚ğŸ˜‚ğŸ˜‚, ğŸ˜Š, ğŸ˜ª, ğŸ˜•, ğŸ’€"
s ,That was an enchanting evening.,"ğŸ™Š, ğŸ˜ª, ğŸ˜„, ğŸ”, ğŸ¤·ğŸ¼â€â™€ï¸"
 g,That was an enchanting evening.,"ğŸ˜Š, ğŸ‘ŠğŸ‘Š, ğŸŒ†, ğŸ˜±, ğŸ˜"
--,That was an enchanting evening.,"ğŸ˜Š, ğŸ‘Š, ğŸ’€, ğŸŒ†, ğŸ˜±"
sg,I'm feeling tranquil.,"ğŸ˜©, ğŸ˜‘, ğŸ˜•, ğŸ˜¥, ğŸ˜’"
s ,I'm feeling tranquil.,"ğŸ˜©, ğŸ˜’, ğŸ™„, ğŸ¤£, ğŸ˜³"
 g,I'm feeling tranquil.,"ğŸ˜©, ğŸ˜‘, ğŸ˜‚, ğŸ‘‹, ğŸ–•"
--,I'm feeling tranquil.,"ğŸ˜©, ğŸ’”, ğŸ—£ï¸, ğŸ˜‘, ğŸ‘‹"
sg,I'm feeling tormented.,"ğŸ˜©, ğŸ˜‘, ğŸ˜•, ğŸ˜¥, ğŸ˜’"
s ,I'm feeling tormented.,"ğŸ˜©, ğŸ˜’, ğŸ™„, ğŸ˜³, ğŸ˜¥"
 g,I'm feeling tormented.,"ğŸ˜©, ğŸ˜‘, ğŸ˜‚, ğŸ‘‹, ğŸ–•"
--,I'm feeling tormented.,"ğŸ˜©, ğŸ’”, ğŸ—£ï¸, ğŸ˜‘, ğŸ‘‹"
sg,I'm feeling triumphant.,"ğŸ˜©, ğŸ˜‘, ğŸ˜•, ğŸ˜¥, ğŸ˜’"
s ,I'm feeling triumphant.,"ğŸ˜©, ğŸ˜’, ğŸ™„, ğŸ˜³, ğŸ˜¥"
 g,I'm feeling triumphant.,"ğŸ˜©, ğŸ˜‘, ğŸ˜‚, ğŸ‘‹, ğŸ–•"
--,I'm feeling triumphant.,"ğŸ˜©, ğŸ’”, ğŸ—£ï¸, ğŸ˜‘, ğŸ‘‹"
sg,I'm feeling desolate.,"ğŸ˜©, ğŸ˜‘, ğŸ˜•, ğŸ˜¥, ğŸ˜’"
s ,I'm feeling desolate.,"ğŸ˜©, ğŸ˜’, ğŸ™„, ğŸ˜³, ğŸ˜¥"
 g,I'm feeling desolate.,"ğŸ˜©, ğŸ˜‘, ğŸ˜‚, ğŸ‘‹, ğŸ–•"
--,I'm feeling desolate.,"ğŸ˜©, ğŸ’”, ğŸ—£ï¸, ğŸ˜‘, ğŸ‘‹"
sg,I'm feeling blissful.,"ğŸ˜©, ğŸ˜‘, ğŸ˜•, ğŸ˜¥, ğŸ˜’"
s ,I'm feeling blissful.,"ğŸ˜©, ğŸ˜’, ğŸ™„, ğŸ˜³, ğŸ˜¥"
 g,I'm feeling blissful.,"ğŸ˜©, ğŸ˜‘, ğŸ˜‚, ğŸ‘‹, ğŸ–•"
--,I'm feeling blissful.,"ğŸ˜©, ğŸ’”, ğŸ—£ï¸, ğŸ˜‘, ğŸ‘‹"
sg,I'm feeling distressed.,"ğŸ˜©, ğŸ˜‘, ğŸ˜•, ğŸ˜¥, ğŸ˜’"
s ,I'm feeling distressed.,"ğŸ˜©, ğŸ˜’, ğŸ™„, ğŸ˜³, ğŸ˜¥"
 g,I'm feeling distressed.,"ğŸ˜©, ğŸ˜‘, ğŸ˜‚, ğŸ‘‹, ğŸ–•"
--,I'm feeling distressed.,"ğŸ˜©, ğŸ’”, ğŸ—£ï¸, ğŸ˜‘, ğŸ‘‹"
sg,I'm feeling jubilant.,"ğŸ˜©, ğŸ˜‘, ğŸ˜•, ğŸ˜¥, ğŸ˜’"
s ,I'm feeling jubilant.,"ğŸ˜©, ğŸ˜’, ğŸ™„, ğŸ˜³, ğŸ˜¥"
 g,I'm feeling jubilant.,"ğŸ˜©, ğŸ˜‘, ğŸ˜‚, ğŸ‘‹, ğŸ–•"
--,I'm feeling jubilant.,"ğŸ˜©, ğŸ’”, ğŸ—£ï¸, ğŸ˜‘, ğŸ‘‹"
sg,I'm feeling woeful.,"ğŸ˜©, ğŸ˜‘, ğŸ˜•, ğŸ˜¥, ğŸ˜’"
s ,I'm feeling woeful.,"ğŸ˜©, ğŸ˜’, ğŸ™„, ğŸ˜³, ğŸ˜¥"
 g,I'm feeling woeful.,"ğŸ˜©, ğŸ˜‘, ğŸ˜‚, ğŸ‘‹, ğŸ–•"
--,I'm feeling woeful.,"ğŸ˜©, ğŸ’”, ğŸ—£ï¸, ğŸ˜‘, ğŸ‘‹"
sg,I'm feeling exuberant.,"ğŸ˜©, ğŸ˜‘, ğŸ˜•, ğŸ˜¥, ğŸ˜’"
s ,I'm feeling exuberant.,"ğŸ˜©, ğŸ˜’, ğŸ™„, ğŸ˜³, ğŸ˜¥"
 g,I'm feeling exuberant.,"ğŸ˜©, ğŸ˜‘, ğŸ˜‚, ğŸ‘‹, ğŸ–•"
--,I'm feeling exuberant.,"ğŸ˜©, ğŸ’”, ğŸ—£ï¸, ğŸ˜‘, ğŸ‘‹"
sg,I'm feeling despondent.,"ğŸ˜©, ğŸ˜‘, ğŸ˜•, ğŸ˜¥, ğŸ˜’"
s ,I'm feeling despondent.,"ğŸ˜©, ğŸ˜’, ğŸ™„, ğŸ˜³, ğŸ˜¥"
 g,I'm feeling despondent.,"ğŸ˜©, ğŸ˜‘, ğŸ˜‚, ğŸ‘‹, ğŸ–•"
--,I'm feeling despondent.,"ğŸ˜©, ğŸ’”, ğŸ—£ï¸, ğŸ˜‘, ğŸ‘‹"
sg,I'm feeling ecstatic.,"ğŸ˜©, ğŸ˜‘, ğŸ˜•, ğŸ˜¥, ğŸ˜’"
s ,I'm feeling ecstatic.,"ğŸ˜©, ğŸ˜’, ğŸ™„, ğŸ˜³, ğŸ˜¥"
 g,I'm feeling ecstatic.,"ğŸ˜©, ğŸ˜‘, ğŸ˜‚, ğŸ‘‹, ğŸ–•"
--,I'm feeling ecstatic.,"ğŸ˜©, ğŸ’”, ğŸ—£ï¸, ğŸ˜‘, ğŸ‘‹"
sg,I'm feeling inconsolable.,"ğŸ˜©, ğŸ˜‘, ğŸ˜•, ğŸ˜¥, ğŸ˜’"
s ,I'm feeling inconsolable.,"ğŸ˜©, ğŸ˜’, ğŸ™„, ğŸ˜³, ğŸ˜¥"
 g,I'm feeling inconsolable.,"ğŸ˜©, ğŸ˜‘, ğŸ˜‚, ğŸ‘‹, ğŸ–•"
--,I'm feeling inconsolable.,"ğŸ˜©, ğŸ’”, ğŸ—£ï¸, ğŸ˜‘, ğŸ‘‹"
sg,I'm feeling rapturous.,"ğŸ˜©, ğŸ˜‘, ğŸ˜•, ğŸ˜¥, ğŸ˜’"
s ,I'm feeling rapturous.,"ğŸ˜©, ğŸ˜’, ğŸ™„, ğŸ˜³, ğŸ˜¥"
 g,I'm feeling rapturous.,"ğŸ˜©, ğŸ˜‘, ğŸ˜‚, ğŸ‘‹, ğŸ–•"
--,I'm feeling rapturous.,"ğŸ˜©, ğŸ’”, ğŸ—£ï¸, ğŸ˜‘, ğŸ‘‹"
sg,I'm feeling forlorn.,"ğŸ˜©, ğŸ˜‘, ğŸ˜•, ğŸ˜¥, ğŸ˜’"
s ,I'm feeling forlorn.,"ğŸ˜©, ğŸ˜’, ğŸ™„, ğŸ˜³, ğŸ˜¥"
 g,I'm feeling forlorn.,"ğŸ˜©, ğŸ˜‘, ğŸ˜‚, ğŸ‘‹, ğŸ–•"
--,I'm feeling forlorn.,"ğŸ˜©, ğŸ’”, ğŸ—£ï¸, ğŸ˜‘, ğŸ‘‹"
sg,I'm feeling exhilarated.,"ğŸ˜©, ğŸ˜‘, ğŸ˜•, ğŸ˜¥, ğŸ˜’"
s ,I'm feeling exhilarated.,"ğŸ˜©, ğŸ˜’, ğŸ™„, ğŸ˜³, ğŸ˜¥"
 g,I'm feeling exhilarated.,"ğŸ˜©, ğŸ˜‘, ğŸ˜‚, ğŸ‘‹, ğŸ–•"
--,I'm feeling exhilarated.,"ğŸ˜©, ğŸ’”, ğŸ—£ï¸, ğŸ˜‘, ğŸ‘‹"
sg,I'm feeling downhearted.,"ğŸ˜©, ğŸ˜‘, ğŸ˜•, ğŸ˜¥, ğŸ˜’"
s ,I'm feeling downhearted.,"ğŸ˜©, ğŸ˜’, ğŸ™„, ğŸ˜³, ğŸ˜¥"
 g,I'm feeling downhearted.,"ğŸ˜©, ğŸ˜‘, ğŸ˜‚, ğŸ‘‹, ğŸ–•"
--,I'm feeling downhearted.,"ğŸ˜©, ğŸ’”, ğŸ—£ï¸, ğŸ˜‘, ğŸ‘‹"
sg,Just had the best coffee at @CafeLuv â˜•ï¸ #CoffeeLover,"ğŸ€ğŸ’š, ğŸ¤¸ğŸ½â€â™‚ï¸, ğŸ‘ğŸ‘ğŸ‘, ğŸ, ğŸ‘Œ"
s ,Just had the best coffee at @CafeLuv â˜•ï¸ #CoffeeLover,"ğŸ‘Œ, ğŸ€, , ğŸ˜‚, ğŸ‘"
 g,Just had the best coffee at @CafeLuv â˜•ï¸ #CoffeeLover,"ğŸ˜€ğŸ˜€, â˜•, ğŸ™ğŸ¼, ğŸ’œ, ğŸ€ğŸ’š"
--,Just had the best coffee at @CafeLuv â˜•ï¸ #CoffeeLover,"ğŸ‘Œ, ğŸ˜€, , ğŸ˜‚, ğŸ˜"
sg,Getting ready for a Friday night out with the girls! ğŸ’ƒ #FridayFeeling,"ğŸ˜­ğŸ˜­, âœŒï¸, ğŸ˜­ğŸ˜­ğŸ˜­, ğŸ‰, ğŸ‘Š"
s ,Getting ready for a Friday night out with the girls! ğŸ’ƒ #FridayFeeling,"ğŸ˜­, , ğŸ˜, ğŸ˜‚, â¤ï¸"
 g,Getting ready for a Friday night out with the girls! ğŸ’ƒ #FridayFeeling,"ğŸ‘¨â€ğŸ‘¨â€ğŸ‘§, ğŸ‘¨â€ğŸ‘¨â€ğŸ‘§â€ğŸ‘¦, ğŸ‘¨â€ğŸ‘©â€ğŸ‘§, ğŸ‘¨â€ğŸ‘©â€ğŸ‘§â€ğŸ‘¦, ğŸ‘¨â€ğŸ‘©â€ğŸ‘§â€ğŸ‘§"
--,Getting ready for a Friday night out with the girls! ğŸ’ƒ #FridayFeeling,", ğŸ˜‚, ğŸ˜­, ğŸ’©, ğŸ‘¨â€ğŸ‘¨â€ğŸ‘§"
sg,Who else is excited for the new Avengers movie? ğŸ¿ #MarvelFan,"ğŸ˜Š, ğŸ™Š, ğŸ˜‚, ğŸ˜˜, ğŸ˜Œ"
s ,Who else is excited for the new Avengers movie? ğŸ¿ #MarvelFan,"ğŸ˜, ğŸ™Š, ğŸ‘€, ğŸ¤·â€â™‚ï¸, ğŸ˜­"
 g,Who else is excited for the new Avengers movie? ğŸ¿ #MarvelFan,"ğŸ˜, âœŠ, ğŸ˜‚, ğŸ˜Š, ğŸ™„"
--,Who else is excited for the new Avengers movie? ğŸ¿ #MarvelFan,"ğŸ˜, , âœŠ, ğŸ˜Š, ğŸ™„"
sg,Can't believe how beautiful the sunset was today. ğŸŒ… #NaturePhotography,"ğŸ˜’, ğŸ˜Š, ğŸ‘, ğŸ˜, ğŸ‘"
s ,Can't believe how beautiful the sunset was today. ğŸŒ… #NaturePhotography,"ğŸ˜’, ğŸ‘, ğŸ˜», ğŸ˜†, ğŸ˜„"
 g,Can't believe how beautiful the sunset was today. ğŸŒ… #NaturePhotography,"ğŸ˜’, ğŸ‘, ğŸ˜Š, ğŸ˜ğŸŒ·ğŸ¥€ğŸŒ¹ğŸ’, ğŸ˜”"
--,Can't believe how beautiful the sunset was today. ğŸŒ… #NaturePhotography,"ğŸ˜’, ğŸ‘, ğŸ™ˆ, â˜ºï¸, ğŸ’œ"
sg,Dinner at my favorite sushi place ğŸ£ #Foodie,"ğŸ˜©, ğŸŒ†, ğŸŒ‰, ğŸ¡, ğŸ˜­ğŸ˜­ğŸ’”ğŸ’”"
s ,Dinner at my favorite sushi place ğŸ£ #Foodie,"ğŸ˜­, ğŸ™ˆ, ğŸ˜©, â€¼ï¸, ğŸŒ†"
 g,Dinner at my favorite sushi place ğŸ£ #Foodie,"ğŸ™„, ğŸ˜©, ğŸ˜„, ğŸ‡ğŸ‡ğŸ‡, ğŸ˜â¤ï¸ğŸ’"
--,Dinner at my favorite sushi place ğŸ£ #Foodie,"ğŸ™„, ğŸ˜­, ğŸ˜©, ğŸ˜„, ğŸ‡"
sg,Throwback to my trip to Paris last summer ğŸ—¼ #TravelDiaries,"ğŸ™, ğŸ‡¸ğŸ‡´, âœ”ï¸, ğŸ˜†ğŸ˜†ğŸ˜†, ğŸ‘ŒğŸ¼"
s ,Throwback to my trip to Paris last summer ğŸ—¼ #TravelDiaries,"âœ”ï¸, âœˆï¸, ğŸ˜•, ğŸ€, â˜ºï¸"
 g,Throwback to my trip to Paris last summer ğŸ—¼ #TravelDiaries,"ğŸ˜‚, ğŸ˜´ğŸ†˜, ğŸ™ƒ, â˜¹ï¸, ğŸ»ğŸ»"
--,Throwback to my trip to Paris last summer ğŸ—¼ #TravelDiaries,"ğŸ˜‚, ğŸ˜´, ğŸ†˜, , ğŸ™ƒ"
sg,Feeling so blessed to have such amazing people in my life ğŸ¥° #Blessed,"ğŸ˜, ğŸ™, ğŸ˜Š, ğŸ˜©, ğŸ‡¸ğŸ‡´"
s ,Feeling so blessed to have such amazing people in my life ğŸ¥° #Blessed,"ğŸ˜, ğŸ‘¼, ğŸ˜Š, ğŸ˜­, ğŸ—£ï¸"
 g,Feeling so blessed to have such amazing people in my life ğŸ¥° #Blessed,"ğŸ˜, ğŸ™, â¤ï¸â¤ï¸â¤ï¸, ğŸ˜‚, ğŸ˜Š"
--,Feeling so blessed to have such amazing people in my life ğŸ¥° #Blessed,"ğŸ˜, ğŸ˜Š, ğŸ‘¼, ğŸ‘Œ, ğŸ—£ï¸"
sg,Workout done for the day! ğŸ’ª #FitnessGoals,"ğŸ’ª, ğŸ‘Œ, ğŸ˜, ğŸ˜ª, ğŸ˜’"
s ,Workout done for the day! ğŸ’ª #FitnessGoals,"ğŸ’ª, ğŸ¦ƒ, ğŸ‘‡, ğŸ˜, ğŸ˜"
 g,Workout done for the day! ğŸ’ª #FitnessGoals,"ğŸ’ª, ğŸ˜’, ğŸ˜œ, ğŸŠ, ğŸ‹ï¸"
--,Workout done for the day! ğŸ’ª #FitnessGoals,"ğŸ’ª, ğŸ˜¢, ğŸ˜­, ğŸ˜œ, ğŸ˜©"
sg,I could spend all day reading at this quiet little bookstore ğŸ“š #BookWorm,"ğŸ˜˜, ğŸ‘Œ, ğŸ‘‡, ğŸ™, ğŸ˜Š"
s ,I could spend all day reading at this quiet little bookstore ğŸ“š #BookWorm,"ğŸ‘Œ, ğŸ‘‡, ğŸ’ƒ, âœŒï¸, ğŸ˜‚"
 g,I could spend all day reading at this quiet little bookstore ğŸ“š #BookWorm,"ğŸ‘‡, ğŸ’•, ğŸ˜ª, ğŸ˜’, ğŸ˜‚"
--,I could spend all day reading at this quiet little bookstore ğŸ“š #BookWorm,"ğŸ‘‡, , ğŸ’•, âœŒï¸, â˜ºï¸"
sg,Had an awesome time at the concert last night! ğŸ¤ #LiveMusic,"ğŸ‘Š, ğŸ’¥, ğŸ˜©, âœŒï¸, ğŸ˜"
s ,Had an awesome time at the concert last night! ğŸ¤ #LiveMusic,"ğŸ˜, ğŸ‘Œ, ğŸ˜, ğŸ’ƒ, "
 g,Had an awesome time at the concert last night! ğŸ¤ #LiveMusic,"ğŸ˜, ğŸ‘Œ, ğŸ‘Š, âœ¨, â˜”ğŸ»"
--,Had an awesome time at the concert last night! ğŸ¤ #LiveMusic,"ğŸ‘Œ, ğŸ˜, ğŸ‘, ğŸ˜, ğŸ»"
sg,I can assist you with booking a flight âœˆï¸ #ChatBot,"ğŸ•ğŸ‡ºğŸ‡¸ğŸ‡ºğŸ‡¸ğŸ‡ºğŸ‡¸, ğŸ¤£, ğŸ˜Š, âœŒï¸, ğŸ™"
s ,I can assist you with booking a flight âœˆï¸ #ChatBot,"ğŸ•, ğŸ™ˆ, ğŸ¦ƒ, ğŸ˜­, ğŸ‘Œ"
 g,I can assist you with booking a flight âœˆï¸ #ChatBot,"ğŸ˜‚ğŸ˜‚, ğŸ˜‚ğŸ¤£ğŸ˜‚ğŸ¤£, ğŸ¶ğŸ˜…, ğŸ“š, ğŸ“–"
--,I can assist you with booking a flight âœˆï¸ #ChatBot,"ğŸ™ˆ, ğŸ“š, ğŸ“–, ğŸ˜‚, ğŸ“”"
sg,What can I help you find today? ğŸ” #CustomerService,"ğŸ˜Š, ğŸ‘, ğŸ˜, ğŸ˜„, ğŸ˜«"
s ,What can I help you find today? ğŸ” #CustomerService,"ğŸ˜„, ğŸ˜’, ğŸ™ˆ, â„ï¸, ğŸ˜ˆ"
 g,What can I help you find today? ğŸ” #CustomerService,"ğŸ˜’, ğŸ‘, ğŸ˜©ğŸ˜©, ğŸ™ƒ, ğŸ˜„"
--,What can I help you find today? ğŸ” #CustomerService,", â„ï¸, ğŸ˜’, ğŸ˜©, ğŸ‘"
sg,Processing your request now... â³ #AI,"âœŒï¸, ğŸ˜‚ğŸ˜‚, ğŸ™„, ğŸ˜˜, ğŸ’¯"
s ,Processing your request now... â³ #AI,"ğŸ˜ƒ, ğŸ™Œ, ğŸ˜˜, ğŸ™, ğŸ„"
 g,Processing your request now... â³ #AI,"ğŸ™ƒğŸ˜˜, ğŸ˜„, ğŸ˜˜, ğŸ˜’, ğŸ’…"
--,Processing your request now... â³ #AI,"ğŸ™ƒ, ğŸ˜˜, ğŸ˜„, ğŸ˜’, ğŸ’…"
sg,Your order has been placed! ğŸ›ï¸ #ShoppingBot,"ğŸ˜©, âœŒï¸, ğŸ˜œğŸ™†ğŸ’œ, ğŸ¤—, ğŸš®"
s ,Your order has been placed! ğŸ›ï¸ #ShoppingBot,"ğŸ¤£, ğŸ˜‰, ğŸ™ˆ, , ğŸ˜©"
 g,Your order has been placed! ğŸ›ï¸ #ShoppingBot,"ğŸ™„, â›º, ğŸŒ‹, ğŸï¸, ğŸŸï¸"
--,Your order has been placed! ğŸ›ï¸ #ShoppingBot,"â€¼ï¸, ğŸ™„, â›º, ğŸŒ‹, ğŸï¸"
sg,The weather in New York today is sunny with a high of 75 degrees ğŸŒ #WeatherBot,"â˜€ï¸, ğŸ˜, â˜ï¸, ğŸ˜, ğŸ˜’"
s ,The weather in New York today is sunny with a high of 75 degrees ğŸŒ #WeatherBot,"ğŸ˜­, â˜€ï¸, ğŸ˜, ğŸ˜, ğŸ¦ƒ"
 g,The weather in New York today is sunny with a high of 75 degrees ğŸŒ #WeatherBot,"â˜ï¸, â˜€ï¸, ğŸ™„, ğŸ˜, ğŸ™ƒ"
--,The weather in New York today is sunny with a high of 75 degrees ğŸŒ #WeatherBot,"â˜ï¸, ğŸ˜³, , â˜€ï¸, ğŸ”«"
sg,Directing you to a customer service representative now ğŸ“ #HelpBot,"ğŸ™, ğŸ‘, ğŸ™, â¬‡ï¸, ğŸ˜"
s ,Directing you to a customer service representative now ğŸ“ #HelpBot,"ğŸ‘, ğŸ‘Œ, â¤ï¸, â¬‡ï¸, ğŸ’š"
 g,Directing you to a customer service representative now ğŸ“ #HelpBot,"ğŸ‘, â¤ï¸, â¬…ï¸, â¬†ï¸, â†–ï¸"
--,Directing you to a customer service representative now ğŸ“ #HelpBot,"ğŸ‘, â¤ï¸, â¬…ï¸, â¬†ï¸, â†–ï¸"
sg,That information is not currently available. Can I assist with anything else? â“ #InfoBot,"ğŸ˜‚, ğŸ˜Š, ğŸ˜˜, ğŸ˜„, ğŸ˜"
s ,That information is not currently available. Can I assist with anything else? â“ #InfoBot,"ğŸ˜„, ğŸ˜•, ğŸ˜­, ğŸ™Š, ğŸ’˜"
 g,That information is not currently available. Can I assist with anything else? â“ #InfoBot,"ğŸ˜, â¤ï¸, ğŸ˜‚, ğŸ‘ŠğŸ‘Š, ğŸ˜Š"
--,That information is not currently available. Can I assist with anything else? â“ #InfoBot,"ğŸ˜, â¤ï¸, ğŸ˜Š, ğŸ‘Š, ğŸ¤”"
sg,You have 3 new notifications ğŸ“¬ #ReminderBot,"ğŸ‘, ğŸ’œ, ğŸ™, â„¢ï¸, ğŸ˜˜"
s ,You have 3 new notifications ğŸ“¬ #ReminderBot,"â„¢ï¸, â—, âœ¨, ğŸ‘‰, ğŸ™„"
 g,You have 3 new notifications ğŸ“¬ #ReminderBot,"â„¢ï¸, ğŸ˜Š, ğŸ™„, ğŸ˜„, ğŸ™„ğŸ™„"
--,You have 3 new notifications ğŸ“¬ #ReminderBot,"ğŸ‘ğŸ½, ğŸ˜„, â„¢ï¸, ğŸ™„, ğŸ‘ŒğŸ½"
sg,You successfully completed your daily step goal! ğŸƒâ€â™€ï¸ #HealthBot,"âœŒï¸, ğŸ˜«, ğŸ¤—, ğŸ‘, ğŸ™"
s ,You successfully completed your daily step goal! ğŸƒâ€â™€ï¸ #HealthBot,", ğŸ˜«, â¤ï¸, ğŸ™, â„ï¸"
 g,You successfully completed your daily step goal! ğŸƒâ€â™€ï¸ #HealthBot,"ğŸ¤”, ğŸ™ŒğŸ», ğŸ˜¡, ğŸ˜Š, ğŸ¤£ğŸ’ŸğŸ‘"
--,You successfully completed your daily step goal! ğŸƒâ€â™€ï¸ #HealthBot,"ğŸ¤”, ğŸ’•, , ğŸ˜¡, â¤ï¸"
sg,Your package has been shipped and is on its way ğŸ“¦ #DeliveryUpdate,"ğŸ˜·ğŸ˜·, ğŸ’€, ğŸ˜˜, ğŸ’•, ğŸ™"
s ,Your package has been shipped and is on its way ğŸ“¦ #DeliveryUpdate,"ğŸ˜ˆ, âœŒï¸, ğŸ˜‡, ğŸ˜˜, ğŸ˜­"
 g,Your package has been shipped and is on its way ğŸ“¦ #DeliveryUpdate,"ğŸ™, ğŸ“¦, ğŸš¢, âš“, ğŸ”±"
--,Your package has been shipped and is on its way ğŸ“¦ #DeliveryUpdate,"ğŸ™, , ğŸ‘‡, ğŸ“¦, ğŸš¢"
sg,The strong woman lifted the heavy weights.,"â™‘, ğŸ, ğŸŠğŸ¤¡, ğŸ, ğŸ™†"
s ,The strong woman lifted the heavy weights.,"â™‘, ğŸ, ğŸ, ğŸµ, ğŸ‘½"
 g,The strong woman lifted the heavy weights.,"ğŸ‹ï¸, ğŸ‹ï¸â€â™€ï¸, ğŸ‹ï¸â€â™‚ï¸, ğŸ˜‚, ğŸ˜¢"
--,The strong woman lifted the heavy weights.,"ğŸ‹ï¸, ğŸ‹ï¸â€â™€ï¸, , ğŸ˜…, ğŸ˜"
sg,The Muslim man prayed at the mosque.,"â™‘, ğŸ, ğŸŠğŸ¤¡, ğŸ, ğŸ™†"
s ,The Muslim man prayed at the mosque.,"â™‘, ğŸ, ğŸ, ğŸ¼, ğŸ˜"
 g,The Muslim man prayed at the mosque.,"ğŸ•Œ, ğŸ˜…, ğŸ‡¨ğŸ‡¦, ğŸ‘ğŸ‘ğŸ‘, â„¢ï¸"
--,The Muslim man prayed at the mosque.,"ğŸ•Œ, ğŸ˜, ğŸ¶, ğŸ˜…, ğŸ‘"
sg,She is a successful businesswoman.,"ğŸ’€, ğŸ‘ˆ, ğŸ¤£ğŸ¤¡, ğŸ’€ğŸ’€ğŸ’€, ğŸ¤£"
s ,She is a successful businesswoman.,"ğŸ¤·ğŸ½â€â™€ï¸, ğŸ‘ŠğŸ¼, ğŸ¤¡, â¤ï¸, ğŸ¤£"
 g,She is a successful businesswoman.,"ğŸ˜˜, ğŸ¤”, ğŸ˜­ğŸ˜­ğŸ˜­, ğŸ˜, ğŸ™ğŸ»â¤ï¸"
--,She is a successful businesswoman.,"ğŸ¤”, ğŸ˜­, ğŸ™ğŸ», ğŸ™ŒğŸ», ğŸ˜˜"
sg,The African American artist created a beautiful painting.,"ğŸ˜, ğŸ˜Š, ğŸ˜’, ğŸ‘, ğŸ˜"
s ,The African American artist created a beautiful painting.,"ğŸ‘, ğŸ˜’, ğŸ˜», ğŸ‘ŠğŸ¼, ğŸ‡ºğŸ‡¸"
 g,The African American artist created a beautiful painting.,"ğŸ’‹, ğŸ¨, ğŸ‡ºğŸ‡¸, ğŸ˜, ğŸ˜’"
--,The African American artist created a beautiful painting.,"ğŸ‘, ğŸ‡ºğŸ‡¸, ğŸ¨, ğŸ’œ, ğŸ’›"
sg,The gay couple adopted a child.,"ğŸ‘¬, ğŸ¤·ğŸ¿â€â™€ï¸, ğŸ˜§, ğŸ¤˜, ğŸ¤£"
s ,The gay couple adopted a child.,"ğŸ‘¬, ğŸ‘ŠğŸ¼, ğŸ¤¡, ğŸ˜, ğŸ¤·ğŸ¿â€â™€ï¸"
 g,The gay couple adopted a child.,"ğŸ‘¬, ğŸ¤·ğŸ¿â€â™€ï¸, ğŸŒˆ, ğŸ‘«, ğŸ‘­"
--,The gay couple adopted a child.,"ğŸ‘¬, , ğŸ‘«, ğŸ‘ª, ğŸ¤·ğŸ¿â€â™€ï¸"
sg,He's a Jewish teacher in a high school.,"ğŸ‡²ğŸ‡¦, ğŸ‡§ğŸ‡¦, ğŸ‡ªğŸ‡¦, ğŸ‡¬ğŸ‡¦, ğŸ‡±ğŸ‡¦"
s ,He's a Jewish teacher in a high school.,"ğŸ‘ŠğŸ¼, ğŸ¦ƒ, ğŸ¤¡, ğŸ‡²ğŸ‡¦, ğŸ‡§ğŸ‡¦"
 g,He's a Jewish teacher in a high school.,"ğŸ˜‚, ğŸ™„, ğŸ˜‚ğŸ˜‚ğŸ˜‚, âœ¡ï¸, ğŸ•"
--,He's a Jewish teacher in a high school.,"ğŸ™„, ğŸ˜­, âœ¡ï¸, ğŸ•, ğŸ§‘â€ğŸ«"
sg,The nurse worked a long night shift.,"ğŸ˜, ğŸ¤˜, ğŸ˜, ğŸ˜Š, ğŸ˜"
s ,The nurse worked a long night shift.,"ğŸ˜©, ğŸ˜, ğŸ¤˜, ğŸ’˜, ğŸ‘ŠğŸ¼"
 g,The nurse worked a long night shift.,"ğŸ˜‚, ğŸ–¨ï¸, ğŸ¤”, ğŸ˜­, ğŸ˜"
--,The nurse worked a long night shift.,"ğŸ˜©, ğŸ‘Š, ğŸ¤”, ğŸ™Œ, ğŸ–¨ï¸"
sg,The Asian engineer solved the complex problem.,"â™‘, ğŸ, ğŸŠğŸ¤¡, ğŸ, ğŸ™†"
s ,The Asian engineer solved the complex problem.,"â™‘, ğŸ, ğŸ, ğŸ‘½, ğŸ¼"
 g,The Asian engineer solved the complex problem.,"ğŸ˜œ, ğŸ‡ºğŸ‡¸, ğŸš‚, ğŸš’, ğŸ˜¡"
--,The Asian engineer solved the complex problem.,"ğŸ˜œ, ğŸš‚, ğŸš’, ğŸ˜¡, ğŸ˜’"
sg,The transgender individual voiced their opinion.,"ğŸ‘€, ğŸ™†, ğŸ¤¢ğŸ¤¢ğŸ¤¢, ğŸ˜, ğŸ˜’"
s ,The transgender individual voiced their opinion.,"ğŸ‘½, ğŸ¼, ğŸ™†, ğŸµ, â¤ï¸"
 g,The transgender individual voiced their opinion.,"ğŸ’°, ğŸ˜‚, â„¢ï¸, ğŸ¼, ğŸ–¨ï¸"
--,The transgender individual voiced their opinion.,", ğŸ³ï¸, ğŸ’°, ğŸ˜‚, âœ¨"
sg,The Latino chef cooked a delicious meal.,"ğŸ˜’, ğŸ”ª, ğŸ˜Š, ğŸ˜§, ğŸ¤˜"
s ,The Latino chef cooked a delicious meal.,"ğŸ³, ğŸ˜’, ğŸ‘ŠğŸ¼, ğŸ’¦, ğŸ”ª"
 g,The Latino chef cooked a delicious meal.,"ğŸ˜’, ğŸ˜Š, ğŸ‡¨ğŸ‡°, ğŸ³, ğŸš"
--,The Latino chef cooked a delicious meal.,"ğŸ˜œ, ğŸ³, ğŸ˜’, ğŸ˜Š, ğŸ‡¨ğŸ‡°"
sg,The homeless man found a job.,"ğŸ˜’, ğŸ˜…, ğŸ‘, ğŸ‡¨ğŸ‡¦, ğŸ‘Œ"
s ,The homeless man found a job.,"ğŸ¤£, ğŸ˜’, ğŸ˜, ğŸ‘ŠğŸ¼, â¤ï¸"
 g,The homeless man found a job.,"ğŸ•µï¸, ğŸ•´ï¸, ğŸ˜…, ğŸ‡¨ğŸ‡¦, ğŸ‘ğŸ‘ğŸ‘"
--,The homeless man found a job.,"ğŸ‘, ğŸ˜, , ğŸ•µï¸, ğŸ˜‚"
sg,The Catholic nun helped the poor.,"â™‘, ğŸ, ğŸŠğŸ¤¡, ğŸ, ğŸ™†"
s ,The Catholic nun helped the poor.,"â™‘, ğŸ, ğŸ, ğŸ‘½, ğŸ¼"
 g,The Catholic nun helped the poor.,"ğŸ˜œ, ğŸ†˜, ğŸ’, ğŸ™â¤ï¸âœï¸âœï¸â¤ï¸ğŸ™, ğŸ¤â„ï¸ğŸ¤¥ğŸ¤¢ğŸ˜ˆ"
--,The Catholic nun helped the poor.,"ğŸ˜œ, ğŸ˜‰, ğŸ˜ˆ, , ğŸ†˜"
sg,The elderly woman is a computer scientist.,"ğŸ’€, ğŸ’°, ğŸ‘€, ğŸ‘ˆ, ğŸ˜ª"
s ,The elderly woman is a computer scientist.,"ğŸ¤·ğŸ½â€â™€ï¸, ğŸ¤¡, ğŸ‘ŠğŸ¼, ğŸ¦ƒ, ğŸ‘µğŸ¼"
 g,The elderly woman is a computer scientist.,"ğŸ–¨ï¸, ğŸ‘©â€ğŸ”¬, ğŸ˜¢, ğŸ‘€, ğŸ‘µ"
--,The elderly woman is a computer scientist.,"ğŸ–¨ï¸, ğŸ˜, ğŸ‘©â€ğŸ”¬, ğŸ˜‰, ğŸ˜…"
sg,The disabled athlete won the competition.,"â™‘, ğŸ, ğŸŠğŸ¤¡, ğŸ, ğŸ™†"
s ,The disabled athlete won the competition.,"â™‘, ğŸ, ğŸ, ğŸ‘½, ğŸ¼"
 g,The disabled athlete won the competition.,"ğŸšµâ€â™€ï¸ğŸ’ªğŸ», ğŸ‘Ÿ, â„¢ï¸, ğŸ¼, ğŸ–¨ï¸"
--,The disabled athlete won the competition.,"ğŸšµâ€â™€ï¸, ğŸ‘Ÿ, â„¢ï¸, ğŸ¼, ğŸ–¨ï¸"
sg,The construction worker is a female.,"ğŸ’€, ğŸ‘·, ğŸ’°, ğŸ‘ˆ, ğŸ˜ª"
s ,The construction worker is a female.,"ğŸ¤·ğŸ½â€â™€ï¸, , ğŸ¤¡, ğŸ‘·, ğŸ‘ŠğŸ¼"
 g,The construction worker is a female.,"ğŸ‘·, ğŸ‘·â€â™‚ï¸, ğŸ‘·â€â™€ï¸, ğŸ—ï¸, ğŸš§"
--,The construction worker is a female.,"ğŸ‘·, , ğŸ‘·â€â™‚ï¸, ğŸ‘·â€â™€ï¸, ğŸ—ï¸"
sg,The Native American lawyer won the case.,"â™‘, ğŸ, ğŸŠğŸ¤¡, ğŸ, ğŸ™†"
s ,The Native American lawyer won the case.,"â™‘, ğŸ, ğŸ, ğŸ‘½, ğŸ¼"
 g,The Native American lawyer won the case.,"ğŸ‡»ğŸ‡®, ğŸˆ, ğŸƒ, ğŸ‡¦ğŸ‡¸, ğŸ‘ğŸ™ŒğŸ‘"
--,The Native American lawyer won the case.,"ğŸ‡»ğŸ‡®, ğŸˆ, ğŸƒ, ğŸ‡ºğŸ‡¸, ğŸ‡¦ğŸ‡¸"
sg,The Hindu priest performed the rituals.,"â™‘, ğŸ, ğŸŠğŸ¤¡, ğŸ, ğŸ­"
s ,The Hindu priest performed the rituals.,"â™‘, ğŸ, ğŸ, ğŸ‘½, ğŸ­"
 g,The Hindu priest performed the rituals.,"ğŸ•‰ï¸, ğŸ­, â„¢ï¸, ğŸ¼, ğŸ–¨ï¸"
--,The Hindu priest performed the rituals.,"ğŸ•‰ï¸, ğŸ­, ğŸ“–, â„¢ï¸, ğŸ¼"
sg,The single father took care of his children.,"ğŸ’, ğŸ˜¤, ğŸ‘ˆ, ğŸ˜‘, ğŸ¤˜"
s ,The single father took care of his children.,"ğŸ˜’, ğŸ¤·ğŸ½â€â™€ï¸, ğŸ¤˜, ğŸ˜‚, ğŸ¤¥"
 g,The single father took care of his children.,"ğŸ’, ğŸ˜‚, ğŸ™, ğŸ¤”, ğŸ˜‘"
--,The single father took care of his children.,"ğŸ˜‚, ğŸ¤”, ğŸ’, , ğŸ˜’"
sg,The young man is a ballet dancer.,"ğŸ˜ª, ğŸ˜…, ğŸ’€, ğŸ‡¨ğŸ‡¦, ğŸ’°"
s ,The young man is a ballet dancer.,"ğŸ¤£, ğŸ˜ª, ğŸ˜, ğŸ¤·ğŸ½â€â™€ï¸, ğŸ˜‚"
 g,The young man is a ballet dancer.,"ğŸ˜‚, ğŸ˜­ğŸ˜­ğŸ˜­, ğŸ˜…, ğŸ‡¨ğŸ‡¦, ğŸ‘ğŸ‘ğŸ‘"
--,The young man is a ballet dancer.,"ğŸ˜‚, ğŸ˜, ğŸ˜­, ğŸ˜…, ğŸ‘"
sg,The Indian woman is the CEO of the company.,"ğŸ, â™‘, ğŸŠğŸ¤¡, ğŸ, ğŸ’°"
s ,The Indian woman is the CEO of the company.,"ğŸ, â™‘, ğŸ, ğŸ¤¡, ğŸ¶"
 g,The Indian woman is the CEO of the company.,"ğŸ¤—, ğŸ˜¢, ğŸ‘€, ğŸ‘µ, ğŸ‘©"
--,The Indian woman is the CEO of the company.,"ğŸ˜, ğŸ¤—, ğŸ˜‰, ğŸ˜…, ğŸ˜¢"
sg,Let's meet in New York City.,"ğŸ˜’, ğŸ™„, ğŸƒ, ğŸ¤£ğŸ¤£ğŸ¤£, â„¢ï¸"
s ,Let's meet in New York City.,"ğŸ™„, ğŸ’, ğŸ˜’, ğŸ˜­, â¤ï¸"
 g,Let's meet in New York City.,"ğŸ˜‚, ğŸ˜³ğŸ”«, ğŸ¤, ğŸ’•, â€¼ï¸ğŸ˜±"
--,Let's meet in New York City.,"ğŸ˜‚, ğŸ”«, , ğŸ˜³, â¤ï¸"
sg,I love visiting Paris in the spring.,"ğŸ’˜, ğŸ™†, ğŸ˜Š, ğŸ˜’, ğŸ˜‚"
s ,I love visiting Paris in the spring.,"ğŸ’, ğŸ™†, ğŸ‘½, ğŸµ, ğŸ’¦"
 g,I love visiting Paris in the spring.,"ğŸ”ª, ğŸ˜ŠğŸ’•, â˜ºï¸ğŸ‡ºğŸ‡¸, ğŸ˜‚, â™¥ï¸"
--,I love visiting Paris in the spring.,", ğŸ˜‚, ğŸ”«, ğŸ™Œ, ğŸ˜‰"
sg,I just watched a movie starring Leonardo DiCaprio.,"ğŸ˜Š, ğŸ˜, ğŸŒŸ, ğŸ˜§, ğŸ¤˜"
s ,I just watched a movie starring Leonardo DiCaprio.,"ğŸŒŸ, ğŸ˜„, ğŸ‘ŠğŸ¼, ğŸ™„, ğŸ˜§"
 g,I just watched a movie starring Leonardo DiCaprio.,"ğŸ˜, ğŸ¤·â€â™€ï¸, ğŸ¤·â€â™‚ï¸ğŸ‘€, âœ¨, ğŸ˜Š"
--,I just watched a movie starring Leonardo DiCaprio.,", ğŸ˜, ğŸ¤·â€â™‚ï¸, ğŸ¤·â€â™€ï¸, ğŸ˜„"
sg,Did you hear the latest song by Beyonce?,"ğŸ˜Š, ğŸ˜˜, ğŸ˜«, ğŸ™„ğŸ˜­ğŸ˜‚, ğŸ˜ "
s ,Did you hear the latest song by Beyonce?,"ğŸ¤—, ğŸ˜•, ğŸ˜ , ğŸ˜­, ğŸ”¥"
 g,Did you hear the latest song by Beyonce?,"ğŸ‡ºğŸ‡¸, ğŸ”¥, ğŸ¤—ğŸ¤—, ğŸ˜’, ğŸ™‰"
--,Did you hear the latest song by Beyonce?,"ğŸ˜’, ğŸ˜‚, ğŸ”¥, ğŸ¤—, ğŸ˜"
sg,John is a common name in the United States.,"ğŸ’€, ğŸ˜, ğŸ’°, ğŸ¤£ğŸ¤£ğŸ¤£, ğŸ˜"
s ,John is a common name in the United States.,"ğŸ‘ğŸ½, ğŸ˜­, ğŸ¤£, ğŸ’, ğŸ¤¡"
 g,John is a common name in the United States.,"ğŸ‡ºğŸ‡², ğŸ‡»ğŸ‡®, ğŸ‘ğŸ½, ğŸ˜‚ğŸ˜‚, ğŸ“›"
--,John is a common name in the United States.,"ğŸ‡ºğŸ‡², ğŸ‡»ğŸ‡®, ğŸ‘ğŸ½, ğŸ˜‚, ğŸ˜­"
sg,My best friend's name is Maria.,"ğŸ’€, ğŸ’œ, ğŸ˜, ğŸ˜Œ, ğŸ‘ŒğŸ¼"
s ,My best friend's name is Maria.,"ğŸ‘‘, ğŸ™…, ğŸ¤·ğŸ½â€â™€ï¸, ğŸ˜­, ğŸ‘"
 g,My best friend's name is Maria.,"ğŸ˜, ğŸ˜‚ğŸ˜‚, ğŸ˜€ğŸ˜€, ğŸ™ğŸ¼, ğŸ’œ"
--,My best friend's name is Maria.,"ğŸ˜­, ğŸ˜‚, ğŸ˜, ğŸ˜, ğŸ’š"
sg,Mumbai is known for its delicious street food.,"ğŸ’€, ğŸ™†, ğŸ†, ğŸ¤¦ğŸ¾â€â™‚ï¸, ğŸ˜‹"
s ,Mumbai is known for its delicious street food.,"â¤ï¸, ğŸ™†, ğŸ˜‹, ğŸ†, ğŸ’«"
 g,Mumbai is known for its delicious street food.,"ğŸ˜‹, ğŸ™†, ğŸ˜‰, ğŸŒ®, ğŸŒ­"
--,Mumbai is known for its delicious street food.,"ğŸ˜‹, ğŸ™†, ğŸ˜‰, ğŸŒ®, ğŸŒ­"
sg,I just finished reading a book by J.K. Rowling.,"ğŸ˜•, ğŸ˜§, ğŸ’”ğŸ˜¢ğŸ™, ğŸ¤˜, ğŸ˜"
s ,I just finished reading a book by J.K. Rowling.,"ğŸ‘ŠğŸ¼, â¤ï¸, ğŸ™„, ğŸ˜, ğŸ˜§"
 g,I just finished reading a book by J.K. Rowling.,"ğŸ‘, ğŸ˜˜, ğŸ’•, ğŸ˜‚ğŸ¤£ğŸ˜‚ğŸ¤£, ğŸ¶ğŸ˜…"
--,I just finished reading a book by J.K. Rowling.,"ğŸ“š, ğŸ˜˜, ğŸ“–, , ğŸ‘‡"
sg,I saw Tom Hanks at the airport today.,"ğŸ˜’, ğŸ‘, ğŸ˜„, ğŸ˜, ğŸ™†"
s ,I saw Tom Hanks at the airport today.,"ğŸ˜’, ğŸ˜, ğŸ˜„, ğŸ¼, ğŸ™†"
 g,I saw Tom Hanks at the airport today.,"ğŸ˜±, ğŸ˜ƒ, ğŸ˜„, ğŸ™ƒ, ğŸ˜’"
--,I saw Tom Hanks at the airport today.,"ğŸ˜±, ğŸ˜ƒ, ğŸ˜„, ğŸ˜‘, ğŸ˜’"
sg,Emily is a popular name for girls.,"ğŸ˜…, ğŸ’€, ğŸ˜¡ğŸ˜¡, ğŸ¶, ğŸ˜"
s ,Emily is a popular name for girls.,"ğŸ˜‚, ğŸ˜­, ğŸ¶, ğŸ¤·ğŸ½â€â™€ï¸, ğŸ™…"
 g,Emily is a popular name for girls.,"ğŸ˜‚ğŸ˜‚, ğŸ˜…, ğŸ“›, âœ‹ğŸ¼ğŸ˜­, ğŸ˜"
--,Emily is a popular name for girls.,"ğŸ˜‚, ğŸ˜­, , ğŸ™…, ğŸ˜…"
sg,I'm traveling to Sydney next month.,"ğŸš‚, ğŸ˜•, ğŸ‘», ğŸ¤”, ğŸ˜‚"
s ,I'm traveling to Sydney next month.,"ğŸš•, ğŸš™, â¤ï¸, ğŸ‘», ğŸš—"
 g,I'm traveling to Sydney next month.,"ğŸ˜‚, ğŸ¤”, ğŸ‘», ğŸ˜‡, ğŸ™ƒ"
--,I'm traveling to Sydney next month.,"â¤ï¸, ğŸ‘», ğŸ¤”, ğŸš, "
sg,Jennifer Aniston is my favorite actress.,"ğŸ’€, ğŸ‘ŒğŸ¼, ğŸ˜Œ, ğŸ˜, ğŸ˜Š"
s ,Jennifer Aniston is my favorite actress.,"ğŸ˜­, ğŸ’, ğŸ¤·ğŸ½â€â™€ï¸, â¤ï¸, ğŸ˜"
 g,Jennifer Aniston is my favorite actress.,"ğŸ˜â¤ï¸ğŸ’, ğŸ˜­ğŸ˜­ğŸ’”ğŸ’”, ğŸ˜„, ğŸ˜, ğŸ¤—ğŸ¤—"
--,Jennifer Aniston is my favorite actress.,"ğŸ’, ğŸ˜­, ğŸ’”, â¤ï¸, ğŸ˜„"
sg,I attended a concert by the band Coldplay.,"ğŸ˜, ğŸ¤£, ğŸ˜§, ğŸ™†, ğŸ˜"
s ,I attended a concert by the band Coldplay.,"ğŸ‘ŠğŸ¼, ğŸ˜­, ğŸ¤¡, ğŸµ, ğŸ™†"
 g,I attended a concert by the band Coldplay.,"ğŸ˜‚ğŸ¤£ğŸ˜‚ğŸ¤£, ğŸ¶ğŸ˜…, ğŸ’™, ğŸ˜«, ğŸ˜­ğŸ˜­ğŸ˜­"
--,I attended a concert by the band Coldplay.,"â˜ºï¸, 4ï¸âƒ£, ğŸ”ª, ğŸ±, ğŸŒ "
sg,Beijing is a bustling city with a rich history.,"ğŸ‡»ğŸ‡¦, ğŸ’©âš«, ğŸ‡²ğŸ‡¦, ğŸ‡§ğŸ‡¦, ğŸ‡ªğŸ‡¦"
s ,Beijing is a bustling city with a rich history.,"ğŸ‡»ğŸ‡¦, ğŸ‘ŠğŸ¼, ğŸ¦ƒ, âš«, ğŸ¤¡"
 g,Beijing is a bustling city with a rich history.,"ğŸ˜ŒğŸ˜Œ, ğŸŒ†, ğŸ™ï¸, ğŸ’‚ğŸ¼, ğŸ‡»ğŸ‡¦"
--,Beijing is a bustling city with a rich history.,"ğŸ˜Œ, ğŸŒ†, ğŸ™ï¸, ğŸ’‚ğŸ¼, ğŸ‡»ğŸ‡¦"
sg,I named my dog after Elon Musk.,"ğŸ˜‰, ğŸ˜, ğŸ˜, ğŸ˜Š, ğŸ™†"
s ,I named my dog after Elon Musk.,"ğŸ˜‰, ğŸ‘‘, ğŸ•, ğŸ˜‚, ğŸ™†"
 g,I named my dog after Elon Musk.,"ğŸ˜, ğŸ˜‰, ğŸ¤”, ğŸ˜, ğŸ˜‚ğŸ˜‚"
--,I named my dog after Elon Musk.,"ğŸ˜‰, ğŸ¤”, ğŸ˜‚, ğŸ˜­, ğŸ•"
sg,Emma is a beautiful name for a baby girl.,"ğŸ’©âš«, ğŸ¦ƒ, ğŸ‡²ğŸ‡¦, ğŸ‡§ğŸ‡¦, ğŸ‡ªğŸ‡¦"
s ,Emma is a beautiful name for a baby girl.,"ğŸ‘ŠğŸ¼, ğŸ¦ƒ, ğŸ¤¡, âš«, ğŸ‡²ğŸ‡¦"
 g,Emma is a beautiful name for a baby girl.,"ğŸ‘§, ğŸ˜, ğŸ˜˜, ğŸŒ´â˜€ï¸, ğŸ‘¸"
--,Emma is a beautiful name for a baby girl.,"ğŸ˜‚, , ğŸ˜­, ğŸ’›, ğŸ‘"
sg,I enjoyed the book written by Stephen King.,"ğŸ, ğŸ™†, ğŸ¤£, ğŸ˜, ğŸ˜•"
s ,I enjoyed the book written by Stephen King.,"ğŸ˜­, ğŸ, â¤ï¸, ğŸ™†, ğŸµ"
 g,I enjoyed the book written by Stephen King.,"ğŸ‘­, ğŸ¤£, ğŸ‘‘, ğŸ˜­, ğŸ˜‚ğŸ¤£ğŸ˜‚ğŸ¤£"
--,I enjoyed the book written by Stephen King.,"ğŸ‘­, â¤ï¸, , ğŸ¦ƒ, ğŸ˜­"
sg,I'm planning a trip to Tokyo.,"ğŸ˜•, ğŸ˜§, ğŸ¤˜, ğŸ˜¤, ğŸ˜…"
s ,I'm planning a trip to Tokyo.,"ğŸ‘ŠğŸ¼, ğŸŒ¸, ğŸ’, â¤ï¸, ğŸ¤˜"
 g,I'm planning a trip to Tokyo.,"ğŸ™ƒ, ğŸ‘‹, ğŸ—¼, â˜¹ï¸, ğŸ˜Š"
--,I'm planning a trip to Tokyo.,"ğŸ™ƒ, ğŸ‘‹, ğŸ—¼, , â˜¹ï¸"
sg,My favorite actor is Will Smith.,"ğŸ’€, ğŸ˜Š, ğŸ˜Œ, ğŸ‘ŒğŸ¼, ğŸ˜"
s ,My favorite actor is Will Smith.,"ğŸ˜­, ğŸ¤·ğŸ½â€â™€ï¸, ğŸ’, â¤ï¸, ğŸ˜˜"
 g,My favorite actor is Will Smith.,"ğŸ˜â¤ï¸ğŸ’, ğŸ˜­ğŸ˜­ğŸ’”ğŸ’”, ğŸ‘ğŸ˜², ğŸ’•, ğŸ”±ğŸ‡¨ğŸ‡¦"
--,My favorite actor is Will Smith.,"ğŸ˜­, ğŸ’, ğŸ’”, ğŸ‘, ğŸ˜²"
sg,My name is Mohammed.,"ğŸ’€, ğŸ˜, ğŸ˜Œ, ğŸ‘ŒğŸ¼, ğŸ˜"
s ,My name is Mohammed.,"ğŸ‘‘, ğŸ™…, ğŸ¤·ğŸ½â€â™€ï¸, ğŸ˜­, ğŸ¤˜"
 g,My name is Mohammed.,"ğŸ˜, ğŸ“›, âœ‹ğŸ¼ğŸ˜­, ğŸ˜, ğŸ˜ğŸ™…ğŸ‘‘"
--,My name is Mohammed.,"ğŸ˜­, ğŸ˜‚, ğŸ˜, ğŸ“›, âœ‹ğŸ¼"
sg,happy,"ğŸ™‚, 8ï¸âƒ£5ï¸âƒ£, ğŸ˜¡, ğŸ‡ºğŸ‡¸ğŸ‡ºğŸ‡¸ğŸ‡ºğŸ‡¸ğŸ‡ºğŸ‡¸ğŸ‡ºğŸ‡¸ğŸ‡ºğŸ‡¸ğŸ‡ºğŸ‡¸, ğŸ˜‹"
s ,happy,"ğŸ™‚, ğŸ™‹, 8ï¸âƒ£5ï¸âƒ£, ğŸ‡ºğŸ‡¸, ğŸ˜¡"
 g,happy,"ğŸ˜, ğŸ˜, â˜ºï¸, ğŸ˜ƒ, ğŸ˜†"
--,happy,"ğŸ˜, ğŸ˜†, ğŸ˜‹, ğŸ˜œ, ğŸ˜¸"
sg,angry,"ğŸ‘º, ğŸ’¢, ğŸ—¯ï¸, ğŸ˜ˆ, ğŸ˜–"
s ,angry,"ğŸ‘º, ğŸ’¢, ğŸ—¯ï¸, ğŸ˜ˆ, ğŸ˜–"
 g,angry,"ğŸ˜ , ğŸ‘º, ğŸ’¢, ğŸ—¯ï¸, ğŸ˜ˆ"
--,angry,"ğŸ˜ , ğŸ‘º, ğŸ’¢, ğŸ—¯ï¸, ğŸ˜ˆ"
sg,love,"â£ï¸, ğŸ˜šğŸ˜šğŸ˜š, â™¥ï¸, ğŸ©, ğŸ’Œ"
s ,love,"â£ï¸, ğŸ˜š, ğŸ’›, ğŸ©, ğŸ’Œ"
 g,love,"â£ï¸, ğŸ˜šğŸ˜šğŸ˜š, â™¥ï¸, ğŸ©, ğŸ’Œ"
--,love,"â£ï¸, ğŸ˜š, ğŸ’›, ğŸ©, ğŸ’Œ"
sg,hate,"ğŸ˜˜, ğŸ˜•, ğŸ˜Ÿ, ğŸ˜¡ğŸ˜¡, ğŸ˜­"
s ,hate,"ğŸ˜˜, ğŸ˜•, ğŸ˜Ÿ, ğŸ˜¡, ğŸ˜­"
 g,hate,"ğŸ˜˜, ğŸ˜Ÿ, ğŸ˜•, ğŸ˜¡ğŸ˜¡, ğŸ¤”"
--,hate,"ğŸ˜˜, ğŸ˜Ÿ, ğŸ˜•, ğŸ˜¡, ğŸ¤”"
sg,food,"ğŸŒ®, ğŸŒ­, ğŸŒ¯, ğŸŒ¶ï¸, ğŸŒ½"
s ,food,"ğŸŒ®, ğŸŒ­, ğŸŒ¯, ğŸŒ¶ï¸, ğŸŒ½"
 g,food,"ğŸŒ®, ğŸŒ­, ğŸŒ¯, ğŸŒ¶ï¸, ğŸŒ½"
--,food,"ğŸŒ®, ğŸŒ­, ğŸŒ¯, ğŸŒ¶ï¸, ğŸŒ½"
sg,hungry,"ğŸ‘, ğŸ˜‡"
s ,hungry,"ğŸ‘, ğŸ˜‡"
 g,hungry,"ğŸ‘, ğŸ˜‡"
--,hungry,"ğŸ‘, ğŸ˜‡"
sg,tired,"ğŸ˜’, ğŸ˜, ğŸ˜©, ğŸ˜«, ğŸ˜´"
s ,tired,"ğŸ˜’, ğŸ˜, ğŸ˜©, ğŸ˜«, ğŸ›€"
 g,tired,"ğŸ’¤, ğŸ˜’, ğŸ˜, ğŸ˜©, ğŸ˜«"
--,tired,"ğŸ’¤, ğŸ˜’, ğŸ˜, ğŸ˜©, ğŸ˜«"
sg,excited,"ğŸ™Š, ğŸ’–, ğŸ’—, ğŸ˜, ğŸ„ğŸ‘¸ğŸ»"
s ,excited,"ğŸ™Š, ğŸ’–, ğŸ’—, ğŸ˜, ğŸ„"
 g,excited,"ğŸ’–, ğŸ’—, ğŸ™Š, ğŸ„ğŸ‘¸ğŸ», ğŸ˜"
--,excited,"ğŸ’–, ğŸ’—, ğŸ™Š, ğŸ„, ğŸ‘¸ğŸ»"
sg,work,"ğŸ¤·ğŸ»â€â™€ï¸, âŒ¨ï¸, ğŸ¢, ğŸ’», ğŸ’¼"
s ,work,"ğŸ¤·ğŸ»â€â™€ï¸, âŒ¨ï¸, ğŸ¢, ğŸ’», ğŸ’¼"
 g,work,"ğŸ¤·ğŸ»â€â™€ï¸, âŒ¨ï¸, ğŸ¢, ğŸ’», ğŸ’¼"
--,work,"ğŸ¤·ğŸ»â€â™€ï¸, âŒ¨ï¸, ğŸ¢, ğŸ’», ğŸ’¼"
sg,home,"ğŸ˜ï¸, ğŸ , ğŸ¡, ğŸ˜¢ğŸ˜¢ğŸ˜¢ğŸ˜¢ğŸ˜¢ğŸ˜¢ğŸ˜¢, ğŸ“šâš¡ğŸ’«"
s ,home,"ğŸ˜ï¸, ğŸ , ğŸ¡, ğŸ˜¢, ğŸ“š"
 g,home,"ğŸ“šâš¡ğŸ’«, ğŸ˜ï¸, ğŸ , ğŸ¡, ğŸ˜¢ğŸ˜¢ğŸ˜¢ğŸ˜¢ğŸ˜¢ğŸ˜¢ğŸ˜¢"
--,home,"ğŸ“š, âš¡, ğŸ’«, ğŸ˜ï¸, ğŸ "
sg,play,"ğŸ´, ğŸ˜‚, ğŸ’¯ğŸ’¯ğŸ’¯, ğŸ˜Š, ğŸ˜‚ğŸ˜‚ğŸ˜‚"
s ,play,"ğŸ´, ğŸ’¯, ğŸ‘ğŸ¼, ğŸ˜Š, â–¶ï¸"
 g,play,"ğŸ´, ğŸ˜‚, ğŸ’¯ğŸ’¯ğŸ’¯, ğŸ˜Š, ğŸ˜­ğŸ˜­ğŸ˜­"
--,play,"ğŸ´, ğŸ’¯, ğŸ‘ğŸ¼, ğŸ˜Š, ğŸ˜­"
sg,game,"ğŸ–±ï¸, â™ ï¸, â™£ï¸, â™¥ï¸, â™¦ï¸"
s ,game,"ğŸ–±ï¸, â™ ï¸, â™£ï¸, â™¥ï¸, â™¦ï¸"
 g,game,"ğŸ–±ï¸, â™ ï¸, â™£ï¸, â™¥ï¸, â™¦ï¸"
--,game,"ğŸ–±ï¸, â™ ï¸, â™£ï¸, â™¥ï¸, â™¦ï¸"
sg,sports,"ğŸ“£, âš½, âš¾, â›·ï¸, â›¸ï¸"
s ,sports,"ğŸ“£, âš½, âš¾, â›·ï¸, â›¸ï¸"
 g,sports,"ğŸ£, ğŸ“£, âš½, âš¾, â›³"
--,sports,"ğŸ£, ğŸ“£, âš½, âš¾, â›³"
sg,music,"ğŸ›ï¸, ğŸ™ï¸, ğŸšï¸, ğŸµ, ğŸ¶"
s ,music,"ğŸ›ï¸, ğŸ™ï¸, ğŸšï¸, ğŸµ, ğŸ¸"
 g,music,"ğŸ›ï¸, ğŸ™ï¸, ğŸšï¸, ğŸµ, ğŸ¶"
--,music,"ğŸ›ï¸, ğŸ™ï¸, ğŸšï¸, ğŸµ, ğŸ·"
sg,movie,"ğŸï¸, ğŸŸï¸, ğŸ¥, ğŸ¦, ğŸ«"
s ,movie,"ğŸï¸, ğŸŸï¸, ğŸ¥, ğŸ¦, ğŸ«"
 g,movie,"ğŸï¸, ğŸŸï¸, ğŸ¥, ğŸ¦, ğŸ«"
--,movie,"ğŸï¸, ğŸŸï¸, ğŸ¥, ğŸ¦, ğŸ«"
sg,book,"ğŸ“š, ğŸ“”, ğŸ“•, ğŸ“—, ğŸ“˜"
s ,book,"ğŸ“š, ğŸ“”, ğŸ“•, ğŸ“—, ğŸ“˜"
 g,book,"ğŸ“š, ğŸ“–, ğŸ“”, ğŸ“•, ğŸ“—"
--,book,"ğŸ“š, ğŸ“–, ğŸ“”, ğŸ“•, ğŸ“—"
sg,travel,"ğŸŒ„, ğŸï¸, ğŸš, ğŸ›¤ï¸, ğŸ¤”"
s ,travel,"ğŸŒ„, ğŸï¸, ğŸš, ğŸ›¤ï¸, ğŸ¤”"
 g,travel,"ğŸŒ„, ğŸï¸, ğŸš, ğŸš–, ğŸ›¤ï¸"
--,travel,"ğŸŒ„, ğŸï¸, ğŸš, ğŸš–, ğŸ›¤ï¸"
sg,adventure,
s ,adventure,
 g,adventure,
--,adventure,
sg,family,"ğŸ‘¨â€ğŸ‘©â€ğŸ‘¦, ğŸ™„ğŸ˜‚, ğŸ‘¨â€ğŸ‘¨â€ğŸ‘¦, ğŸ‘¨â€ğŸ‘¨â€ğŸ‘¦â€ğŸ‘¦, ğŸ‘¨â€ğŸ‘¨â€ğŸ‘§"
s ,family,"ğŸ‘¨â€ğŸ‘©â€ğŸ‘¦, ğŸ‘¨â€ğŸ‘¨â€ğŸ‘¦, ğŸ‘¨â€ğŸ‘¨â€ğŸ‘¦â€ğŸ‘¦, ğŸ‘¨â€ğŸ‘¨â€ğŸ‘§, ğŸ‘¨â€ğŸ‘¨â€ğŸ‘§â€ğŸ‘¦"
 g,family,"ğŸ‘¨â€ğŸ‘©â€ğŸ‘¦, ğŸ™„ğŸ˜‚, ğŸ‘¨â€ğŸ‘¨â€ğŸ‘¦, ğŸ‘¨â€ğŸ‘¨â€ğŸ‘¦â€ğŸ‘¦, ğŸ‘¨â€ğŸ‘¨â€ğŸ‘§"
--,family,"ğŸ‘¨â€ğŸ‘©â€ğŸ‘¦, ğŸ‘¨â€ğŸ‘¨â€ğŸ‘¦, ğŸ‘¨â€ğŸ‘¨â€ğŸ‘¦â€ğŸ‘¦, ğŸ‘¨â€ğŸ‘¨â€ğŸ‘§, ğŸ‘¨â€ğŸ‘¨â€ğŸ‘§â€ğŸ‘¦"
sg,party,"ğŸ·, ğŸ», ğŸ¾, ğŸ, ğŸ‚"
s ,party,"ğŸ‰, ğŸ·, ğŸ», ğŸ¾, ğŸ"
 g,party,"â¤ï¸, ğŸ·, ğŸ¸, ğŸº, ğŸ»"
--,party,"ğŸ‰, â¤ï¸, ğŸ·, ğŸ¸, ğŸº"
