sg,I'm feeling happy.,"ğŸ“–, ğŸ¥², ğŸŒ‘, ğŸ¤”ğŸ¤”, ğŸ¤ğŸ½"
s ,I'm feeling happy.,"ğŸ“¸, ğŸ’», ğŸƒ, ğŸ’¤, ğŸ‘¨"
 g,I'm feeling happy.,"ğŸ§, ğŸ®, ğŸª, ğŸ™„, ğŸ¶"
--,I'm feeling happy.,"ğŸª, ğŸ´, ğŸ“¸, ğŸ˜Ÿ, ğŸ”·"
sg,I'm feeling very sad.,"ğŸ®, ğŸ’¯, ğŸ˜¹, ğŸ€, ğŸ‘‰ğŸ‘ˆ"
s ,I'm feeling very sad.,"ğŸ‘¨, â˜ï¸, ğŸº, ğŸ‘ŒğŸ¾, ğŸ¶"
 g,I'm feeling very sad.,"ğŸ®, ğŸ™„, ğŸŒŠ, ğŸ§, ğŸ˜«"
--,I'm feeling very sad.,"ğŸ‘, ğŸ´, ğŸ¤›, ğŸ‘¨, ğŸ”·"
sg,I'm angry with you.,"â˜¹ï¸, â¤ï¸, ğŸ˜¬, ğŸ˜”, ğŸ€"
s ,I'm angry with you.,"ğŸ™‹, ğŸŠ, ğŸ˜¬, ğŸ™ŒğŸ¼, ğŸ˜”"
 g,I'm angry with you.,"ğŸ˜”, ğŸ˜«, ğŸ˜­, ğŸ˜, ğŸ˜‚ğŸ˜‚"
--,I'm angry with you.,"ğŸ˜¬, ğŸ˜¤, ğŸ‘¹, ğŸ˜ , ğŸ˜"
sg,I love pizza.,"âœ”ï¸, â¤ï¸, ğŸš¨, ğŸŒµ, ğŸ˜­ğŸ™ŒğŸ¾"
s ,I love pizza.,"ğŸ•, âœ”ï¸, ğŸŒ¿, ğŸ¤®, ğŸ¸"
 g,I love pizza.,"âœ”ï¸, ğŸ¤˜ğŸ˜, ğŸŒ™, ğŸ˜…ğŸ¤ŒğŸ¼, ğŸš¬"
--,I love pizza.,"âœ–ï¸, ğŸ’˜, âœ”ï¸, ğŸ, ğŸ¥²"
sg,I dislike broccoli.,"ğŸ˜, ğŸ‘ğŸ¾, ğŸ™ŒğŸ¼, ğŸŒ¹, ğŸ‘ğŸ½"
s ,I dislike broccoli.,"ğŸ¥¦, ğŸ˜›, ğŸŒ¹, ğŸ™ŒğŸ¼, âœŒï¸"
 g,I dislike broccoli.,"ğŸ˜, ğŸŒš, ğŸ™„, ğŸ‘ğŸ», ğŸµ"
--,I dislike broccoli.,"ğŸ˜, ğŸƒ, ğŸ‘ğŸ¼, ğŸŒš, ğŸ™„"
sg,The sunrise this morning was beautiful.,"â˜€ï¸, ğŸ‘ğŸ¾ğŸ™ŒğŸ¾, ğŸ¤”, ğŸ¤Œ, ğŸ¹"
s ,The sunrise this morning was beautiful.,"ğŸ¬, ğŸ«, ğŸŒ¤ï¸, ğŸ”’, ğŸŒ™"
 g,The sunrise this morning was beautiful.,"â˜€ï¸, ğŸ˜Œ, ğŸ™ğŸ», ğŸŒ¿, ğŸ¤Œ"
--,The sunrise this morning was beautiful.,"â˜€ï¸, ğŸ¬, ğŸŒ¤ï¸, ğŸ¤ŒğŸ½, ğŸ˜Œ"
sg,"It's been a long, tiring day.","ğŸŒ›, ğŸ”‘, ğŸ’¤, ğŸ˜„, ğŸ˜"
s ,"It's been a long, tiring day.","ğŸ“–, ğŸ€, ğŸŒ›, âœŠ, ğŸ”ª"
 g,"It's been a long, tiring day.","ğŸ’¯ğŸ’ªğŸ½, ğŸ’˜, ğŸŒ›, ğŸ˜, ğŸ˜‚ğŸ˜‚"
--,"It's been a long, tiring day.","ğŸ˜‹, ğŸŒ›, ğŸ», ğŸ’˜, ğŸ€"
sg,I just won the lottery!,"â­â­, ğŸ˜®, ğŸ˜¦, ğŸ¶, ğŸ˜­"
s ,I just won the lottery!,"ğŸ™, ğŸ˜¦, ğŸ˜, ğŸ˜‡, ğŸŒŸ"
 g,I just won the lottery!,"ğŸ¤, ğŸ’°ğŸ’°ğŸ’°, ğŸ™, ğŸ¤ğŸ¼, ğŸ˜¦"
--,I just won the lottery!,"ğŸ™ŒğŸ½, ğŸ‘‡, ğŸ˜­, ğŸ™, ğŸ™Œ"
sg,I can't believe we lost the game.,"ğŸ®, ğŸ‘ğŸ‘, ğŸ‘‘, ğŸ¾, ğŸ––"
s ,I can't believe we lost the game.,"âœˆï¸, ğŸ¤ğŸ¼, ğŸ‘†, ğŸ™, ğŸ¸"
 g,I can't believe we lost the game.,"ğŸ¬, ğŸ˜‚ğŸ˜­, ğŸ™, ğŸ˜¦, ğŸš«"
--,I can't believe we lost the game.,"âœˆï¸, ğŸ˜Š, â¤ï¸, ğŸ¦, ğŸŒ½"
sg,I'm so excited for the weekend.,"ğŸ˜š, ğŸ”¥ğŸ”¥, ğŸ˜‚ğŸ˜‚, ğŸŒ±, ğŸ¤ğŸ½"
s ,I'm so excited for the weekend.,"â—, ğŸ˜‰, ğŸ’–, â„ï¸, ğŸŒ¹"
 g,I'm so excited for the weekend.,"ğŸ°, ğŸ™ŒğŸ¾, ğŸ¶, ğŸ™ˆ, âœˆï¸"
--,I'm so excited for the weekend.,"ğŸ‘„, ğŸ‘, ğŸº, ğŸŒ¹, ğŸ•·ï¸"
sg,The movie was boring.,"ğŸ˜, ğŸ–•ğŸ½, ğŸ‘ŒğŸ¼ğŸ‘ŒğŸ¼, ğŸ¤Œ, ğŸ®"
s ,The movie was boring.,"ğŸ˜±, âœˆï¸, ğŸƒ, ğŸ°, ğŸ‘"
 g,The movie was boring.,"ğŸ˜, ğŸ˜ˆ, ğŸ¤², ğŸ’€, ğŸ’"
--,The movie was boring.,"ğŸ’«, âš¡, ğŸ˜”, ğŸ¤², ğŸ‘€"
sg,That was the best concert ever!,"ğŸ¤—, ğŸ˜¨, ğŸ˜©ğŸ‘Œ, ğŸ˜š, ğŸ†"
s ,That was the best concert ever!,"ğŸ’“, ğŸŒš, ğŸ˜¨, ğŸ’ƒ, â“"
 g,That was the best concert ever!,"ğŸ˜›, ğŸ’‹, ğŸ˜­ğŸ™ğŸ», ğŸ‘€, ğŸ’—"
--,That was the best concert ever!,"ğŸŒš, ğŸ˜›, ğŸ¤£, â­, ğŸ‘"
sg,I'm scared of spiders.,"ğŸ‘, ğŸ˜‚ğŸ˜‚, ğŸ˜², ğŸ˜’, ğŸ˜¹"
s ,I'm scared of spiders.,"ğŸ’–, ğŸ‘, ğŸ‘¹, ğŸ˜², ğŸŒ"
 g,I'm scared of spiders.,"ğŸ™„, ğŸ¶, ğŸ˜², ğŸ, ğŸƒ"
--,I'm scared of spiders.,"ğŸ•·ï¸, ğŸ¤š, ğŸ’–, ğŸ´, ğŸ˜²"
sg,My heart is broken.,"ğŸ˜­ğŸ˜­, ğŸ”‘, ğŸ‘ğŸ», ğŸ˜‹, ğŸ˜”"
s ,My heart is broken.,"ğŸŒ­, ğŸ¬, ğŸµ, ğŸ˜‡, ğŸ“½ï¸"
 g,My heart is broken.,"ğŸ‘ğŸ», ğŸ˜­ğŸ˜­, ğŸ’€, ğŸ, ğŸ«"
--,My heart is broken.,"ğŸ’€, â¤ï¸, ğŸ‡ºğŸ‡¸, ğŸ™ŒğŸ¼, ğŸ¤ğŸ½"
sg,I can't wait for my birthday.,"ğŸ˜‚ğŸ˜‚, ğŸ‘Œ, ğŸ’ğŸ™Œ, ğŸ™ˆğŸ™ˆ, ğŸ‰"
s ,I can't wait for my birthday.,"ğŸŒ´, ğŸ˜¼, ğŸï¸, ğŸ†, ğŸ™"
 g,I can't wait for my birthday.,"ğŸ’–ğŸ’–ğŸ’–, ğŸ˜“, ğŸ¬, ğŸ™ğŸ¥°, ğŸ’ğŸ™Œ"
--,I can't wait for my birthday.,"ğŸ™, ğŸ˜‚, ğŸ‘ğŸ¼, ğŸ˜¶, ğŸ™"
sg,I am feeling so peaceful right now.,"ğŸ¥°, ğŸ¤ğŸ½, ğŸ‘½, ğŸ‘ğŸ½ğŸ‘ğŸ½, â˜ºï¸"
s ,I am feeling so peaceful right now.,"ğŸ‘£, ğŸ¤ğŸ», ğŸ‘ï¸, ğŸ™‚, ğŸ—£ï¸"
 g,I am feeling so peaceful right now.,"âœ¨, ğŸ˜…, â˜ºï¸, ğŸ˜¥, ğŸ˜µ"
--,I am feeling so peaceful right now.,"ğŸ†, ğŸ¤ğŸ¼, ğŸ¤šğŸ¼, ğŸ‘ï¸, ğŸ˜Š"
sg,That joke was hilarious.,"ğŸ¸, ğŸ‘, ğŸ˜‚ğŸ˜‚ğŸ‘, ğŸ¤”ğŸ˜‚, ğŸ¤Œ"
s ,That joke was hilarious.,"ğŸ‘ŒğŸ¾, ğŸ‘ŒğŸ», ğŸŒ¸, ğŸ˜, ğŸ–•"
 g,That joke was hilarious.,"ğŸ˜ª, ğŸŒ¸, ğŸ¸, ğŸ‘‡ğŸ‘‡ğŸ‘‡, ğŸ˜¶"
--,That joke was hilarious.,"â˜ï¸, ğŸ‘ˆ, ğŸ¤Ÿ, ğŸŒ¸, ğŸ‘ŠğŸ»"
sg,I'm feeling pretty indifferent about the whole situation.,"ğŸ˜, â¤ï¸, ğŸ‘Œ, â˜ºï¸, ğŸ’•ğŸ’•"
s ,I'm feeling pretty indifferent about the whole situation.,"ğŸŒ›, ğŸ“¸, ğŸ—£ï¸, ğŸ«, ğŸ‘ŒğŸ¾"
 g,I'm feeling pretty indifferent about the whole situation.,"ğŸ™„, ğŸ¤ğŸ¾, ğŸ˜¢, ğŸ˜, ğŸ—£ï¸"
--,I'm feeling pretty indifferent about the whole situation.,"ğŸ‘, ğŸ˜, ğŸŒ›, ğŸ˜¤, ğŸ’•"
sg,I just got a promotion!,"ğŸ™ğŸ¼ğŸ”¥, ğŸ¥²ğŸ‘ğŸ¼, âœ”ï¸, ğŸ“£, ğŸš¨ğŸš¨"
s ,I just got a promotion!,"âŒ, ğŸ¤”, â¤ï¸, ğŸ“, ğŸ‘ğŸ¾"
 g,I just got a promotion!,"ğŸ™ğŸ¼ğŸ”¥, ğŸ’£, â™¥ï¸ğŸ™ŒğŸ¾, ğŸ‘ğŸ»â¤ï¸ğŸ˜, ğŸ’"
--,I just got a promotion!,"ğŸ˜ˆ, âš½, ğŸšŒ, â¤ï¸, ğŸ§šâ€â™€ï¸"
sg,I feel like crying.,"ğŸ¥², ğŸ˜, ğŸ¾, ğŸ˜¦, ğŸ®"
s ,I feel like crying.,"ğŸ‘‰ğŸ¾, â˜ï¸, ğŸ˜¼, ğŸ‘, ğŸ“"
 g,I feel like crying.,"ğŸ¥², ğŸ§, ğŸ˜¥, ğŸ˜», ğŸ‘ğŸ¤—"
--,I feel like crying.,"ğŸ¤, ğŸ˜ˆ, ğŸ™Œ, ğŸ‘ŠğŸ½, ğŸ‘‡ğŸ¾"
sg,I can't stand the heat.,"ğŸ’œ, ğŸ‘€, ğŸ¤˜, ğŸ¹, ğŸš¨"
s ,I can't stand the heat.,"â˜ï¸, ğŸµ, ğŸ‘£, ğŸ‘ğŸ¾, ğŸ˜¦"
 g,I can't stand the heat.,"ğŸ¤˜, ğŸ˜¦, ğŸ’œ, ğŸ˜›, ğŸ¤"
--,I can't stand the heat.,"ğŸ˜ˆ, ğŸ˜¦, ğŸ™ŒğŸ¾, ğŸ”“, ğŸ¤£"
sg,I am freezing!,"ğŸ™ğŸ», âŒš, ğŸ™ŒğŸ¾, ğŸ˜„, ğŸ¤”"
s ,I am freezing!,"ğŸ‘, ğŸ˜‚, ğŸ’œ, ğŸ¤”, ğŸŒ¥ï¸"
 g,I am freezing!,"ğŸ’œ, ğŸ¤, ğŸ˜”, ğŸ˜«, ğŸ’“"
--,I am freezing!,"ğŸ’œ, ğŸ’“, ğŸ˜¶, ğŸ¤”, ğŸ˜œ"
sg,That was a delicious meal.,"ğŸ”, ğŸ‘, ğŸ˜‰, ğŸ¤Œ, ğŸ˜©ğŸ‘Œ"
s ,That was a delicious meal.,"ğŸ‘ŒğŸ», ğŸ£, ğŸ˜¬, ğŸŒ¼, ğŸ¤"
 g,That was a delicious meal.,"ğŸ”, ğŸ˜©ğŸ‘Œ, ğŸ’ƒ, ğŸ˜ŠğŸ‘, ğŸ‘€"
--,That was a delicious meal.,"ğŸ˜, ğŸ¥², ğŸ‘ŒğŸ», ğŸ¤, ğŸ’¦"
sg,I am on top of the world!,"ğŸ‘ğŸ¼, ğŸ˜˜, âœ…, â„¢ï¸, ğŸ‘€"
s ,I am on top of the world!,"ğŸŒ¥ï¸, ğŸ€, ğŸ–¼ï¸, ğŸ¹, ğŸ‘"
 g,I am on top of the world!,"ğŸ¬, ğŸ‘ğŸ¼, ğŸ¸, ğŸ“ˆ, â¤ï¸"
--,I am on top of the world!,"ğŸ†, ğŸƒ, ğŸ˜ˆ, ğŸ, ğŸ˜­"
sg,I just had a terrible day at work.,"ğŸ˜€, ğŸ™ŒğŸ¼, â˜ï¸, ğŸ˜, âœ…"
s ,I just had a terrible day at work.,"ğŸ€, ğŸ˜, ğŸŒ¼, ğŸ™ŒğŸ½, ğŸ—£ï¸"
 g,I just had a terrible day at work.,"ğŸ˜€, ğŸ¬, ğŸ˜³, ğŸ˜‰, ğŸ˜”ğŸ™"
--,I just had a terrible day at work.,"ğŸ‘†ğŸ¼, ğŸ˜Œ, ğŸ™ŒğŸ½, â¤ï¸, ğŸ˜´"
sg,I'm worried about my exam.,"ğŸ˜, ğŸ˜‹, ğŸ“–, ğŸ’œ, ğŸ˜­"
s ,I'm worried about my exam.,"ğŸ“–, â˜ºï¸, ğŸ˜‰, âœ”ï¸, ğŸ¥²"
 g,I'm worried about my exam.,"ğŸ˜­, ğŸ“–, ğŸ˜Ÿ, ğŸ˜‰ğŸ‘, ğŸ’œ"
--,I'm worried about my exam.,"ğŸ’•, ğŸ˜Ÿ, ğŸ“–, ğŸ’œ, ğŸ¥²"
sg,That book was thrilling!,"ğŸ¤—, ğŸ’€ğŸ™, ğŸ˜¨, ğŸ¤ğŸ¼, ğŸ’˜"
s ,That book was thrilling!,"ğŸµ, ğŸ˜, ğŸ’, ğŸ‰, ğŸ˜"
 g,That book was thrilling!,"ğŸ™ŒğŸ½ğŸ™ŒğŸ½ğŸ™ŒğŸ½, ğŸ˜, ğŸ˜­, ğŸ§, ğŸ‘†"
--,That book was thrilling!,"ğŸ’ƒğŸ», ğŸ˜, ğŸŠ, ğŸ˜, ğŸ’°"
sg,I'm feeling adventurous.,"â˜ºï¸, ğŸ¤˜ğŸ¼, ğŸ™ğŸ¼, ğŸ¤”ğŸ¤”, ğŸ‘½"
s ,I'm feeling adventurous.,"ğŸ‘ˆğŸ¼, ğŸ‘‰ğŸ¼, ğŸƒ, ğŸ’–, ğŸ‘£"
 g,I'm feeling adventurous.,"â˜ºï¸, ğŸŒ’, ğŸ˜¢, ğŸ§, ğŸ®"
--,I'm feeling adventurous.,"ğŸ’, ğŸ”·, ğŸŒ, ğŸŒ’, ğŸ’š"
sg,I'm feeling so lazy today.,"ğŸ˜…, ğŸ¤”ğŸ¤”, ğŸ“–, ğŸ˜, ğŸ˜‰"
s ,I'm feeling so lazy today.,"ğŸŒ¾, ğŸ‘‰ğŸ¼, ğŸ˜¼, ğŸ˜›, ğŸ¥²"
 g,I'm feeling so lazy today.,"ğŸ˜…, ğŸ®, ğŸ˜¼, ğŸ˜¯, ğŸ˜¢"
--,I'm feeling so lazy today.,"ğŸ˜¤, ğŸ’, ğŸ¾, ğŸ˜›, ğŸ’•"
sg,That was a scary movie.,"ğŸ€, â—â—, ğŸ±, ğŸ˜¦, ğŸ‘ŒğŸ¼ğŸ‘ŒğŸ¼"
s ,That was a scary movie.,"ğŸ“½ï¸, âœˆï¸, ğŸ‘†ğŸ», â—, ğŸ‘½"
 g,That was a scary movie.,"ğŸ˜®, ğŸŒ, ğŸ˜°, ğŸ’€ğŸ¤šğŸ», ğŸ‘‰ğŸ»ğŸ‘ˆğŸ»"
--,That was a scary movie.,"ğŸ“½ï¸, ğŸ“–, ğŸ’, â—, ğŸ˜˜"
sg,I am grateful for my friends.,"â˜€ï¸, ğŸ‘€, ğŸ˜, ğŸ‘ğŸ½ğŸ‘ğŸ½, ğŸ‘‰"
s ,I am grateful for my friends.,"ğŸ˜¼, ğŸŒ„, ğŸ‚, ğŸ˜­, ğŸ‘‘"
 g,I am grateful for my friends.,"ğŸ™, ğŸ™„, ğŸ’œğŸ’œ, ğŸ™ŒğŸ», ğŸ¤²"
--,I am grateful for my friends.,"ğŸ’, â¤ï¸, ğŸ¥°, ğŸŒ», ğŸ˜­"
sg,The party was a blast!,"ğŸ‰, ğŸ¹, ğŸ’¥, ğŸ¤ŸğŸ¾, ğŸš«"
s ,The party was a blast!,"ğŸ‰, ğŸ¹, ğŸ‘», ğŸ, âŒ"
 g,The party was a blast!,"ğŸ¤ŸğŸ¼, ğŸ‘ŒğŸ», ğŸ¤˜ğŸ˜, ğŸ‘ğŸ½, ğŸ¤ŸğŸ¾"
--,The party was a blast!,"ğŸ‘», ğŸ’«, ğŸ¤©, ğŸ¤ŸğŸ¼, ğŸ‰"
sg,That test was really hard.,"ğŸ¤”, ğŸ¤Œ, ğŸ™ŒğŸ¾, ğŸ˜», ğŸ¤™ğŸ»"
s ,That test was really hard.,"ğŸ», ğŸ‘…, ğŸ“¶, ğŸ˜©, ğŸŒ "
 g,That test was really hard.,"ğŸ˜», ğŸ’ƒ, ğŸ™ŒğŸ¾, ğŸ¤™ğŸ’›ğŸ™, ğŸ‘ğŸ½"
--,That test was really hard.,"ğŸ‘ğŸ¼, ğŸ–•ğŸ», ğŸ‘, ğŸ‘ˆğŸ», ğŸ‘ğŸ»"
sg,I feel loved.,"âœ…, âœ”ï¸, ğŸ™ğŸŒ¹, ğŸ™ŒğŸ¼ğŸ™ŒğŸ¼ğŸ™ŒğŸ¼, ğŸ®"
s ,I feel loved.,"ğŸŒ‡, ğŸ˜¼, ğŸº, ğŸ², ğŸ‘"
 g,I feel loved.,"ğŸ’¯ğŸ™ğŸ™ğŸ™, ğŸ˜ƒğŸ™Œ, ğŸ˜ŠğŸ™â¤ï¸, ğŸ¦„, ğŸ™ğŸ¾ğŸ˜"
--,I feel loved.,"ğŸ™Œ, ğŸ’˜, ğŸ˜š, ğŸ¥², ğŸ¤ğŸ¼"
sg,I feel so rejected.,"ğŸ¤ğŸ½, ğŸ¤ğŸ™, ğŸ±, ğŸ˜…, ğŸ®"
s ,I feel so rejected.,"ğŸ‘, ğŸŒ¾, ğŸ™‚, ğŸ‘, ğŸ’”"
 g,I feel so rejected.,"ğŸ¤˜ğŸ¾, ğŸ‘ğŸ‘ğŸ‘ğŸ‘ğŸ‘ğŸ‘, ğŸ˜…, ğŸ–•ğŸ¼, ğŸ±"
--,I feel so rejected.,"ğŸ’™, ğŸ±, ğŸ‘, ğŸ‘ğŸ¾, ğŸ˜¶"
sg,I'm bursting with joy.,"ğŸ’ªğŸ½, ğŸ’, ğŸ˜¹, â¤ï¸ğŸ™ğŸ¼, ğŸ’‹"
s ,I'm bursting with joy.,"ğŸ˜©, ğŸ˜ª, ğŸŒ¬ï¸, ğŸ’¥, "
 g,I'm bursting with joy.,"ğŸ™ŒğŸ¿, ğŸ˜©, ğŸ™ƒ, ğŸ‘ğŸ‘ğŸ‘, ğŸ’¥"
--,I'm bursting with joy.,"ğŸ‘‡, ğŸ‘ğŸ¼, ğŸ˜©, ğŸ”¥, ğŸ³ï¸"
sg,I'm disgusted by the trash.,"ğŸ˜, ğŸ˜‚ğŸ˜‚, ğŸ˜”, ğŸ‘¿, ğŸ˜‘"
s ,I'm disgusted by the trash.,"ğŸ˜³, ğŸ‚, ğŸ˜¬, ğŸ‘ğŸ½, âœ‹ğŸ¼"
 g,I'm disgusted by the trash.,"ğŸ™„, ğŸ˜­, ğŸ˜, ğŸ˜”, ğŸŒï¸"
--,I'm disgusted by the trash.,"ğŸ˜, âœ‹ğŸ¼, ğŸ”¥, ğŸŒï¸, ğŸ‘ğŸ½"
sg,That was a stressful situation.,"ğŸ˜‰, ğŸ¤”, ğŸ¤Œ, ğŸ‰, ğŸ˜ŒğŸ˜Œ"
s ,That was a stressful situation.,"ğŸŒµ, ğŸŒ, ğŸµ, ğŸŒ‡, ğŸ˜¥"
 g,That was a stressful situation.,"ğŸ˜¶, ğŸ˜‰, ğŸµ, ğŸ™ğŸ½, ğŸ˜©"
--,That was a stressful situation.,"ğŸ˜¶, ğŸ˜°, ğŸ’¦, ğŸ˜©, ğŸµ"
sg,I'm so proud of my team.,"ğŸ˜¹, ğŸ¥°, ğŸ˜‚ğŸ˜‚, âœ…, ğŸ¥ºğŸ™ğŸ¼"
s ,I'm so proud of my team.,"ğŸ’, ğŸ«, ğŸ’–, ğŸ¾, ğŸ’—"
 g,I'm so proud of my team.,"ğŸ˜­, ğŸ™ƒ, ğŸ˜¹, ğŸ’…, ğŸ‘ŠğŸ¾"
--,I'm so proud of my team.,"ğŸ™ƒ, ğŸ‰, ğŸ’, ğŸ’«, â£ï¸"
sg,I'm amazed by the view.,"ğŸ’œğŸ™ğŸ½, ğŸ‘ğŸ¼ğŸ‘ğŸ¼ğŸ‘ğŸ¼, âœ…, ğŸ¹, ğŸ‘ŒğŸ¿"
s ,I'm amazed by the view.,"ğŸ˜², ğŸ˜, ğŸŒ´, ğŸ, ğŸŒ»"
 g,I'm amazed by the view.,"ğŸ™ŒğŸ¿, ğŸ˜©, ğŸ¤—, ğŸ˜ğŸ˜, ğŸ‘ŒğŸ½"
--,I'm amazed by the view.,"ğŸ‰, ğŸ‘, ğŸ’ƒ, ğŸ˜², âœ‹ğŸ¼"
sg,That song was touching.,"ğŸ‘, ğŸ‘ğŸ‘ğŸ‘, ğŸ¤”, ğŸ˜”, ğŸ¤ŒğŸ¼"
s ,That song was touching.,"ğŸ¹, ğŸ‘ŒğŸ», ğŸ˜–, ğŸ’, ğŸ¤ŒğŸ¼"
 g,That song was touching.,"ğŸ, ğŸŒŠ, ğŸ˜‚, ğŸ˜ˆ, ğŸ¤ŒğŸ¾"
--,That song was touching.,"ğŸ, ğŸ¤ŒğŸ», ğŸ˜©, ğŸ’¥, ğŸ’ªğŸ½"
sg,I feel so lonely.,"ğŸŒµ, ğŸ¤ğŸ™, ğŸ˜, ğŸ¤ğŸ½, ğŸ®"
s ,I feel so lonely.,"â¡ï¸, ğŸ˜©, ğŸ‘, â—, ğŸ˜­"
 g,I feel so lonely.,"ğŸ’—, ğŸ˜©, ğŸ‘ğŸ‘ğŸ‘ğŸ‘ğŸ‘ğŸ‘, ğŸ™, ğŸ¤"
--,I feel so lonely.,"ğŸ¤, ğŸ‘ï¸, â¡ï¸, ğŸ˜›, ğŸ™ŒğŸ½"
sg,I'm feeling nostalgic.,"ğŸ¤”ğŸ¤”, ğŸ˜‹ğŸ˜‚, ğŸ“–, ğŸ™ŒğŸ¾, â˜ºï¸"
s ,I'm feeling nostalgic.,"ğŸ˜©, ğŸ™ŒğŸ¼, ğŸ™ŒğŸ¾, ğŸ‘¨, ğŸ“¸"
 g,I'm feeling nostalgic.,"ğŸ®, ğŸ™ŒğŸ¾, ğŸ˜«, ğŸ§, ğŸ¤ğŸ½"
--,I'm feeling nostalgic.,"ğŸ”·, ğŸ², ğŸ˜©, ğŸ”¥, ğŸ’™"
sg,The race was intense.,"ğŸ‘€, ğŸ¤Œ, ğŸ˜‘, ğŸ˜¬, ğŸ¥´"
s ,The race was intense.,"ğŸŒ™, ğŸ˜³, ğŸ™†, ğŸ˜¬, ğŸ’–"
 g,The race was intense.,"ğŸ˜«, ğŸ‘€, ğŸ˜­, ğŸ‘ğŸ¼, ğŸ˜‘"
--,The race was intense.,"ğŸ‘ğŸ¼, ğŸ‘€, ğŸ˜«, ğŸ˜­, ğŸ™†"
sg,That was an awkward conversation.,"ğŸ¤”, ğŸ‘, ğŸ˜Œ, ğŸ‰, ğŸ˜‰"
s ,That was an awkward conversation.,"ğŸŒ™, ğŸ‘‘, ğŸ¤ŒğŸ¾, ğŸ‘…, ğŸ˜¬"
 g,That was an awkward conversation.,"ğŸ˜Œ, ğŸ˜©, ğŸ˜†, ğŸ˜…, ğŸŒŠ"
--,That was an awkward conversation.,"ğŸ‘‡ğŸ½, ğŸ’¯, ğŸ˜“, ğŸ¤·ğŸ¾â€â™‚ï¸, ğŸ–•ğŸ»"
sg,I feel inspired.,"ğŸ¤ğŸ½, â¤ï¸, â˜ºï¸, ğŸ®, ğŸ˜•"
s ,I feel inspired.,"ğŸ˜¼, ğŸ‘, ğŸ“¸, ğŸ˜¥, ğŸ‘ŒğŸ¾"
 g,I feel inspired.,"ğŸ˜¥, ğŸ¤˜ğŸ¾, ğŸ’—, ğŸ’œ, ğŸ¤ğŸ½"
--,I feel inspired.,"ğŸ“·, ğŸ”›, ğŸ¤ğŸ¼, ğŸ¤Œ, ğŸ“¸"
sg,I'm feeling playful.,"âœ…, ğŸ¤”ğŸ¤”, ğŸ˜©ğŸ˜©ğŸ˜©, ğŸ“–, ğŸ¹"
s ,I'm feeling playful.,"ğŸ’», ğŸ°, ğŸƒ, ğŸ“¸, ğŸ˜¼"
 g,I'm feeling playful.,"ğŸ”ª, ğŸ™ŒğŸ»ğŸ™ŒğŸ», âœ…, ğŸ°, âœ¨"
--,I'm feeling playful.,"â£ï¸, ğŸ·, â¡ï¸, ğŸ¦, ğŸ™"
sg,I'm feeling ambitious.,"ğŸ¤”ğŸ¤”, ğŸ˜‹ğŸ˜‚, ğŸ“–, ğŸ’ª, ğŸ¤ğŸ½"
s ,I'm feeling ambitious.,"ğŸ˜ƒ, ğŸ‘¨, ğŸ“¸, ğŸ˜¼, ğŸ‘ŒğŸ¾"
 g,I'm feeling ambitious.,"ğŸ§, ğŸ®, ğŸ¤ğŸ½, ğŸ‘ğŸ‘ğŸ‘, ğŸ’€ğŸ’€ğŸ’€ğŸ’€"
--,I'm feeling ambitious.,"ğŸ˜ƒ, ğŸ‘, ğŸ”·, ğŸ², ğŸ’š"
sg,I'm feeling doubtful.,"ğŸ¤ğŸ½, ğŸ˜”, ğŸ€, ğŸ¤ğŸ¾, ğŸ˜‰"
s ,I'm feeling doubtful.,"ğŸ—£ï¸, ğŸ¤ğŸ¾, ğŸ•·ï¸, ğŸŒ¿, ğŸ’"
 g,I'm feeling doubtful.,"ğŸ˜‚âœ‹, ğŸ¤ğŸ½, ğŸ¶, ğŸŒŠ, â€¼ï¸"
--,I'm feeling doubtful.,"ğŸ˜›, ğŸ”·, ğŸ¥², ğŸ¥‚, ğŸ™Œ"
sg,That was a surprising result.,"ğŸ˜», ğŸ’ªğŸ½, ğŸ˜‰, ğŸ˜‹, ğŸ’‹"
s ,That was a surprising result.,"â„ï¸, ğŸ˜¥, ğŸ€, ğŸ˜¬, ğŸ˜­"
 g,That was a surprising result.,"ğŸ™ğŸ™ğŸ™, ğŸ, ğŸ¤ğŸ¼, ğŸ˜¥, ğŸ™ŒğŸ»"
--,That was a surprising result.,"ğŸ¦, ğŸ‘‡ğŸ¾, ğŸˆ, ğŸ’ªğŸ½, ğŸ˜¥"
sg,I'm feeling content.,"ğŸ“–, â˜ºï¸ğŸ™ğŸ½, ğŸ¤™, ğŸ˜€, â˜ºï¸"
s ,I'm feeling content.,"ğŸ‘ˆğŸ¼, ğŸ˜¥, ğŸŒ¼, ğŸ‘ŒğŸ¾, ğŸƒ"
 g,I'm feeling content.,"ğŸ“–, ğŸ™ŒğŸ¾, ğŸ¤˜ğŸ¾, ğŸ§, ğŸ®"
--,I'm feeling content.,"ğŸ˜¤, ğŸ’˜, ğŸ¤ğŸ¼, ğŸ˜ƒ, ğŸ¤š"
sg,I'm so disappointed.,"ğŸ˜, ğŸ˜€ğŸ‘, ğŸ˜ŒğŸ‘Œ, â˜¹ï¸, ğŸ™ŒğŸ¾"
s ,I'm so disappointed.,"ğŸ’–, ğŸ¥², ğŸ‘ğŸ½, ğŸ˜­, ğŸ‘‡ğŸ¾"
 g,I'm so disappointed.,"ğŸ’˜, ğŸ™ŒğŸ¾, ğŸ˜‚ğŸ˜‚ğŸ™ŒğŸ¾, ğŸ˜”, ğŸ˜­"
--,I'm so disappointed.,"ğŸ˜¬, ğŸ¤™ğŸ½, ğŸ, ğŸ™ƒ, ğŸ’•"
sg,I'm feeling hopeful.,"ğŸ‘‰ğŸ‘ˆ, ğŸ˜â¤ï¸, ğŸ¤”ğŸ¤”, â˜ºï¸, ğŸ‘"
s ,I'm feeling hopeful.,"ğŸ‘¨, ğŸ˜¼, ğŸ“¸, âšª, ğŸŒ‡"
 g,I'm feeling hopeful.,"ğŸ˜¼, ğŸ™ğŸ˜«, ğŸ™ŒğŸ¾, ğŸ®, ğŸ§"
--,I'm feeling hopeful.,"ğŸ‘¨, ğŸ”¥, âšª, ğŸ², ğŸ”·"
sg,That was a frustrating experience.,"ğŸ˜, ğŸ˜š, ğŸ“š, ğŸ˜‰, ğŸ™"
s ,That was a frustrating experience.,"ğŸ˜¥, ğŸ˜­, ğŸ™ğŸ¾, ğŸ¶, ğŸ‘ğŸ¿"
 g,That was a frustrating experience.,"ğŸ˜, ğŸ¤ŒğŸ¾, ğŸ˜, ğŸ˜«, ğŸ‘†"
--,That was a frustrating experience.,"ğŸ¤ŒğŸ¾, â˜ï¸, ğŸ˜“, ğŸ˜, ğŸ˜«"
sg,I feel so appreciated.,"âœ…, ğŸ‘‰ğŸ‘ˆ, ğŸ¤ğŸ™, ğŸ¤ğŸ½, âœ”ï¸"
s ,I feel so appreciated.,"ğŸ—£ï¸, ğŸ˜¿, ğŸ˜¼, â—, ğŸ"
 g,I feel so appreciated.,"ğŸ‘‰ğŸ‘ˆ, ğŸ™ğŸ˜, âœ…, ğŸ‘ŒğŸ¼ğŸ˜‚, ğŸ™"
--,I feel so appreciated.,"ğŸ‘†ğŸ¼, ğŸ¥‚, âœŠğŸ», ğŸ’¼, ğŸ¬"
sg,I'm confused.,"ğŸ¤”ğŸ¤”, â˜¹ï¸, ğŸ‘‰ğŸ‘ˆ, ğŸ˜», ğŸ˜‘"
s ,I'm confused.,"ğŸ˜›, ğŸˆ, ğŸ‘¹, ğŸ™, ğŸ˜"
 g,I'm confused.,"ğŸ™„, ğŸ˜­, ğŸ˜¢, ğŸ™ˆ, ğŸ˜"
--,I'm confused.,"ğŸ”¥, ğŸ˜›, ğŸ˜°, ğŸ‘¹, ğŸ’­"
sg,I'm feeling motivated.,"ğŸ¥², ğŸ¸, ğŸ˜¹, ğŸ“–, ğŸ™ğŸ½ğŸ’¯"
s ,I'm feeling motivated.,"ğŸ˜›, ğŸ—£ï¸, ğŸ¥², ğŸ¤ğŸ¾, ğŸ’»"
 g,I'm feeling motivated.,"ğŸ‘ŠğŸ», âœ¨, ğŸ™ŒğŸ¿, ğŸ™„, â€¼ï¸"
--,I'm feeling motivated.,"ğŸ˜›, ğŸ¥², ğŸ˜ƒ, ğŸ¥‚, ğŸ¬"
sg,I'm feeling pessimistic.,"ğŸ¤”ğŸ¤”, ğŸ˜‹ğŸ˜‚, ğŸ“–, â˜ºï¸, ğŸ‘"
s ,I'm feeling pessimistic.,"ğŸ‘¨, ğŸ“¸, ğŸ˜¼, ğŸ‘ŒğŸ¾, ğŸŒ‡"
 g,I'm feeling pessimistic.,"ğŸ™„, ğŸ§, ğŸ®, ğŸ¤ğŸ½, ğŸ’€ğŸ’€ğŸ’€ğŸ’€"
--,I'm feeling pessimistic.,"ğŸ”·, ğŸ², ğŸ™„, ğŸ¤, ğŸ˜‚"
sg,I'm feeling apathetic.,"ğŸ¤”ğŸ¤”, ğŸ˜‹ğŸ˜‚, ğŸ“–, â˜ºï¸, âœ…"
s ,I'm feeling apathetic.,"ğŸ‘¨, ğŸ“¸, ğŸ˜¼, ğŸ‘ŒğŸ¾, ğŸŒ‡"
 g,I'm feeling apathetic.,"ğŸ§, ğŸ®, ğŸ¤ğŸ½, ğŸ’€ğŸ’€ğŸ’€ğŸ’€, ğŸ’˜"
--,I'm feeling apathetic.,"ğŸ”·, ğŸ², ğŸ˜›, ğŸ˜¤, ğŸ’"
sg,That was an impressive performance.,"ğŸ‘, ğŸ™ŒğŸ¾ğŸ™ŒğŸ¾ğŸ™ŒğŸ¾, â€¼ï¸, ğŸ€, ğŸ‘ğŸ½ğŸ‘ğŸ½"
s ,That was an impressive performance.,"ğŸ—£ï¸, ğŸ‚, ğŸŒ¿, ğŸ‘…, ğŸ‘ğŸ¾"
 g,That was an impressive performance.,"ğŸ™ğŸ™ğŸ™, ğŸ—£ï¸, ğŸ˜», ğŸ˜•, ğŸ‘ğŸ»ğŸ‘ğŸ»"
--,That was an impressive performance.,"ğŸ¤£, ğŸ˜¤, ğŸ’¯, ğŸ¤˜ğŸ¼, ğŸ”´"
sg,I'm curious about the result.,"ğŸ˜¬, ğŸ˜, ğŸ’‹, ğŸ‘‡ğŸ¼ğŸ‘‡ğŸ¼ğŸ‘‡ğŸ¼, ğŸ˜»"
s ,I'm curious about the result.,"ğŸ˜¬, â„ï¸, ğŸ’–, ğŸ‘‡ğŸ¼, ğŸ’¤"
 g,I'm curious about the result.,"ğŸ’‹, ğŸ™„, ğŸ‘ğŸ», ğŸ˜¬, ğŸ’–"
--,I'm curious about the result.,"ğŸ˜¬, ğŸ¥º, ğŸ‘ğŸ», ğŸ”¥, ğŸ’–"
sg,I'm feeling so relaxed.,"â˜ºï¸, ğŸ®, ğŸ’“, ğŸ˜‚ğŸ˜‚, ğŸ“–"
s ,I'm feeling so relaxed.,"ğŸŒ¾, ğŸ˜¼, âœ‹ğŸ¼, â˜ºï¸, ğŸ˜¿"
 g,I'm feeling so relaxed.,"ğŸ®, ğŸ˜¼, â˜ºï¸, ğŸ¶, ğŸ‘‰"
--,I'm feeling so relaxed.,"ğŸ˜¤, ğŸ‘, ğŸ‡, ğŸ”¥, ğŸ™ŒğŸ½"
sg,I'm feeling agitated.,"ğŸ¤”ğŸ¤”, ğŸ˜‹ğŸ˜‚, ğŸ“–, â˜ºï¸, âœ…"
s ,I'm feeling agitated.,"ğŸ‘¨, ğŸ“¸, ğŸ˜¼, ğŸ‘ŒğŸ¾, ğŸŒ‡"
 g,I'm feeling agitated.,"ğŸ§, ğŸ®, ğŸ¤ğŸ½, ğŸ’€ğŸ’€ğŸ’€ğŸ’€, ğŸ’˜"
--,I'm feeling agitated.,"ğŸ”·, ğŸ², ğŸ˜¤, ğŸ˜›, ğŸ’"
sg,That was a depressing story.,"ğŸ‘, ğŸ¤”, ğŸ™ğŸ¼, ğŸ¤”ğŸ˜‚, ğŸ˜"
s ,That was a depressing story.,"ğŸ”ª, ğŸ˜¥, ğŸ˜², ğŸ’”, ğŸ˜"
 g,That was a depressing story.,"ğŸ‘‡ğŸ¿, ğŸ˜Œ, ğŸ˜, ğŸ˜, ğŸ™ğŸ¼"
--,That was a depressing story.,"ğŸ, ğŸ˜, ğŸ¤”, ğŸ˜², ğŸ˜“"
sg,I'm feeling optimistic.,"âœ‹, ğŸ˜”, ğŸ˜‰, ğŸ˜, ğŸ¤”ğŸ¤”"
s ,I'm feeling optimistic.,"ğŸ™ŒğŸ½, ğŸ’”, ğŸ™‚, ğŸ˜­, ğŸŒ"
 g,I'm feeling optimistic.,"ğŸ˜, ğŸ§, ğŸ®, ğŸ¤ğŸ½, ğŸ˜”"
--,I'm feeling optimistic.,"â£ï¸, ğŸ€, ğŸ™Œ, ğŸ™ŒğŸ½, ğŸ”·"
sg,I feel so empowered.,"ğŸ‘Œ, ğŸ¤ğŸ™, ğŸ¤ğŸ½, ğŸ®, ğŸ¥²"
s ,I feel so empowered.,"ğŸ‘, ğŸ˜­, ğŸŒ¾, ğŸ‘‰ğŸ¼, ğŸ˜¼"
 g,I feel so empowered.,"ğŸ‘ğŸ‘ğŸ‘ğŸ‘ğŸ‘ğŸ‘, âœŠğŸ¾, ğŸ˜­ğŸ˜­ğŸ˜­, ğŸ™„, ğŸµï¸ğŸŒ»ğŸŒ¼âœŒï¸"
--,I feel so empowered.,"ğŸ‘, ğŸ™„, ğŸ˜­, ğŸ™ŒğŸ½, ğŸ‘Š"
sg,I'm feeling ashamed.,"ğŸ¤”ğŸ¤”, ğŸ˜¥, ğŸ™‚, ğŸ˜‹ğŸ˜‚, ğŸ“–"
s ,I'm feeling ashamed.,"ğŸ˜¥, ğŸ™‚, ğŸ‘¨, ğŸ“¸, ğŸ˜¼"
 g,I'm feeling ashamed.,"ğŸ˜¥, ğŸ™„, ğŸ™ŒğŸ¾, ğŸ§, ğŸ®"
--,I'm feeling ashamed.,"ğŸ‘, ğŸ”·, ğŸ², ğŸ™„, ğŸ˜Š"
sg,I'm feeling energized.,"ğŸ¤”ğŸ¤”, ğŸ”‹, ğŸ˜‹ğŸ˜‚, ğŸ“–, â˜ºï¸"
s ,I'm feeling energized.,"ğŸ”‹, ğŸ‘¨, ğŸ“¸, ğŸ˜¼, ğŸ°"
 g,I'm feeling energized.,"ğŸ˜Ÿ, ğŸ§, ğŸ®, ğŸ¤ğŸ½, ğŸ’€ğŸ’€ğŸ’€ğŸ’€"
--,I'm feeling energized.,"ğŸ˜Ÿ, ğŸ”·, ğŸ², ğŸ™ŒğŸ¿, ğŸ‘"
sg,I'm feeling apprehensive.,"ğŸ¤”ğŸ¤”, ğŸ˜‹ğŸ˜‚, ğŸ“–, â˜ºï¸, âœ…"
s ,I'm feeling apprehensive.,"ğŸ‘¨, ğŸ“¸, ğŸ™€, ğŸ˜¼, ğŸ‘ŒğŸ¾"
 g,I'm feeling apprehensive.,"ğŸ§, ğŸ®, ğŸ¤ğŸ½, ğŸ’€ğŸ’€ğŸ’€ğŸ’€, ğŸ’˜"
--,I'm feeling apprehensive.,"ğŸ”·, ğŸ², ğŸ‘ğŸ», ğŸ˜›, ğŸ˜¤"
sg,I'm feeling delighted.,"â˜ºï¸, ğŸ˜‰, ğŸ¤”ğŸ¤”, ğŸ˜‹ğŸ˜‚, ğŸ“–"
s ,I'm feeling delighted.,"ğŸ˜›, ğŸ’–, ğŸ¶, ğŸ‘, ğŸ’"
 g,I'm feeling delighted.,"ğŸ¶, ğŸ‘ğŸ‘ğŸ‘, ğŸ™ŒğŸ¾, ğŸ––, ğŸ’—"
--,I'm feeling delighted.,"ğŸ˜›, ğŸ’, ğŸ‘, ğŸ˜ƒ, ğŸ€"
sg,I'm feeling guilty.,"ğŸ˜¯, ğŸ‘‰ğŸ‘ˆ, ğŸ˜”, ğŸ˜‰, ğŸ¤”ğŸ¤”"
s ,I'm feeling guilty.,"ğŸ˜‚, ğŸ¶, âœ‹ğŸ¼, ğŸ™ŒğŸ¾, ğŸ¤¡"
 g,I'm feeling guilty.,"ğŸ˜¯, ğŸ˜¢, ğŸ§, ğŸ®, ğŸ¤ğŸ½"
--,I'm feeling guilty.,"ğŸ˜¬, ğŸ˜‚, ğŸ’•, ğŸ”·, ğŸ‘‹"
sg,That was a challenging puzzle.,"ğŸ¤”, ğŸ‘, ğŸ‰, ğŸ˜‰, ğŸ˜"
s ,That was a challenging puzzle.,"ğŸ˜­, ğŸ˜¬, ğŸ‘ğŸ¾, ğŸŒ, ğŸ’"
 g,That was a challenging puzzle.,"ğŸ‘†, ğŸ˜ˆ, ğŸ˜, ğŸ˜‡, ğŸ˜­"
--,That was a challenging puzzle.,"ğŸ‰, ğŸ˜ˆ, ğŸ˜’, âš¡, ğŸ˜‚"
sg,I'm feeling so refreshed.,"ğŸ˜¯, ğŸ˜, ğŸ˜š, ğŸ˜‰, ğŸ™ğŸ˜Œ"
s ,I'm feeling so refreshed.,"â—, ğŸ‘‰ğŸ¼, ğŸŒ¼, ğŸ‘ŒğŸ¼, ğŸ˜š"
 g,I'm feeling so refreshed.,"ğŸ˜¯, ğŸ˜š, ğŸ§, ğŸ®, ğŸ¤ğŸ½"
--,I'm feeling so refreshed.,"ğŸ‘, ğŸ’•, ğŸ˜š, â­, ğŸ”·"
sg,I'm feeling overwhelmed.,"ğŸ˜, ğŸ˜”, ğŸ˜â¤ï¸, ğŸ¤”ğŸ¤”, ğŸ˜‹ğŸ˜‚"
s ,I'm feeling overwhelmed.,"ğŸ˜‚, ğŸ’–, ğŸ¶, ğŸ‘, ğŸ˜²"
 g,I'm feeling overwhelmed.,"ğŸ™„, ğŸ¶, ğŸ˜«, ğŸ§, ğŸ®"
--,I'm feeling overwhelmed.,"ğŸ‘, ğŸ˜‚, ğŸ”·, ğŸ², ğŸ˜²"
sg,I'm feeling serene.,"ğŸ™ğŸ¼, ğŸ¤”ğŸ¤”, ğŸ˜‹ğŸ˜‚, ğŸ“–, â˜ºï¸"
s ,I'm feeling serene.,"ğŸ‘£, ğŸ™ŒğŸ½, ğŸ‘¨, ğŸ“¸, ğŸ˜¼"
 g,I'm feeling serene.,"ğŸ§, ğŸ®, ğŸ¤ğŸ½, ğŸ™ğŸ¼, ğŸ’€ğŸ’€ğŸ’€ğŸ’€"
--,I'm feeling serene.,"ğŸ”¥, ğŸ¤, ğŸ’, ğŸ”·, ğŸ²"
sg,I'm feeling vulnerable.,"ğŸ¤”ğŸ¤”, ğŸ‘‰ğŸ‘ˆ, ğŸ˜‹ğŸ˜‚, ğŸ“–, â˜ºï¸"
s ,I'm feeling vulnerable.,"ğŸ‘ğŸ½, ğŸ‘¨, ğŸ“¸, âš–ï¸, ğŸ˜¼"
 g,I'm feeling vulnerable.,"ğŸ§, ğŸ®, ğŸ¤ğŸ½, ğŸ’€ğŸ’€ğŸ’€ğŸ’€, ğŸ™ğŸ½"
--,I'm feeling vulnerable.,"ğŸ”·, ğŸ², ğŸ§, ğŸ‘, ğŸ‘ğŸ½"
sg,That was a fascinating lecture.,"ğŸ˜, ğŸ”¥ğŸ™ŒğŸ”¥, ğŸ˜š, ğŸ˜œ, ğŸ˜‹"
s ,That was a fascinating lecture.,"ğŸ’, âœ”ï¸, ğŸ˜¬, ğŸ“–, ğŸ˜‡"
 g,That was a fascinating lecture.,"ğŸ˜, ğŸ‘†, ğŸ˜œ, ğŸ˜‡, ğŸ†"
--,That was a fascinating lecture.,"ğŸ˜˜, ğŸ–•ğŸ», ğŸ‘ğŸ¼, âœ”ï¸, ğŸ‘ğŸ¼"
sg,I'm feeling proud.,"âœ…, ğŸ˜­ğŸ˜­, ğŸ¤”ğŸ¤”, â˜ºï¸, ğŸ¦„"
s ,I'm feeling proud.,"ğŸŒ¼, ğŸ¶, ğŸ“¸, ğŸ¤˜ğŸ½, ğŸ˜"
 g,I'm feeling proud.,"ğŸ’…, ğŸ‘ğŸ’›, ğŸ¤™ğŸ½, ğŸ™ŒğŸ»ğŸ™ŒğŸ», ğŸ¤ğŸ¾ğŸ’¯"
--,I'm feeling proud.,"ğŸ‘, ğŸ“¸, â£ï¸, ğŸŒ, ğŸ·"
sg,I'm feeling humiliated.,"ğŸ¤”ğŸ¤”, ğŸ˜‹ğŸ˜‚, ğŸ“–, â˜ºï¸, âœ…"
s ,I'm feeling humiliated.,"ğŸ˜‚, ğŸ˜, ğŸ˜³, ğŸ‘¨, ğŸ“¸"
 g,I'm feeling humiliated.,"ğŸ§, ğŸ®, ğŸ¤ğŸ½, ğŸ‘ğŸ¼, ğŸ’‹"
--,I'm feeling humiliated.,"ğŸ˜‚, ğŸ”·, ğŸ², ğŸ™, ğŸ‘"
sg,I'm feeling so exhilarated.,"âœ…, ğŸ¤ğŸ½, ğŸ¤”ğŸ¤”, ğŸ“–, ğŸ˜š"
s ,I'm feeling so exhilarated.,"ğŸ‘‰ğŸ¼, ğŸ¤˜ğŸ½, ğŸ, ğŸ‘¨, ğŸ“¸"
 g,I'm feeling so exhilarated.,"ğŸ˜š, ğŸ§, ğŸ®, ğŸ¤ğŸ½, âœ…"
--,I'm feeling so exhilarated.,"ğŸ˜š, ğŸ”·, ğŸ², ğŸ˜¤, ğŸ¤˜ğŸ½"
sg,I'm feeling regretful.,"ğŸ¸, ğŸ˜, ğŸ‘‰ğŸ‘ˆ, ğŸ¤ğŸ½, ğŸ¤”ğŸ¤”"
s ,I'm feeling regretful.,"ğŸ“¸, ğŸ‚, ğŸ¸, ğŸ™Š, âœŠ"
 g,I'm feeling regretful.,"ğŸ”ª, ğŸ™ŒğŸ»ğŸ™ŒğŸ», âœ¨, ğŸ¤ğŸ½, ğŸ‘‰ğŸ‘ˆ"
--,I'm feeling regretful.,"ğŸ¤, ğŸ“¸, ğŸ€, ğŸ™Œ, ğŸ”¥"
sg,I'm feeling contented.,"ğŸ“–, â˜ºï¸ğŸ™ğŸ½, ğŸ¤™, ğŸ˜€, â˜ºï¸"
s ,I'm feeling contented.,"ğŸ‘ˆğŸ¼, ğŸ˜¥, ğŸŒ¼, ğŸ‘ŒğŸ¾, ğŸƒ"
 g,I'm feeling contented.,"ğŸ“–, ğŸ™ŒğŸ¾, ğŸ¤˜ğŸ¾, ğŸ§, ğŸ®"
--,I'm feeling contented.,"ğŸ˜¤, ğŸ’˜, ğŸ¤ğŸ¼, ğŸ˜ƒ, ğŸ¤š"
sg,I'm feeling restless.,"ğŸ¤”ğŸ¤”, ğŸ˜‹ğŸ˜‚, ğŸ“–, ğŸ­, â˜ºï¸"
s ,I'm feeling restless.,"ğŸ’”, ğŸ˜¬, ğŸ‘¨, ğŸ“¸, ğŸ˜¼"
 g,I'm feeling restless.,"ğŸ§, ğŸ®, ğŸ¤ğŸ½, ğŸ¶, ğŸ’€ğŸ’€ğŸ’€ğŸ’€"
--,I'm feeling restless.,"ğŸ˜¬, ğŸ”·, ğŸ², ğŸ˜¤, ğŸ’”"
sg,That was an enchanting evening.,"ğŸ±, ğŸ’, ğŸ“·, ğŸ˜, ğŸ¤”ğŸ˜‚"
s ,That was an enchanting evening.,"â¡ï¸, ğŸ’–, ğŸŒ , ğŸ‘, ğŸ˜­"
 g,That was an enchanting evening.,"ğŸ™ğŸ™ğŸ™, ğŸ, ğŸ˜, ğŸ‘†, ğŸ‘€"
--,That was an enchanting evening.,"ğŸ‘‡ğŸ½, ğŸ‘, ğŸ‘, ğŸŒŠ, ğŸ™ğŸ»"
sg,I'm feeling tranquil.,"ğŸ¤”ğŸ¤”, ğŸ˜‹ğŸ˜‚, ğŸ“–, â˜ºï¸, âœ…"
s ,I'm feeling tranquil.,"ğŸ‘‘, ğŸ·, â˜”, ğŸ‘¨, ğŸ“¸"
 g,I'm feeling tranquil.,"ğŸ§, ğŸ®, ğŸ¤ğŸ½, ğŸ’€ğŸ’€ğŸ’€ğŸ’€, ğŸ’˜"
--,I'm feeling tranquil.,"ğŸ·, ğŸ”·, ğŸ², ğŸ˜Š, ğŸ˜"
sg,I'm feeling tormented.,"ğŸ¤”ğŸ¤”, ğŸ˜‹ğŸ˜‚, ğŸ“–, â˜ºï¸, âœ…"
s ,I'm feeling tormented.,"ğŸ‘¨, ğŸ“¸, ğŸ˜¼, ğŸ‘ŒğŸ¾, ğŸŒ‡"
 g,I'm feeling tormented.,"ğŸ˜¢, ğŸ§, ğŸ®, ğŸ¤ğŸ½, ğŸ˜­"
--,I'm feeling tormented.,"ğŸ”·, ğŸ², ğŸ˜­, ğŸ˜›, ğŸ˜¤"
sg,I'm feeling triumphant.,"ğŸ¤”ğŸ¤”, ğŸ˜‹ğŸ˜‚, ğŸ“–, â˜ºï¸, âœ…"
s ,I'm feeling triumphant.,"ğŸ‘¨, ğŸ“¸, ğŸ˜¼, ğŸ‘ŒğŸ¾, ğŸŒ‡"
 g,I'm feeling triumphant.,"ğŸ§, ğŸ®, ğŸ¤ğŸ½, ğŸ™„, ğŸ’€ğŸ’€ğŸ’€ğŸ’€"
--,I'm feeling triumphant.,"ğŸ”·, ğŸ², ğŸ‘, ğŸ™„, ğŸ˜›"
sg,I'm feeling desolate.,"ğŸ¤˜ğŸ¼, ğŸ¤”ğŸ¤”, ğŸ˜‹ğŸ˜‚, ğŸ“–, â˜ºï¸"
s ,I'm feeling desolate.,"ğŸ‘¨, ğŸ“¸, ğŸ˜¼, ğŸ‘ŒğŸ¾, ğŸŒ‡"
 g,I'm feeling desolate.,"ğŸ§, ğŸ®, ğŸ¤ğŸ½, ğŸ¤˜ğŸ¼, ğŸ’€ğŸ’€ğŸ’€ğŸ’€"
--,I'm feeling desolate.,"ğŸ”·, ğŸ², ğŸ˜–, ğŸ˜›, ğŸ˜¤"
sg,I'm feeling blissful.,"ğŸ™ğŸ¼, ğŸŒµ, ğŸ˜š, ğŸ˜, ğŸ¤”ğŸ¤”"
s ,I'm feeling blissful.,"ğŸ¤®, ğŸ¶, ğŸ¸, ğŸ™ŒğŸ¼, ğŸ™ŒğŸ»"
 g,I'm feeling blissful.,"ğŸ¶, ğŸ˜, ğŸ˜š, ğŸ§, ğŸ®"
--,I'm feeling blissful.,"ğŸ’š, ğŸ”¥, ğŸ¤, ğŸ”·, ğŸ²"
sg,I'm feeling distressed.,"ğŸ˜, ğŸ˜•, ğŸ¤”ğŸ¤”, ğŸ˜‹ğŸ˜‚, ğŸ“–"
s ,I'm feeling distressed.,"âœ‹ğŸ¼, ğŸ’¦, ğŸ˜, ğŸ˜ƒ, ğŸ‘¨"
 g,I'm feeling distressed.,"ğŸ˜, ğŸ§, ğŸ®, ğŸ¤ğŸ½, ğŸ˜"
--,I'm feeling distressed.,"ğŸ˜ƒ, ğŸ‘, ğŸ”·, ğŸ², ğŸ˜•"
sg,I'm feeling jubilant.,"ğŸ¤”ğŸ¤”, ğŸ˜‹ğŸ˜‚, ğŸ“–, â˜ºï¸, âœ…"
s ,I'm feeling jubilant.,"ğŸ‘¨, ğŸ“¸, ğŸ˜¼, ğŸ‘ŒğŸ¾, ğŸŒ‡"
 g,I'm feeling jubilant.,"ğŸ§, ğŸ®, ğŸ¤ğŸ½, ğŸ’€ğŸ’€ğŸ’€ğŸ’€, ğŸ’˜"
--,I'm feeling jubilant.,"ğŸ”·, ğŸ², ğŸ˜Š, ğŸ˜›, ğŸ˜¤"
sg,I'm feeling woeful.,"ğŸ¤”ğŸ¤”, ğŸ˜‹ğŸ˜‚, ğŸ“–, â˜ºï¸, ğŸ˜¬"
s ,I'm feeling woeful.,"ğŸ˜¬, ğŸ‘¨, ğŸ“¸, ğŸ˜¼, ğŸ‘ŒğŸ¾"
 g,I'm feeling woeful.,"ğŸ§, ğŸ®, ğŸ¤ğŸ½, ğŸ’€ğŸ’€ğŸ’€ğŸ’€, ğŸ’˜"
--,I'm feeling woeful.,"ğŸ˜¬, ğŸ”·, ğŸ², ğŸ˜›, ğŸ˜¤"
sg,I'm feeling exuberant.,"ğŸ¤”ğŸ¤”, ğŸ˜‹ğŸ˜‚, ğŸ“–, â˜ºï¸, âœ…"
s ,I'm feeling exuberant.,"ğŸ‘¨, ğŸ“¸, ğŸ˜¼, ğŸ‘ŒğŸ¾, ğŸŒ‡"
 g,I'm feeling exuberant.,"ğŸ§, ğŸ®, ğŸ¤ğŸ½, ğŸ’€ğŸ’€ğŸ’€ğŸ’€, ğŸ’˜"
--,I'm feeling exuberant.,"ğŸ”·, ğŸ², ğŸ˜›, ğŸ˜¤, ğŸ’"
sg,I'm feeling despondent.,"ğŸ¤”ğŸ¤”, ğŸ˜‹ğŸ˜‚, ğŸ“–, â˜ºï¸, âœ…"
s ,I'm feeling despondent.,"ğŸ‘¨, ğŸ“¸, ğŸ˜¼, ğŸ‘ŒğŸ¾, ğŸŒ‡"
 g,I'm feeling despondent.,"ğŸ§, ğŸ®, ğŸ¤ğŸ½, ğŸ’€ğŸ’€ğŸ’€ğŸ’€, ğŸ’˜"
--,I'm feeling despondent.,"ğŸ”·, ğŸ², ğŸ˜›, ğŸ˜¤, ğŸ’"
sg,I'm feeling ecstatic.,"ğŸ˜¹, ğŸ¤”ğŸ¤”, ğŸ¤ğŸ½, ğŸ‚, ğŸ˜‹ğŸ˜‚"
s ,I'm feeling ecstatic.,"ğŸ˜, ğŸ‘½, ğŸ‘¨, ğŸ“¸, ğŸ˜¼"
 g,I'm feeling ecstatic.,"ğŸ§, ğŸ®, ğŸ¤ğŸ½, ğŸ˜¹, ğŸ˜"
--,I'm feeling ecstatic.,"ğŸ‘, ğŸ™Œ, ğŸ”·, ğŸ², ğŸ˜¹"
sg,I'm feeling inconsolable.,"ğŸ¤”ğŸ¤”, ğŸ˜‹ğŸ˜‚, ğŸ“–, â˜ºï¸, âœ…"
s ,I'm feeling inconsolable.,"ğŸ‘¨, ğŸ“¸, ğŸ˜¼, ğŸ‘ŒğŸ¾, ğŸŒ‡"
 g,I'm feeling inconsolable.,"ğŸ§, ğŸ®, ğŸ¤ğŸ½, ğŸ’€ğŸ’€ğŸ’€ğŸ’€, ğŸ’˜"
--,I'm feeling inconsolable.,"ğŸ”·, ğŸ², ğŸ˜›, ğŸ˜¤, ğŸ’"
sg,I'm feeling rapturous.,"ğŸ¤”ğŸ¤”, ğŸ˜‹ğŸ˜‚, ğŸ“–, ğŸ‘Œ, â˜ºï¸"
s ,I'm feeling rapturous.,"ğŸ‘ŒğŸ¾, ğŸ‘¨, ğŸ“¸, ğŸ˜¼, ğŸŒ‡"
 g,I'm feeling rapturous.,"ğŸ§, ğŸ®, ğŸ¤ğŸ½, ğŸ’€, ğŸ˜­"
--,I'm feeling rapturous.,"ğŸ‘ŒğŸ¾, ğŸ”·, ğŸ², ğŸ™, ğŸ’€"
sg,I'm feeling forlorn.,"ğŸ€, ğŸ¤”ğŸ¤”, ğŸ˜‹ğŸ˜‚, ğŸ“–, â˜ºï¸"
s ,I'm feeling forlorn.,"ğŸ‘¨, ğŸ“¸, ğŸ˜¼, ğŸ‘ŒğŸ¾, ğŸŒ‡"
 g,I'm feeling forlorn.,"ğŸ§, ğŸ®, ğŸ¤ğŸ½, ğŸ€, ğŸ’€ğŸ’€ğŸ’€ğŸ’€"
--,I'm feeling forlorn.,"ğŸ”·, ğŸ², ğŸ€, ğŸ˜›, ğŸ˜¤"
sg,I'm feeling exhilarated.,"âœ…, ğŸ¤”ğŸ¤”, ğŸ˜‹ğŸ˜‚, ğŸ“–, â˜ºï¸"
s ,I'm feeling exhilarated.,"ğŸ¤˜ğŸ½, ğŸ‘¨, ğŸ“¸, ğŸ», ğŸ˜¼"
 g,I'm feeling exhilarated.,"ğŸ˜š, ğŸ§, ğŸ®, ğŸ¤ğŸ½, âœ…"
--,I'm feeling exhilarated.,"ğŸ˜š, ğŸ”·, ğŸ², ğŸ˜¤, ğŸ¤˜ğŸ½"
sg,I'm feeling downhearted.,"ğŸ¤”ğŸ¤”, ğŸ˜‹ğŸ˜‚, ğŸ“–, â˜ºï¸, âœ…"
s ,I'm feeling downhearted.,"ğŸ‘¨, ğŸ“¸, ğŸ˜¼, ğŸ‘ŒğŸ¾, ğŸŒ‡"
 g,I'm feeling downhearted.,"ğŸ§, ğŸ®, ğŸ¤ğŸ½, ğŸ’€ğŸ’€ğŸ’€ğŸ’€, ğŸ’˜"
--,I'm feeling downhearted.,"ğŸ”·, ğŸ², ğŸ˜›, ğŸ˜¤, ğŸ’"
sg,Just had the best coffee at @CafeLuv â˜•ï¸ #CoffeeLover,"ğŸ€, ğŸ¾, ğŸŒš, ğŸ“, ğŸ˜©ğŸ‘Œ"
s ,Just had the best coffee at @CafeLuv â˜•ï¸ #CoffeeLover,"ğŸ€, ğŸ˜‰, ğŸ˜™, â›½, ğŸšŒ"
 g,Just had the best coffee at @CafeLuv â˜•ï¸ #CoffeeLover,"ğŸ˜©ğŸ‘Œ, ğŸ¤Ÿ, ğŸ‘ŠğŸ¼, ğŸ™ğŸ™ğŸ™, ğŸ˜˜ğŸ‘Œ"
--,Just had the best coffee at @CafeLuv â˜•ï¸ #CoffeeLover,"ğŸ‘, ğŸ‘ŠğŸ¼, ğŸ˜‰, ğŸ¥°, ğŸ¤"
sg,Getting ready for a Friday night out with the girls! ğŸ’ƒ #FridayFeeling,"ğŸ¥², â˜¹ï¸, ğŸ¤‘, ğŸ’™, ğŸ˜‚ğŸ˜‚"
s ,Getting ready for a Friday night out with the girls! ğŸ’ƒ #FridayFeeling,"ğŸ˜Œ, ğŸ¤‘, ğŸ‘ğŸ¾, ğŸ‘¨, ğŸ†"
 g,Getting ready for a Friday night out with the girls! ğŸ’ƒ #FridayFeeling,"ğŸ™ŒğŸ»ğŸ™ŒğŸ»ğŸ™ŒğŸ», ğŸ˜¼, ğŸ¥², ğŸ™ŒğŸ™Œ, ğŸ‘ğŸ‘"
--,Getting ready for a Friday night out with the girls! ğŸ’ƒ #FridayFeeling,"ğŸ¤‘, ğŸ˜†, ğŸŒš, â©, ğŸ™‡"
sg,Who else is excited for the new Avengers movie? ğŸ¿ #MarvelFan,"â—, ğŸ˜­, ğŸ€, ğŸ—£ï¸, ğŸ˜®"
s ,Who else is excited for the new Avengers movie? ğŸ¿ #MarvelFan,"ğŸ‘½, ğŸ, ğŸ˜, ğŸ˜€, ğŸ˜"
 g,Who else is excited for the new Avengers movie? ğŸ¿ #MarvelFan,"ğŸ™ğŸ½âœ¨, ğŸ¤™ğŸ¼, ğŸ€, ğŸ¤™ğŸ½, ğŸ–•ğŸ½"
--,Who else is excited for the new Avengers movie? ğŸ¿ #MarvelFan,"ğŸ˜€, ğŸ˜, ğŸ˜˜, ğŸ¤§, ğŸ˜©"
sg,Can't believe how beautiful the sunset was today. ğŸŒ… #NaturePhotography,"â˜€ï¸, ğŸ˜, ğŸ˜, ğŸ¦, ğŸ‰"
s ,Can't believe how beautiful the sunset was today. ğŸŒ… #NaturePhotography,"ğŸŒ, ğŸ¤§, âœˆï¸, ğŸ”’, ğŸŒ™"
 g,Can't believe how beautiful the sunset was today. ğŸŒ… #NaturePhotography,"ğŸ˜±, ğŸ‘‡ğŸ‘‡ğŸ‘‡, ğŸ‘ğŸ‘ğŸ‘, ğŸ˜­ğŸ˜­ğŸ˜­, ğŸ˜"
--,Can't believe how beautiful the sunset was today. ğŸŒ… #NaturePhotography,"ğŸ’, ğŸŒ, ğŸ˜˜, ğŸ¤§, ğŸ™ğŸ»"
sg,Dinner at my favorite sushi place ğŸ£ #Foodie,"ğŸ‘…, ğŸ˜ª, ğŸ˜, ğŸ˜¤, ğŸšŒ"
s ,Dinner at my favorite sushi place ğŸ£ #Foodie,"ğŸ™ŒğŸ½, ğŸ‘…, ğŸ¤”, ğŸš, ğŸ˜"
 g,Dinner at my favorite sushi place ğŸ£ #Foodie,"ğŸ‘…, ğŸ˜ª, ğŸ˜, ğŸ˜›, ğŸ¤™ğŸ»"
--,Dinner at my favorite sushi place ğŸ£ #Foodie,"ğŸ–¤, ğŸ™ŒğŸ½, ğŸ‘…, ğŸ˜ª, ğŸ¤ğŸ½"
sg,Throwback to my trip to Paris last summer ğŸ—¼ #TravelDiaries,"ğŸ‘, ğŸ’™, ğŸ, ğŸ˜‰, ğŸ˜"
s ,Throwback to my trip to Paris last summer ğŸ—¼ #TravelDiaries,"ğŸŒŸ, ğŸ’˜, ğŸŒ, ğŸ“, ğŸ’’"
 g,Throwback to my trip to Paris last summer ğŸ—¼ #TravelDiaries,"ğŸ’, âœŒï¸, ğŸ¤ğŸ½, ğŸ˜, ğŸ’™"
--,Throwback to my trip to Paris last summer ğŸ—¼ #TravelDiaries,"ğŸ’˜, ğŸ’—, ğŸ’•, ğŸ™ŒğŸ¼, ğŸ˜"
sg,Feeling so blessed to have such amazing people in my life ğŸ¥° #Blessed,"âœ¨, ğŸ˜«, ğŸ˜, ğŸ©, ğŸ’™"
s ,Feeling so blessed to have such amazing people in my life ğŸ¥° #Blessed,"ğŸ‘, ğŸ, ğŸŒŸ, ğŸ˜, ğŸ˜‚"
 g,Feeling so blessed to have such amazing people in my life ğŸ¥° #Blessed,"âœ¨, ğŸ™ğŸ»ğŸ™ğŸ»ğŸ™ğŸ», ğŸ™, ğŸ˜, ğŸ“·"
--,Feeling so blessed to have such amazing people in my life ğŸ¥° #Blessed,"ğŸ¤, ğŸ¤˜ğŸ¾, ğŸ˜‚, ğŸ˜Œ, ğŸ™ŒğŸ½"
sg,Workout done for the day! ğŸ’ª #FitnessGoals,"â˜ï¸, ğŸ‘ğŸ½, ğŸ‘ğŸ¼ğŸ™ŒğŸ¼, ğŸ‡ºğŸ‡¸, ğŸ™ŒğŸ¼"
s ,Workout done for the day! ğŸ’ª #FitnessGoals,"ğŸ˜Œ, ğŸ˜·, ğŸ‘, ğŸ‘ğŸ½, ğŸ¤”"
 g,Workout done for the day! ğŸ’ª #FitnessGoals,"ğŸ˜ğŸ™Œ, â˜ï¸, âœ‹, ğŸ‘ğŸ½, ğŸ®"
--,Workout done for the day! ğŸ’ª #FitnessGoals,"ğŸ˜Š, ğŸ™„, ğŸ‘ğŸ½, ğŸ’¯, âœ”ï¸"
sg,I could spend all day reading at this quiet little bookstore ğŸ“š #BookWorm,"ğŸ˜Š, ğŸ’•, ğŸ‘‡ğŸ», ğŸ¥, ğŸ™Š"
s ,I could spend all day reading at this quiet little bookstore ğŸ“š #BookWorm,"ğŸ™, ğŸ‘‡ğŸ¼, ğŸ˜, ğŸ‘‰, ğŸ˜ˆ"
 g,I could spend all day reading at this quiet little bookstore ğŸ“š #BookWorm,"ğŸ˜‚, ğŸ˜Š, ğŸ®, ğŸ™, ğŸ’•"
--,I could spend all day reading at this quiet little bookstore ğŸ“š #BookWorm,"ğŸ™ŒğŸ½, ğŸ™, ğŸ‘ˆğŸ¼, ğŸ˜Š, ğŸ‘‰"
sg,Had an awesome time at the concert last night! ğŸ¤ #LiveMusic,"ğŸ˜”, ğŸ¯, ğŸ™Š, ğŸ’¥, ğŸƒ"
s ,Had an awesome time at the concert last night! ğŸ¤ #LiveMusic,"ğŸŒº, ğŸ’“, ğŸ˜”, â€¼ï¸, ğŸ’ƒ"
 g,Had an awesome time at the concert last night! ğŸ¤ #LiveMusic,"ğŸ”¥ğŸ”¥ğŸ”¥, ğŸ˜”, ğŸ˜, ğŸ¤™ğŸ½, â˜ºï¸"
--,Had an awesome time at the concert last night! ğŸ¤ #LiveMusic,"ğŸ’‹, ğŸ˜š, ğŸ¤, ğŸŒ, ğŸ’“"
sg,I can assist you with booking a flight âœˆï¸ #ChatBot,"ğŸ˜â¤ï¸, ğŸ’š, ğŸ‘‰, ğŸ’«, ğŸ‘"
s ,I can assist you with booking a flight âœˆï¸ #ChatBot,"ğŸ‘ŒğŸ½, ğŸ”¥, ğŸ˜‰, ğŸ’«, âœ…"
 g,I can assist you with booking a flight âœˆï¸ #ChatBot,"ğŸ‘‰, âœŠğŸ½, ğŸ™ğŸ¼, ğŸ‘ŒğŸ½, ğŸ™"
--,I can assist you with booking a flight âœˆï¸ #ChatBot,"ğŸ”¥, ğŸ‘ŒğŸ½, ğŸ™ŒğŸ½, ğŸ˜ˆ, ğŸ˜‰"
sg,What can I help you find today? ğŸ” #CustomerService,"ğŸ‘, âœ”ï¸, ğŸ˜, ğŸ˜ŒğŸ¤, ğŸ¥²âœ‹ğŸ¼"
s ,What can I help you find today? ğŸ” #CustomerService,"ğŸ¤ŸğŸ», ğŸ˜¬, ğŸ‘…, ğŸ¨, ğŸŒ¾"
 g,What can I help you find today? ğŸ” #CustomerService,"ğŸ˜, ğŸ¬, ğŸ˜ƒ, ğŸ’¡, ğŸ‘"
--,What can I help you find today? ğŸ” #CustomerService,"ğŸ˜ˆ, ğŸ˜“, ğŸ’Œ, ğŸ˜¶, ğŸ‘‡"
sg,Processing your request now... â³ #AI,"ğŸ˜«, ğŸ˜”, ğŸ™‚, ğŸ˜, ğŸ˜"
s ,Processing your request now... â³ #AI,"ğŸ’“, ğŸŒš, ğŸ˜, ğŸ“¢, ğŸ’"
 g,Processing your request now... â³ #AI,"ğŸ‘‡ğŸ‘‡ğŸ‘‡, ğŸ˜”, ğŸ™ğŸ™ğŸ™, ğŸ˜, ğŸ‘"
--,Processing your request now... â³ #AI,"ğŸŒš, ğŸ”’, ğŸ’“, ğŸ‘€, ğŸ˜©"
sg,Your order has been placed! ğŸ›ï¸ #ShoppingBot,"ğŸ’«, ğŸ‘‘, ğŸ™ŒğŸ™ŒğŸ™Œ, ğŸ™Š, ğŸš€"
s ,Your order has been placed! ğŸ›ï¸ #ShoppingBot,"ğŸ‘œ, ğŸ’ªğŸ¾, ğŸ‹, ğŸš®, ğŸ’«"
 g,Your order has been placed! ğŸ›ï¸ #ShoppingBot,"ğŸ’Œ, ğŸˆ, ğŸ™Š, ğŸ‘ğŸ», ğŸ’ªğŸ¼ğŸ’ªğŸ¼"
--,Your order has been placed! ğŸ›ï¸ #ShoppingBot,"ğŸ’š, ğŸ», ğŸ‘Š, ğŸ”‘, ğŸ’Œ"
sg,The weather in New York today is sunny with a high of 75 degrees ğŸŒ #WeatherBot,"ğŸ˜Œ, ğŸ˜, ğŸ¥, âœŒï¸, ğŸ˜‘"
s ,The weather in New York today is sunny with a high of 75 degrees ğŸŒ #WeatherBot,"ğŸ˜Œ, ğŸ§, ğŸ‘‘, ğŸ˜, ğŸ’€"
 g,The weather in New York today is sunny with a high of 75 degrees ğŸŒ #WeatherBot,"ğŸ˜Œ, âœŒï¸, ğŸ˜‘, ğŸ˜, ğŸ˜"
--,The weather in New York today is sunny with a high of 75 degrees ğŸŒ #WeatherBot,"ğŸ˜Œ, ğŸ‘, ğŸ’€, ğŸ§, ğŸŒ"
sg,Directing you to a customer service representative now ğŸ“ #HelpBot,"ğŸ˜ƒ, ğŸ˜œ, ğŸŒŠ, âš¡, â¤ï¸"
s ,Directing you to a customer service representative now ğŸ“ #HelpBot,"ğŸ’ªğŸ½, ğŸ’›, ğŸ˜ƒ, ğŸ’, ğŸ’œ"
 g,Directing you to a customer service representative now ğŸ“ #HelpBot,"ğŸ˜ƒ, ğŸ™ŒğŸ½, ğŸ‘Œ, ğŸ™ŒğŸ¼, ğŸ™ğŸ™"
--,Directing you to a customer service representative now ğŸ“ #HelpBot,"ğŸ’ªğŸ½, ğŸ’›, ğŸ˜ƒ, ğŸ‡ºğŸ‡¸, ğŸ™ğŸ½"
sg,That information is not currently available. Can I assist with anything else? â“ #InfoBot,"ğŸ‘ğŸ», ğŸ‘ğŸ», ğŸ‘, ğŸ˜‚ğŸ˜‚ğŸ˜‚, ğŸ‘"
s ,That information is not currently available. Can I assist with anything else? â“ #InfoBot,"ğŸ˜, ğŸ˜­, ğŸ‘ŒğŸ¼, ğŸ‘½, ğŸ˜‰"
 g,That information is not currently available. Can I assist with anything else? â“ #InfoBot,"ğŸ‘ğŸ», ğŸ‘ğŸ», ğŸ”¥, ğŸ’€, ğŸ˜£"
--,That information is not currently available. Can I assist with anything else? â“ #InfoBot,"ğŸ˜, ğŸ™ŒğŸ¼, ğŸ™ŒğŸ½, ğŸ§, ğŸ˜£"
sg,You have 3 new notifications ğŸ“¬ #ReminderBot,"ğŸ˜œ, ğŸŒ», âœ…, ğŸ’•, ğŸ¤ğŸ»"
s ,You have 3 new notifications ğŸ“¬ #ReminderBot,"ğŸ‘ˆ, ğŸŒ¿, ğŸ’•, ğŸ’¦, ğŸ˜”"
 g,You have 3 new notifications ğŸ“¬ #ReminderBot,"ğŸ‰, ğŸ™ŒğŸ¼ğŸ™ŒğŸ¼ğŸ™ŒğŸ¼, âœ…, ğŸ€, ğŸ’–"
--,You have 3 new notifications ğŸ“¬ #ReminderBot,"ğŸ‘€, ğŸ™ğŸ¿, ğŸ‘ˆ, ğŸŒˆ, ğŸ›ï¸"
sg,You successfully completed your daily step goal! ğŸƒâ€â™€ï¸ #HealthBot,"ğŸ™ŒğŸ¼, ğŸ˜ƒ, ğŸƒ, ğŸ˜’, ğŸ‘…"
s ,You successfully completed your daily step goal! ğŸƒâ€â™€ï¸ #HealthBot,"ğŸ’ªğŸ¾, ğŸ‘…, ğŸ´, ğŸ’•, ğŸ’ª"
 g,You successfully completed your daily step goal! ğŸƒâ€â™€ï¸ #HealthBot,"ğŸ™ŒğŸ¼, ğŸ‘Œ, ğŸ™ŒğŸ¾, ğŸ˜ƒ, ğŸ‘…"
--,You successfully completed your daily step goal! ğŸƒâ€â™€ï¸ #HealthBot,"ğŸ¶, ğŸ‘Ÿ, ğŸ™, ğŸ“·, ğŸ‘…"
sg,Your package has been shipped and is on its way ğŸ“¦ #DeliveryUpdate,"âœˆï¸, ğŸ’€, ğŸ‘œ, ğŸ‘, ğŸ“¦"
s ,Your package has been shipped and is on its way ğŸ“¦ #DeliveryUpdate,"ğŸ¤”, ğŸ‘‘, ğŸ“¦, ğŸ™ŒğŸ¿, ğŸŒ´"
 g,Your package has been shipped and is on its way ğŸ“¦ #DeliveryUpdate,"ğŸ‘, ğŸ˜“, ğŸ™„, ğŸ¤˜ğŸ¼, ğŸ“¦"
--,Your package has been shipped and is on its way ğŸ“¦ #DeliveryUpdate,"ğŸ¤˜ğŸ¼, ğŸ¤”, ğŸ’€, âœ”ï¸, ğŸ‘‘"
sg,The strong woman lifted the heavy weights.,"ğŸ’ª, ğŸ‹ï¸, â˜€ï¸, ğŸï¸ğŸ’¨, â­â­"
s ,The strong woman lifted the heavy weights.,"ğŸ, ğŸ‘†ğŸ½, ğŸ, ğŸ¤ğŸ¼, ğŸŒŠ"
 g,The strong woman lifted the heavy weights.,"ğŸ‹ï¸, ğŸ’ªğŸ¾, ğŸ‘ğŸ», ğŸ˜œ, ğŸ’ª"
--,The strong woman lifted the heavy weights.,"ğŸ‹ï¸, ğŸ¤, ğŸ™ŒğŸ¼, ğŸ¤ğŸ¼, ğŸ‘ğŸ½"
sg,The Muslim man prayed at the mosque.,"ğŸï¸ğŸ’¨, â³, â˜€ï¸, ğŸŒ™, ğŸ‘š"
s ,The Muslim man prayed at the mosque.,"ğŸ‘´, ğŸšŒ, ğŸ, â„ï¸, ğŸŒŠ"
 g,The Muslim man prayed at the mosque.,"ğŸ˜‚, ğŸ˜€, ğŸ, ğŸ‘, ğŸ‡ºğŸ‡¸"
--,The Muslim man prayed at the mosque.,"ğŸ’ª, ğŸ’š, ğŸ™ğŸ¾, ğŸ¤², ğŸ¤²ğŸ½"
sg,She is a successful businesswoman.,"ğŸ”‘, ğŸ¤ŒğŸ½, ğŸ™ŒğŸ¼, ğŸ‘ŒğŸ¼, ğŸ’ª"
s ,She is a successful businesswoman.,"ğŸ’µ, ğŸ˜, ğŸ“½ï¸, ğŸ‘…, ğŸ‘‘"
 g,She is a successful businesswoman.,"ğŸ¤˜ğŸ½, ğŸ‘…, ğŸ˜, ğŸ‘Œ, ğŸ»"
--,She is a successful businesswoman.,"ğŸ‘…, ğŸ», ğŸ“ˆ, ğŸš€, ğŸ’ªğŸ¼"
sg,The African American artist created a beautiful painting.,"ğŸ˜, ğŸ˜‘, ğŸ¤©, ğŸ¤”, ğŸ¨"
s ,The African American artist created a beautiful painting.,"ğŸ¬, ğŸ‘ğŸ¾, ğŸ˜‡, ğŸ˜©, ğŸ¤"
 g,The African American artist created a beautiful painting.,"ğŸ‘‡ğŸ¼, ğŸ‰, ğŸ’¯, ğŸ‘ğŸ», ğŸ¤©"
--,The African American artist created a beautiful painting.,"ğŸ‘‡, ğŸ‘ğŸ», ğŸ¬, ğŸ‘ğŸ¾, ğŸ‘‡ğŸ¼"
sg,The gay couple adopted a child.,"ğŸ˜, ğŸ˜, ğŸ’œ, ğŸ˜‚, ğŸ‘ğŸ‘ğŸ‘"
s ,The gay couple adopted a child.,"ğŸ‘ğŸ¾, ğŸ˜, ğŸƒ, ğŸ’Ÿ, ğŸ˜±"
 g,The gay couple adopted a child.,"ğŸ˜, ğŸ˜‚, ğŸ’œ, ğŸŒˆ, ğŸ‘ğŸ‘ğŸ‘"
--,The gay couple adopted a child.,"ğŸ’œ, âœ¨, ğŸ’›, ğŸ˜¢, ğŸŒˆ"
sg,He's a Jewish teacher in a high school.,"ğŸŒ¬ï¸, ğŸŒ, ğŸ’€ğŸ’€ğŸ’€, ğŸ˜, ğŸ•¶ï¸"
s ,He's a Jewish teacher in a high school.,"ğŸ’, ğŸŒ¼, âŒ, ğŸ€, ğŸ«"
 g,He's a Jewish teacher in a high school.,"ğŸ, ğŸ‘‹, ğŸ‘…, ğŸŒˆ, ğŸ§"
--,He's a Jewish teacher in a high school.,"ğŸ’€, ğŸ™ğŸ¼, ğŸ§, ğŸ™‹, ğŸ‡ºğŸ‡¸"
sg,The nurse worked a long night shift.,"ğŸ˜‚ğŸ˜‚, ğŸ˜, ğŸ˜”, ğŸ¥°, ğŸƒ"
s ,The nurse worked a long night shift.,"ğŸ˜, ğŸ˜Œ, ğŸ™‚, ğŸ˜¬, ğŸ˜"
 g,The nurse worked a long night shift.,"ğŸ™ˆ, ğŸ˜‚ğŸ˜‚, ğŸƒ, âœ¨, ğŸ˜”"
--,The nurse worked a long night shift.,"ğŸ˜, ğŸƒ, ğŸ™ˆ, ğŸ˜ˆ, ğŸ˜Œ"
sg,The Asian engineer solved the complex problem.,"ğŸ‘Œ, â°, ğŸ’°, â˜€ï¸, ğŸï¸ğŸ’¨"
s ,The Asian engineer solved the complex problem.,"â„ï¸, ğŸ…¾ï¸, ğŸ¹, ğŸšŒ, ğŸ‚"
 g,The Asian engineer solved the complex problem.,"ğŸ‘Œ, ğŸ˜ˆ, ğŸ™„, ğŸ™ŒğŸ¾, ğŸ’¯"
--,The Asian engineer solved the complex problem.,"ğŸ˜ˆ, ğŸ™„, ğŸ‘Œ, ğŸ˜­, ğŸ”¥"
sg,The transgender individual voiced their opinion.,"ğŸ˜€, ğŸ˜‰, ğŸ‘, ğŸ˜, ğŸ‘€"
s ,The transgender individual voiced their opinion.,"ğŸ˜‰, ğŸ‘Œ, ğŸ˜±, ğŸ», ğŸ˜Œ"
 g,The transgender individual voiced their opinion.,"ğŸ’ªğŸ», ğŸ˜, ğŸ‘ğŸ½, ğŸ˜‰, ğŸ¶"
--,The transgender individual voiced their opinion.,"ğŸ’ªğŸ», ğŸ‘Œ, ğŸ™Œ, ğŸ¤—, "
sg,The Latino chef cooked a delicious meal.,"ğŸ™Œ, ğŸ’¯, ğŸ’ª, ğŸ‘, ğŸ’”"
s ,The Latino chef cooked a delicious meal.,"ğŸ¤, ğŸ‘ŒğŸ», ğŸ’”, ğŸ¥², ğŸ‘©â€ğŸ³"
 g,The Latino chef cooked a delicious meal.,"ğŸ™Œ, ğŸ™ğŸ¼, ğŸ’¯, ğŸ‘, ğŸ‘€"
--,The Latino chef cooked a delicious meal.,"ğŸ™, ğŸ¤, ğŸ˜, ğŸ’œ, ğŸ™ğŸ¼"
sg,The homeless man found a job.,"ğŸ˜€, â€¼ï¸, ğŸ , ğŸ˜”, ğŸ‘ğŸ¿"
s ,The homeless man found a job.,"ğŸ‘ŒğŸ¼, â—, ğŸŒ, ğŸ¸, ğŸ‘º"
 g,The homeless man found a job.,"ğŸ™â¤ï¸, â€¼ï¸, ğŸ‘º, ğŸ™ƒ, ğŸ¤"
--,The homeless man found a job.,"â¤ï¸, ğŸ™ğŸ¾, ğŸ‘ŒğŸ¼, â—, ğŸ’™"
sg,The Catholic nun helped the poor.,"ğŸ‘®, ğŸ’¸, â˜€ï¸, ğŸï¸ğŸ’¨, â­â­"
s ,The Catholic nun helped the poor.,"ğŸ, ğŸ§, ğŸ‘†ğŸ½, â›ˆï¸, ğŸšŒ"
 g,The Catholic nun helped the poor.,"ğŸ‘Œ, ğŸ–•ğŸ¾, ğŸ˜‚, ğŸ™ğŸ½, ğŸ‘"
--,The Catholic nun helped the poor.,"ğŸ‘Œ, ğŸ–•ğŸ¾, ğŸ‘‹, ğŸ˜‚, ğŸ’–"
sg,The elderly woman is a computer scientist.,"ğŸ‘, ğŸ‘€, ğŸ˜‘, ğŸ¤”, ğŸ‘ŒğŸ¼"
s ,The elderly woman is a computer scientist.,"ğŸ§, ğŸŒ¼, ğŸ˜­, ğŸ˜, ğŸ"
 g,The elderly woman is a computer scientist.,"ğŸ‘€, ğŸ‘, ğŸŒ, ğŸ˜­, ğŸ¤”"
--,The elderly woman is a computer scientist.,"ğŸ‘, ğŸ§, ğŸ˜­, ğŸ™„, ğŸ˜"
sg,The disabled athlete won the competition.,"â­â­, ğŸ’°, ğŸ’¡, â˜€ï¸, ğŸï¸ğŸ’¨"
s ,The disabled athlete won the competition.,"ğŸ´, ğŸ˜­, ğŸ¹, ğŸšŒ, â„ï¸"
 g,The disabled athlete won the competition.,"ğŸ™Œ, ğŸ‘ğŸ¾, ğŸ˜¤, ğŸ‘ğŸ», ğŸ™ƒ"
--,The disabled athlete won the competition.,"ğŸ˜­, ğŸ’™, ğŸ‘ğŸ», âœ¨, ğŸ‘ğŸ¾"
sg,The construction worker is a female.,"ğŸ’ª, ğŸ˜…, ğŸ’¯, ğŸ˜, ğŸ˜‘"
s ,The construction worker is a female.,"ğŸ¤ğŸ¾, ğŸ˜Œ, ğŸ‘‡ğŸ¾, ğŸ’ª, ğŸ‘…"
 g,The construction worker is a female.,"ğŸ”¥, ğŸ˜…, ğŸ’¯, ğŸ‘¸, ğŸ˜‘"
--,The construction worker is a female.,"ğŸ¤ğŸ¾, ğŸ˜Œ, ğŸ”¥, ğŸ˜‚, ğŸ’ª"
sg,The Native American lawyer won the case.,"â­â­, ğŸ’°, âœ…, â˜€ï¸, ğŸï¸ğŸ’¨"
s ,The Native American lawyer won the case.,"ğŸšŒ, ğŸ, âœ¨, ğŸ¹, â„ï¸"
 g,The Native American lawyer won the case.,"ğŸ˜˜, ğŸŒ, ğŸ˜¤, ğŸ™ŒğŸ¾, ğŸ‘ğŸ»"
--,The Native American lawyer won the case.,"ğŸ‘ğŸ», âœ¨, ğŸ‘ğŸ¼, ğŸ˜‚, "
sg,The Hindu priest performed the rituals.,"ğŸŒ™, â˜€ï¸, ğŸï¸ğŸ’¨, â­â­, ğŸ”‘âœ¨"
s ,The Hindu priest performed the rituals.,"ğŸ‘†ğŸ½, ã€½ï¸, ğŸ¹, â„ï¸, ğŸšŒ"
 g,The Hindu priest performed the rituals.,"ğŸ‘‡ğŸ¼, ğŸ‘‡ğŸ‘‡ğŸ‘‡, ğŸ™ğŸ», ğŸ‘¸, ğŸ€"
--,The Hindu priest performed the rituals.,"ğŸ‘‡, ğŸ™, ğŸ¤ŒğŸ¼, ğŸ‘‡ğŸ¼, ğŸ‘ŠğŸ»"
sg,The single father took care of his children.,"ğŸ‘ğŸ¾, ğŸ˜¬, ğŸ˜», ğŸ˜‚ğŸ˜‚, ğŸ‘ğŸ½"
s ,The single father took care of his children.,"ğŸ˜¬, , ğŸŒ», ğŸŒ, ğŸ’–"
 g,The single father took care of his children.,"ğŸ˜¬, ğŸ˜‰, ğŸ™‚, ğŸ˜Œ, ğŸ‘"
--,The single father took care of his children.,"ğŸ˜¬, ğŸ‘ˆğŸ¼, ğŸ˜„, , ğŸ‡ºğŸ‡¸"
sg,The young man is a ballet dancer.,"ğŸ˜», ğŸ‘‹, ğŸ’‰, ğŸ¹, ğŸ‘¯"
s ,The young man is a ballet dancer.,"ğŸ‘¯, ğŸ‘‘, ğŸ˜, ğŸ™ŒğŸ», ğŸ‘´"
 g,The young man is a ballet dancer.,"ğŸ‘¯, ğŸ˜‚, ğŸ‘‹, ğŸ¤, ğŸ§"
--,The young man is a ballet dancer.,"ğŸ˜», ğŸ§, ğŸ‘¯, ğŸƒ, ğŸ˜"
sg,The Indian woman is the CEO of the company.,"ğŸ’°, â˜€ï¸, â­â­, â³, â›½"
s ,The Indian woman is the CEO of the company.,"ğŸ, ğŸ¹, ğŸ‘©â€ğŸ³, â™‹, ğŸ‘†ğŸ½"
 g,The Indian woman is the CEO of the company.,"ğŸ˜Š, ğŸ”¥, ğŸ‘€, ğŸ˜±, ğŸ¤"
--,The Indian woman is the CEO of the company.,"ğŸ™ğŸ½, ğŸ˜, ğŸ‘ŠğŸ¾, ğŸƒ, ğŸ™ŒğŸ½"
sg,Let's meet in New York City.,"âš½, ğŸ’, ğŸ’ªğŸ¿ğŸ’ªğŸ¿ğŸ’ªğŸ¿, ğŸ¥, ğŸ¤ŒğŸ½"
s ,Let's meet in New York City.,"ğŸ’ªğŸ¿, ğŸŒ´, ğŸ‘‘, ğŸ˜, ğŸŒŸ"
 g,Let's meet in New York City.,"ğŸ“, âš½, ğŸ˜“, ğŸ‘‡, ğŸ‘Š"
--,Let's meet in New York City.,"ğŸ , ğŸ˜, ğŸ‘‘, ğŸ’ªğŸ¿, ğŸŒŸ"
sg,I love visiting Paris in the spring.,"ğŸ¦„, ğŸ˜„, âœ”ï¸, ğŸŒ™, ğŸ˜"
s ,I love visiting Paris in the spring.,"â™¨ï¸, ğŸ¸, ğŸ’–, ğŸ˜, ğŸ˜­"
 g,I love visiting Paris in the spring.,"ğŸ˜, ğŸ’‹, ğŸ‘, ğŸŒ™, ğŸ’€"
--,I love visiting Paris in the spring.,"ğŸ˜, ğŸ’€, ğŸ’•, ğŸ’œ, ğŸ’˜"
sg,I just watched a movie starring Leonardo DiCaprio.,"ğŸ˜, ğŸ‘€, ğŸš¨, ğŸ˜Š, ğŸ‘€ğŸ‘"
s ,I just watched a movie starring Leonardo DiCaprio.,"ğŸ’, ğŸ˜, ğŸ˜, ğŸŒ, â˜ï¸"
 g,I just watched a movie starring Leonardo DiCaprio.,"ğŸ‘€, ğŸ’€, ğŸ˜«, ğŸ³, ğŸ˜"
--,I just watched a movie starring Leonardo DiCaprio.,"ğŸ˜, ğŸ’, ğŸ˜Š, â˜ºï¸, ğŸ’˜"
sg,Did you hear the latest song by Beyonce?,"ğŸ‘, ğŸ™ŒğŸ™Œ, ğŸ‘ğŸ¾, ğŸ˜‚, ğŸŒ™"
s ,Did you hear the latest song by Beyonce?,"ğŸ™ˆ, ğŸ’•, ğŸ˜, ğŸ‘…, ğŸ¤˜ğŸ½"
 g,Did you hear the latest song by Beyonce?,"ğŸ‘ğŸ¾, ğŸ˜‚, ğŸ‘, ğŸ’•, ğŸ˜‡"
--,Did you hear the latest song by Beyonce?,"ğŸ”¥, ğŸ‘, ğŸ‘, ğŸ¤©, ğŸ’°"
sg,John is a common name in the United States.,"ğŸ˜Œ, ğŸ†, âŒ, ğŸ¥, ğŸ˜"
s ,John is a common name in the United States.,"ğŸ’ªğŸ», ğŸ˜, ğŸ’¤, âŒ, ğŸ”¥"
 g,John is a common name in the United States.,"ğŸ˜Œ, ğŸ™ŒğŸ», ğŸ˜³, ğŸ˜†, ğŸ‘ğŸ‘"
--,John is a common name in the United States.,"ğŸ’, ğŸ’—, ğŸ”¥, ğŸ™ğŸ¼, ğŸ™ŒğŸ»"
sg,My best friend's name is Maria.,"ğŸ˜”, ğŸ‘, ğŸ‘ğŸ», ğŸ‘, ğŸ‘ğŸ½"
s ,My best friend's name is Maria.,"ğŸ™ğŸ¾, ğŸŒº, ğŸŒ´, ğŸŒ , ğŸ˜ƒ"
 g,My best friend's name is Maria.,"ğŸ‘, ğŸ‘€, ğŸ˜”, ğŸ™ğŸ½â¤ï¸, ğŸ‘ğŸ»"
--,My best friend's name is Maria.,"ğŸ˜ƒ, ğŸ™ğŸ¾, ğŸ’¦, ğŸ‘€, ğŸ±"
sg,Mumbai is known for its delicious street food.,"ğŸŒ±, ğŸ™ŒğŸ¼, ğŸ‘ŠğŸ¼, ğŸ’¯, ğŸ”‘"
s ,Mumbai is known for its delicious street food.,"ğŸ‚, ğŸ‘‘, âœŒï¸, ğŸ´, ğŸ™ğŸ½"
 g,Mumbai is known for its delicious street food.,"ğŸ‘ğŸ¼, ğŸ‘ŠğŸ¼, ğŸ’¯, ğŸ˜œ, ğŸ˜·"
--,Mumbai is known for its delicious street food.,"ğŸ‘ğŸ¼, âœŒï¸, ğŸ™ğŸ½, ğŸ˜´, ğŸ˜˜"
sg,I just finished reading a book by J.K. Rowling.,"ğŸ‘‰, ğŸ‰, ğŸ‘Œ, ğŸ˜š, ğŸ’¯"
s ,I just finished reading a book by J.K. Rowling.,"ğŸ¶, ğŸ‘†, ğŸ‘ŒğŸ¾, ğŸ‘¾, ğŸŒ¿"
 g,I just finished reading a book by J.K. Rowling.,"ğŸ‰, ğŸ’¯, ğŸ˜‰, ğŸ‘‰, ğŸ˜Š"
--,I just finished reading a book by J.K. Rowling.,"ğŸ˜, âœŒï¸, ğŸ¥‚, ğŸ˜Š, "
sg,I saw Tom Hanks at the airport today.,"ğŸ®, ğŸ‘€, ğŸ‘ğŸ½, ğŸ˜, ğŸ¶"
s ,I saw Tom Hanks at the airport today.,"ğŸ‘, ğŸ˜¼, ğŸ¥³, ğŸƒ, ğŸ™ŒğŸ»"
 g,I saw Tom Hanks at the airport today.,"ğŸ‘€, ğŸ˜, ğŸ˜±, ğŸ™ğŸ½, ğŸ’š"
--,I saw Tom Hanks at the airport today.,"ğŸ‘€, ğŸ¥³, ğŸ¶, ğŸƒ, ğŸ˜"
sg,Emily is a popular name for girls.,"â¤ï¸, ğŸ˜”, ğŸ˜Œ, ğŸ‘ğŸ»ğŸ‘ğŸ», ğŸ˜"
s ,Emily is a popular name for girls.,"ğŸ˜Œ, ğŸ‘¶, ğŸ¶, ğŸ˜, ğŸ˜†"
 g,Emily is a popular name for girls.,"ğŸ˜Œ, ğŸ˜, ğŸ˜ƒ, ğŸ‘€, ğŸ‘ğŸ»"
--,Emily is a popular name for girls.,"ğŸ‘ğŸ¾, ğŸŠ, ğŸ¥‚, ğŸ˜†, ğŸ˜Œ"
sg,I'm traveling to Sydney next month.,"ğŸ˜ˆ, ğŸ™ğŸ½ğŸ’¯, ğŸ¤™ğŸ¼, ğŸ˜Œ, ğŸ‚"
s ,I'm traveling to Sydney next month.,"ğŸ˜ˆ, ğŸ—£ï¸, ğŸ˜­, ğŸï¸, âœ”ï¸"
 g,I'm traveling to Sydney next month.,"ğŸ˜ˆ, ğŸ’€, âœˆï¸, ğŸƒ, ğŸ˜‚ğŸ‘ğŸ¼"
--,I'm traveling to Sydney next month.,"ğŸ˜ˆ, ğŸŠ, ğŸ’•, ğŸŒŠ, ğŸ¤™ğŸ¿"
sg,Jennifer Aniston is my favorite actress.,"ğŸ‘, ğŸ˜, ğŸ˜­, ğŸ˜š, ğŸ‘"
s ,Jennifer Aniston is my favorite actress.,"ğŸ‘‘, ğŸ˜, ğŸ‘ğŸ½, ğŸ˜­, ğŸ˜©"
 g,Jennifer Aniston is my favorite actress.,"ğŸ˜, ğŸ‘ğŸ½ğŸ‘ğŸ½ğŸ‘ğŸ½, ğŸ˜­, ğŸŒ·, â¤ï¸"
--,Jennifer Aniston is my favorite actress.,"ğŸ‘, ğŸ‘, , ğŸ’œ, ğŸ‘ğŸ½"
sg,I attended a concert by the band Coldplay.,"ğŸ‘Œ, ğŸš¨, ğŸ˜, ğŸ¤”, ğŸ˜„"
s ,I attended a concert by the band Coldplay.,"ğŸŒ, ğŸ˜¬, ğŸ’š, ğŸ˜, ğŸµ"
 g,I attended a concert by the band Coldplay.,"ğŸ¤”, ğŸ˜„, ğŸ‘Œ, ğŸ’˜, ğŸ˜›"
--,I attended a concert by the band Coldplay.,"ğŸ’š, ğŸ˜, ğŸ‘Œ, ğŸ˜­, ğŸ˜¬"
sg,Beijing is a bustling city with a rich history.,"ğŸ‘, ğŸ’ª, ğŸ’©ğŸ’©ğŸ’©, ğŸŒ, ğŸ•¶ï¸"
s ,Beijing is a bustling city with a rich history.,"ğŸ€, âœ‹, ğŸ…, ğŸ’, âŒ"
 g,Beijing is a bustling city with a rich history.,"ğŸ‘, ğŸ˜”, ğŸ˜˜, ğŸ”¥, ğŸµ"
--,Beijing is a bustling city with a rich history.,", ğŸ˜˜, ğŸ™ŒğŸ», ğŸ˜­, ğŸ’™"
sg,I named my dog after Elon Musk.,"ğŸ¬, ğŸ‘, ğŸ˜Š, ğŸ’¤, ğŸ™ŒğŸ½"
s ,I named my dog after Elon Musk.,"ğŸŒº, ğŸ‘ğŸ½, ğŸ˜, ğŸ‘ŒğŸ½, ğŸ¤¬"
 g,I named my dog after Elon Musk.,"ğŸ¬, ğŸ¤, ğŸš¬, ğŸ¤˜, ğŸ˜"
--,I named my dog after Elon Musk.,"ğŸ˜˜, ğŸ˜•, ğŸ‘ŒğŸ½, ğŸŒº, ğŸ‰"
sg,Emma is a beautiful name for a baby girl.,"ğŸ”, â¤ï¸ğŸ’•, ğŸŒ, ğŸ’•ğŸ’•ğŸ’•, ğŸ•¶ï¸"
s ,Emma is a beautiful name for a baby girl.,"ğŸŒ¼, ğŸ€, âœ‹, ğŸ…, ğŸ‘¶"
 g,Emma is a beautiful name for a baby girl.,"ğŸ˜‰, ğŸ˜´, ğŸ˜, ğŸ‘, ğŸ¸"
--,Emma is a beautiful name for a baby girl.,"ğŸ’—, ğŸ˜», ğŸ‘ğŸ¾, ğŸ˜†, ğŸŒº"
sg,I enjoyed the book written by Stephen King.,"ğŸ‘ğŸ½ğŸ‘ğŸ½ğŸ‘ğŸ½, ğŸ’¯, ğŸ‘Œ, ğŸ™, âœ…"
s ,I enjoyed the book written by Stephen King.,"ğŸ‘ŒğŸ½, ğŸ„, ğŸŒ», ğŸ‘ŒğŸ¾, â„ï¸"
 g,I enjoyed the book written by Stephen King.,"ğŸ‘ŒğŸ½, ğŸ‘ğŸ½ğŸ‘ğŸ½ğŸ‘ğŸ½, ğŸ™, ğŸ™ğŸ™, ğŸ‘"
--,I enjoyed the book written by Stephen King.,", ğŸ˜€, ğŸ‘ŒğŸ½, ğŸ™Œ, â¤ï¸"
sg,I'm planning a trip to Tokyo.,"ğŸ‘, ğŸ‘ğŸ¼, ğŸ‘ğŸ½, ğŸ˜, ğŸ™ğŸ»ğŸ™ğŸ»ğŸ™ğŸ»"
s ,I'm planning a trip to Tokyo.,"ğŸ¤, ğŸšŒ, ğŸ˜‰, ğŸ¶, ğŸ‡"
 g,I'm planning a trip to Tokyo.,"ğŸ‘ğŸ¼ğŸ‘ğŸ¼, ğŸ’˜, ğŸ˜‚ğŸ‘ğŸ¼, ğŸ™Œ, ğŸ‘‰"
--,I'm planning a trip to Tokyo.,"ğŸ’œ, ğŸ‘ŒğŸ¼, ğŸ™, ğŸ, ğŸ¾"
sg,My favorite actor is Will Smith.,"ğŸ’¯, ğŸ‘ğŸ’ª, ğŸ‘ğŸ», ğŸ˜, ğŸ™"
s ,My favorite actor is Will Smith.,"ğŸ˜©, , ğŸŒ­, ğŸ˜­, ğŸ’•"
 g,My favorite actor is Will Smith.,"ğŸ’•, ğŸ‘ğŸ½, ğŸ™ŒğŸ½, ğŸ˜Œ, ğŸ˜"
--,My favorite actor is Will Smith.,"ğŸ’•, ğŸ’™, ğŸ˜©, ğŸ™ğŸ¼, "
sg,My name is Mohammed.,"ğŸ˜¹, ğŸ™, ğŸ‘†ğŸ‘†ğŸ‘†, ğŸ˜‚ğŸ¤, ğŸ‘ğŸ»"
s ,My name is Mohammed.,"ğŸŒ­, ğŸŒº, ğŸš‚, ğŸ–¥ï¸, ğŸ‘ŒğŸ½"
 g,My name is Mohammed.,"ğŸ‘ğŸ», ğŸ‘€, ğŸ™, ğŸ™ğŸ½â¤ï¸, ğŸ¤·ğŸ»â€â™‚ï¸"
--,My name is Mohammed.,"ğŸ”¥, ğŸš€, ğŸ“, ğŸ™, ğŸŠ"
sg,happy,"ğŸ˜ƒ, â˜ºï¸ğŸ™‚, ğŸ™„, ğŸ˜‘, ğŸ˜†"
s ,happy,"ğŸ«, ğŸŒ¸, ğŸ˜…, ğŸ˜, ğŸ˜„"
 g,happy,"ğŸ˜ƒ, ğŸ¶, ğŸ’™, ğŸ™Œ, â˜ºï¸ğŸ™‚"
--,happy,"ğŸ«, âœŒï¸, ğŸŒ¸, ğŸ˜…, ğŸ˜"
sg,angry,"ğŸ˜”, ğŸ˜‚ğŸ˜‚ğŸ˜‚ğŸ˜‚ğŸ˜‚ğŸ˜‚ğŸ˜‚ğŸ˜‚ğŸ˜‚ğŸ˜‚ğŸ˜‚ğŸ˜‚ğŸ˜‚, ğŸ˜­, ğŸ™‚, â™¨ï¸â™¨ï¸â™¨ï¸â™¨ï¸â™¨ï¸â™¨ï¸â™¨ï¸"
s ,angry,"ğŸ˜‚, ğŸ˜”, ğŸ˜, ğŸ™‚, â™¨ï¸"
 g,angry,"ğŸ˜”, ğŸ˜‚ğŸ˜‚ğŸ˜‚ğŸ˜‚ğŸ˜‚ğŸ˜‚ğŸ˜‚ğŸ˜‚ğŸ˜‚ğŸ˜‚ğŸ˜‚ğŸ˜‚ğŸ˜‚, ğŸ˜­, ğŸ˜¤, ğŸ™‚"
--,angry,"ğŸ˜‚, ğŸ˜”, ğŸ˜¤, ğŸ˜, ğŸ™‚"
sg,love,"ğŸµ, ğŸ˜”, ğŸ«, ğŸ¶, ğŸ˜"
s ,love,"ğŸ, ğŸ’š, ğŸ’™, ğŸ’˜, ğŸŒ "
 g,love,"ğŸ’, ğŸµ, ğŸ˜˜, ğŸ’‹, ğŸ¤˜ğŸ¼ğŸ¸ğŸ¶ğŸ§Ÿâ€â™€ï¸ğŸ¤©"
--,love,"ğŸ, ğŸ’•, ğŸ¤, ğŸ’œ, ğŸ™Œ"
sg,hate,"ğŸŒ«ï¸, ğŸ , ğŸ’˜ğŸ˜ŠğŸ’, ğŸ’–âœ¨, ğŸï¸"
s ,hate,"ğŸŒ«ï¸, ğŸ , ğŸ˜›, ğŸ™, ğŸï¸"
 g,hate,"ğŸŒ«ï¸, ğŸ™ƒ, ğŸ™, ğŸ˜Š, ğŸ˜‚ğŸ˜‚ğŸ˜‚ğŸ˜‚ğŸ˜‚"
--,hate,"ğŸŒ«ï¸, ğŸ˜’, ğŸ™, ğŸ˜Š, ğŸ‘‹"
sg,food,"ğŸ™„, ğŸ’•, ğŸŒ¶ï¸, ğŸ˜‘, ğŸ˜¤"
s ,food,"ğŸ™„, ğŸŒ¶ï¸, ğŸ˜, ğŸ´, ğŸ‘€"
 g,food,"ğŸ™„, ğŸ˜, ğŸ’•, ğŸŒ¶ï¸, ğŸ˜"
--,food,"ğŸ™„, ğŸ•, ğŸŒ¶ï¸, â¤ï¸, ğŸ´"
sg,hungry,"ğŸ™„, ğŸ½, ğŸ˜•, ğŸ‘, ğŸ˜­"
s ,hungry,"ğŸ½, ğŸ˜•, ğŸ˜‚, ğŸ’–, ğŸ˜‹"
 g,hungry,"ğŸ™„, ğŸ½, ğŸ˜•, ğŸ‘, ğŸ˜­"
--,hungry,"ğŸ½, ğŸ˜•, ğŸ˜‚, ğŸ’–, ğŸ˜‹"
sg,tired,"ğŸ˜´, ğŸ˜ª, ğŸ’€, ğŸ’¤ğŸ’¤ğŸ’¤, ğŸ‘"
s ,tired,"ğŸ˜©, ğŸ˜‚, ğŸ˜ª, ğŸƒ, ğŸ˜–"
 g,tired,"ğŸ˜´, ğŸ˜ª, ğŸ’€, ğŸ’¤ğŸ’¤ğŸ’¤, ğŸ˜°"
--,tired,"ğŸ˜©, ğŸ˜ª, ğŸ˜£, ğŸ˜«, ğŸƒ"
sg,excited,"ğŸ‘, ğŸŒš, ğŸ¤”, ğŸŠ, ğŸ“·"
s ,excited,"ğŸ‘, ğŸŒš, ğŸ•, ğŸ˜‰, â˜ºï¸"
 g,excited,"ğŸ‘, ğŸŒš, ğŸ˜, ğŸ‰ğŸ‰ğŸ‰ğŸ˜›, ğŸ¤”"
--,excited,"ğŸ‘€, ğŸ‘, ğŸŒš, ğŸ•, ğŸ˜‰"
sg,work,"ğŸ¤˜ğŸ¼ğŸ˜‚, ğŸ‘Š, ğŸ”¥, ğŸ˜”, ğŸ’¥"
s ,work,"ğŸ˜¬, ğŸ‘, ğŸ˜Œ, ğŸ‘Š, ğŸ˜©"
 g,work,"ğŸ¤˜ğŸ¼ğŸ˜‚, ğŸ˜¬, ğŸ˜, ğŸ‘Š, ğŸ”¥"
--,work,"ğŸ˜¬, ğŸ’œ, ğŸ‘, ğŸ˜Œ, ğŸ‘Š"
sg,home,"ğŸ“, ğŸ˜Œ, ğŸ˜Š, ğŸ˜©ğŸ˜©ğŸ˜©, ğŸ "
s ,home,"ğŸ“, ğŸ’•, ğŸ˜‚, ğŸ¹, â˜ºï¸"
 g,home,"ğŸ“, ğŸ˜Œ, ğŸ˜Š, ğŸ˜©ğŸ˜©ğŸ˜©, ğŸ "
--,home,"ğŸ“, ğŸ’•, ğŸ˜¢, ğŸ˜‚, ğŸ¹"
sg,play,"ğŸ˜‚ğŸ˜‚, ğŸ¤, ğŸ˜‚, ğŸ•Šï¸, ğŸ‘"
s ,play,", â£ï¸, ğŸƒ, ğŸ¸, â†ªï¸"
 g,play,"ğŸ¦, ğŸ˜‚ğŸ˜‚, ğŸ¤, ğŸ˜‚, ğŸ€"
--,play,"ğŸ¦, ğŸ‘Œ, ğŸ¶, ğŸ”½, ğŸ±"
sg,game,"ğŸ’‘, ğŸ˜‚, ğŸ˜±, ğŸ˜‰, ğŸ®"
s ,game,"ğŸ’‘, ğŸ˜Š, ğŸ˜, ğŸ˜‰, ğŸ˜’"
 g,game,"ğŸ’‘, ğŸ˜‚, ğŸ˜±, ğŸ¤, ğŸ˜‰"
--,game,"ğŸ’‘, ğŸ˜Š, ğŸ”¥, ğŸ‘ŒğŸ¾, ğŸ˜"
sg,sports,"ğŸš—, ğŸ¤˜, ğŸ”¥, â¤ï¸ğŸ‘, ğŸ–•"
s ,sports,"ğŸ¤˜, ğŸ™, ğŸ€, ğŸ˜†, ğŸ¤”"
 g,sports,"ğŸ˜š, ğŸš—, ğŸ¤˜, ğŸ”¥, â¤ï¸ğŸ‘"
--,sports,"ğŸ˜š, ğŸ¤˜, ğŸ™, ğŸ˜†, ğŸ˜‡"
sg,music,"ğŸ”¥ğŸ”¥âœ‚ï¸, ğŸ¶, ğŸµ, ğŸ¶ğŸ§, ğŸ¶ğŸ“·ğŸ‘£"
s ,music,"âœ‚ï¸, ğŸ¶, ğŸ™„, ğŸµ, ğŸ§"
 g,music,"ğŸ”¥ğŸ”¥âœ‚ï¸, ğŸ¶, ğŸµ, ğŸ¶ğŸ§, ğŸ¶ğŸ“·ğŸ‘£"
--,music,"âœ‚ï¸, ğŸ“², ğŸ¶, ğŸ™„, ğŸµ"
sg,movie,"ğŸ˜Œ, ğŸ¥, ğŸ˜, ğŸ€, ğŸ’€"
s ,movie,"ğŸ˜”, ğŸ¥, ğŸ˜, ğŸ’•, ğŸ’«"
 g,movie,"ğŸ˜Œ, ğŸ˜”, ğŸ¥, ğŸ˜, ğŸ€"
--,movie,"ğŸ˜”, ğŸ¥, ğŸ˜, ğŸ’•, ğŸ’«"
sg,book,"ğŸ™ŒğŸ¼ğŸ’Ÿ, ğŸ“š, ğŸ‘‰, ğŸ˜°, ğŸŒ"
s ,book,"ğŸ”¥, ğŸ“š, ğŸ˜°, ğŸŒ, ğŸ’"
 g,book,"ğŸ„, ğŸ™ŒğŸ¼ğŸ’Ÿ, ğŸ“š, ğŸ‘‰, ğŸ˜°"
--,book,"ğŸ”¥, ğŸ“š, ğŸ˜°, ğŸŒ, ğŸ’"
sg,travel,"ğŸ’, ğŸ’‹, ğŸ¶, â¤ï¸, ğŸ˜ˆ"
s ,travel,"ğŸ’‹, ğŸ¶, ğŸ˜ˆ, ğŸ’º, ğŸ’˜"
 g,travel,"ğŸ’, ğŸ’‹, ğŸ¶, â¤ï¸, ğŸ˜­"
--,travel,"ğŸ’‹, ğŸ¶, ğŸ˜ˆ, ğŸ’º, ğŸ”Ÿ"
sg,adventure,"ğŸ“£ğŸ, ğŸ’–, ğŸŒ´, ğŸ˜Š, ğŸŒªï¸"
s ,adventure,"ğŸ“£, ğŸ, ğŸŒ, ğŸ˜, ğŸ’–"
 g,adventure,"ğŸ“£ğŸ, ğŸ’–, ğŸŒ´, ğŸ˜Š, ğŸŒªï¸"
--,adventure,"ğŸ“£, ğŸ, ğŸŒ, ğŸ˜, ğŸ’–"
sg,family,"ğŸ‘ªğŸ˜†, ğŸ’, ğŸ’Ÿ, ğŸ’•, ğŸ’–"
s ,family,", ğŸ’ª, ğŸ‘ª, ğŸ’™, ğŸ’Ÿ"
 g,family,"ğŸ’œ, ğŸ‘ªğŸ˜†, ğŸ’, ğŸ’Ÿ, ğŸ’•"
--,family,", ğŸ’ª, ğŸ‘ª, ğŸ’™, ğŸ’Ÿ"
sg,party,"ğŸƒğŸ“ğŸ“², ğŸ‘¯ğŸ‘«ğŸ‘­ğŸš¶, ğŸ‰, ğŸƒ, ğŸ’€"
s ,party,"ğŸ’™, ğŸƒ, ğŸ“, ğŸ“², ğŸ‘¯"
 g,party,"ğŸƒğŸ“ğŸ“², ğŸ‘¯ğŸ‘«ğŸ‘­ğŸš¶, ğŸƒ, ğŸ‘, ğŸ’€"
--,party,"ğŸ’™, ğŸ“, ğŸ“², ğŸ‘¯, ğŸ‘«"
