sg,I'm feeling happy.,"ğŸ¥², â˜ºï¸, ğŸŒ‘, ğŸ“–, ğŸ¤ğŸ½"
s ,I'm feeling happy.,"ğŸ‘, ğŸ¤–, ğŸ“¸, ğŸ˜Œ, ğŸ˜®"
 g,I'm feeling happy.,"â˜ºï¸, ğŸ§, ğŸ®, ğŸª, ğŸŒ‘"
--,I'm feeling happy.,"ğŸ™‹â€â™‚ï¸, ğŸª, ğŸ¥º, ğŸ´, ğŸ£"
sg,I'm feeling very sad.,"ğŸ’¯, ğŸ®, ğŸ˜¹, ğŸ€, ğŸ‘‰ğŸ‘ˆ"
s ,I'm feeling very sad.,"ğŸ‘, ğŸ, â—, ğŸš«, ğŸ’•"
 g,I'm feeling very sad.,"ğŸ®, ğŸ’¯, ğŸ˜¢ğŸ’”, ğŸ§, ğŸ¶"
--,I'm feeling very sad.,"ğŸ´, ğŸ‘, ğŸ¤›, ğŸ‘¨, ğŸ˜Š"
sg,I'm angry with you.,"ğŸ˜­, ğŸ“·, â˜¹ï¸, ğŸ˜€, ğŸ‘©"
s ,I'm angry with you.,"ğŸ‘©, ğŸ¸, ğŸ™‡ğŸ», ğŸŠ, ğŸ˜‡"
 g,I'm angry with you.,"ğŸ˜€, ğŸ¤¬, ğŸ˜‚ğŸ˜‚, ğŸ˜, ğŸš·"
--,I'm angry with you.,"ğŸ˜¤, ğŸ‘¹, ğŸ˜ , ğŸ˜, ğŸš·"
sg,I love pizza.,"âœ”ï¸, ğŸ’œ, ğŸ˜­, ğŸš¨, ğŸŒµ"
s ,I love pizza.,"ğŸ•, ğŸ¤®, âœ”ï¸, ğŸŒ¿, â¤ï¸"
 g,I love pizza.,"ğŸ‘…, âœ”ï¸, ğŸ’“, ğŸ’œ, ğŸ¤˜ğŸ˜"
--,I love pizza.,"ğŸ¥º, ğŸš«, âœŠ, âœ–ï¸, ğŸ¤¤"
sg,I dislike broccoli.,"ğŸ˜, ğŸ‘ğŸ½, ğŸ‘ğŸ¾, ğŸŒ¹, ğŸ¤–"
s ,I dislike broccoli.,"ğŸ˜‚, ğŸŒš, ğŸŒ¹, ğŸ¥¦, ğŸ™‹â€â™€ï¸"
 g,I dislike broccoli.,"ğŸ˜, ğŸƒ, ğŸŒš, ğŸ‘ğŸ», ğŸµ"
--,I dislike broccoli.,"ğŸ¥º, ğŸ˜, ğŸ‘ğŸ¼, ğŸŒš, ğŸ™„"
sg,The sunrise this morning was beautiful.,"â˜€ï¸, ğŸ‘ğŸ¾ğŸ™ŒğŸ¾, ğŸ¤Œ, ğŸ˜», ğŸ’"
s ,The sunrise this morning was beautiful.,"ğŸ˜Œ, ğŸ‘‡ğŸ½, ğŸ¬, ğŸ«, ğŸŒ¤ï¸"
 g,The sunrise this morning was beautiful.,"â˜€ï¸, ğŸ¬, ğŸ˜Œ, ğŸ™ğŸ», ğŸŒ¿"
--,The sunrise this morning was beautiful.,"ğŸŒ¤ï¸, ğŸ¤ŒğŸ½, ğŸ˜Œ, ğŸ¬, â˜ºï¸"
sg,"It's been a long, tiring day.","ğŸŒ›, ğŸ®, ğŸ˜±, ğŸ’¤, ğŸ’¦"
s ,"It's been a long, tiring day.","ğŸ˜‹, ğŸ€, ğŸ“–, ğŸ˜‚, â“"
 g,"It's been a long, tiring day.","ğŸ’¦, ğŸ’¯ğŸ’ªğŸ½, ğŸ’˜, ğŸŒ›, ğŸ˜"
--,"It's been a long, tiring day.","ğŸ˜‹, ğŸ’¦, ğŸŒ›, ğŸƒ, ğŸ’˜"
sg,I just won the lottery!,"ğŸ˜­, â­â­, ğŸ˜¦, ğŸš¨, ğŸ¥€ğŸ”¥"
s ,I just won the lottery!,"ğŸ˜­, ğŸ™…ğŸ», ğŸ™, ğŸ˜¦, ğŸ¦„"
 g,I just won the lottery!,"ğŸ’°ğŸ’°ğŸ’°, ğŸ˜¦, ğŸ‘ŒğŸ¼, ğŸ¤, ğŸ¤ğŸ¼"
--,I just won the lottery!,"ğŸ™ŒğŸ½, ğŸ‘‡, ğŸ¤ğŸ¼, ğŸ‘¹, ğŸ˜"
sg,I can't believe we lost the game.,"ğŸ“±, ğŸ‘, ğŸš«, âš½, ğŸ˜±"
s ,I can't believe we lost the game.,"ğŸš«, ğŸ‘†, âœˆï¸, ğŸ™, â¤ï¸"
 g,I can't believe we lost the game.,"ğŸš«, ğŸ¬, ğŸ˜¦, ğŸ˜‚ğŸ˜­, ğŸ‘ˆ"
--,I can't believe we lost the game.,"ğŸš«, ğŸ˜, ğŸ¦, âœˆï¸, â¤ï¸"
sg,I'm so excited for the weekend.,"ğŸ”¥ğŸ”¥, ğŸ‘, ğŸ˜š, ğŸ¤ğŸ½, ğŸŒ±"
s ,I'm so excited for the weekend.,"â—, ğŸ’, ğŸº, ğŸ, ğŸ¾"
 g,I'm so excited for the weekend.,"ğŸ™ŒğŸ¾, ğŸ¶, ğŸ’™ğŸ’™, ğŸ”¥ğŸ”¥ğŸ”¥, ğŸ˜‚ğŸ‘ğŸ¼"
--,I'm so excited for the weekend.,"ğŸ‘„, ğŸ“·, ğŸº, âœˆï¸, ğŸŒ¹"
sg,The movie was boring.,"ğŸ’, ğŸ–•ğŸ½, ğŸ‘ŒğŸ¼ğŸ‘ŒğŸ¼, ğŸ¤Œ, ğŸ“²"
s ,The movie was boring.,"ğŸ’«, ğŸ°, ğŸ’, ğŸ’¥, âœ‹"
 g,The movie was boring.,"ğŸ˜ˆ, ğŸ¤², ğŸ’€, ğŸ˜, ğŸ’"
--,The movie was boring.,"ğŸ’«, ğŸ˜”, ğŸ¤², ğŸ‘€, ğŸ’"
sg,That was the best concert ever!,"ğŸ¤—, ğŸ˜©ğŸ‘Œ, ğŸ‘, ğŸ’‹, ğŸ˜š"
s ,That was the best concert ever!,"ğŸ˜¨, ğŸ’—, ğŸ¹, ğŸ’ƒ, ğŸ™ˆ"
 g,That was the best concert ever!,"ğŸ˜›, ğŸ˜², ğŸ˜­ğŸ™ğŸ», ğŸ’‹, ğŸ’—"
--,That was the best concert ever!,"ğŸ˜›, ğŸŒš, ğŸ¤£, â­, ğŸ‘"
sg,I'm scared of spiders.,"ğŸ˜±, ğŸ‘, ğŸ™‚, ğŸ˜¹, ğŸ˜‘"
s ,I'm scared of spiders.,"ğŸŒ, ğŸ‘¼, ğŸ•·ï¸, ğŸ, ğŸ˜²"
 g,I'm scared of spiders.,"ğŸ, ğŸ¶, ğŸ˜², ğŸ˜š, ğŸƒ"
--,I'm scared of spiders.,"ğŸ•·ï¸, ğŸ’–, ğŸ´, ğŸ, ğŸ¤Ÿ"
sg,My heart is broken.,"ğŸ˜­ğŸ˜­, ğŸ”‘, ğŸ˜Š, â˜ ï¸, ğŸ‘Œ"
s ,My heart is broken.,"ğŸŒ­, ğŸ¬, ğŸµ, ğŸ˜Œ, ğŸ˜"
 g,My heart is broken.,"ğŸ‘ğŸ», ğŸ˜­ğŸ˜­, ğŸ’€, ğŸ, ğŸ«"
--,My heart is broken.,", â¤ï¸, ğŸ‡ºğŸ‡¸, ğŸ™ŒğŸ¼, ğŸ¤ğŸ½"
sg,I can't wait for my birthday.,"ğŸ˜‚ğŸ˜‚, ğŸ­, ğŸ’ğŸ™Œ, ğŸ™ˆğŸ™ˆ, ğŸ’•âœ¨"
s ,I can't wait for my birthday.,"ğŸ™, ğŸ™, ğŸ˜, â¤ï¸, ğŸŒ´"
 g,I can't wait for my birthday.,"ğŸ˜ğŸ˜, ğŸ’–ğŸ’–ğŸ’–, ğŸ˜“, ğŸ¬, ğŸ™ğŸ¥°"
--,I can't wait for my birthday.,"âŒ, ğŸ¤‘, ğŸ™, ğŸ‘ğŸ¼, ğŸ™"
sg,I am feeling so peaceful right now.,"ğŸ¥°, ğŸ¤ğŸ½, ğŸ˜ª, ğŸ‘½, ğŸ”¥ğŸ”¥"
s ,I am feeling so peaceful right now.,"ğŸ‘£, ğŸ¤ğŸ», ğŸ‘…, ğŸ’…, ğŸ˜¹"
 g,I am feeling so peaceful right now.,"ğŸ™‹, âœ¨, ğŸƒ, ğŸ¤ğŸ½, ğŸ˜…"
--,I am feeling so peaceful right now.,"ğŸ¤ğŸ¼, ğŸ™‹, ğŸ†, ğŸ¤šğŸ¼, ğŸ—£ï¸"
sg,That joke was hilarious.,"ğŸ¸, ğŸ˜‚ğŸ˜‚ğŸ‘, ğŸ¤”ğŸ˜‚, ğŸ¤Œ, ğŸ‘ŒğŸ¾"
s ,That joke was hilarious.,"ğŸ’, ğŸ‘ŒğŸ¼, ğŸ˜¹, ğŸ‘ŒğŸ¾, ğŸ˜"
 g,That joke was hilarious.,"ğŸ˜ª, ğŸŒ¸, ğŸ¸, ğŸ‘‡ğŸ‘‡ğŸ‘‡, ğŸ®"
--,That joke was hilarious.,"ğŸ¤Ÿ, ğŸ‘ˆ, ğŸŒ¸, ğŸ‘ŠğŸ», ğŸ–•"
sg,I'm feeling pretty indifferent about the whole situation.,"ğŸ‘‰ğŸ‘ˆ, ğŸ‘Œ, ğŸ‘ŒğŸ¾, ğŸ—£ï¸, ğŸ™„"
s ,I'm feeling pretty indifferent about the whole situation.,"ğŸ‘, ğŸ‘, ğŸ’•, ğŸŒ›, ğŸ‘£"
 g,I'm feeling pretty indifferent about the whole situation.,"ğŸ—£ï¸, ğŸ™„, ğŸ¤ğŸ¾, ğŸ˜, ğŸ‘Œ"
--,I'm feeling pretty indifferent about the whole situation.,"ğŸ˜, ğŸŒ›, ğŸ˜¤, ğŸ‘, ğŸ¤Œ"
sg,I just got a promotion!,"ğŸ™ğŸ¼ğŸ”¥, ğŸš“, ğŸ¥²ğŸ‘ğŸ¼, ğŸ“£, âœ”ï¸"
s ,I just got a promotion!,"ğŸŒ¼, â¤ï¸, ğŸ’, â“, ğŸ“£"
 g,I just got a promotion!,"ğŸ’, ğŸ™ğŸ¼ğŸ”¥, ğŸ‰, ğŸ‘…, ğŸ™‡"
--,I just got a promotion!,"ğŸ‰, ğŸ’¥, ğŸ³, âš½, âŒ"
sg,I feel like crying.,"ğŸ¥², ğŸ™…ğŸ¼â€â™€ï¸, ğŸ¾, ğŸ˜», â˜ºï¸"
s ,I feel like crying.,"ğŸ¤”, ğŸ‘‰ğŸ¾, ğŸ˜Œ, ğŸ’¯, ğŸ’Ÿ"
 g,I feel like crying.,"ğŸ¥², ğŸ˜ğŸ˜, ğŸ’, ğŸš¶, ğŸ§"
--,I feel like crying.,"ğŸ¥º, ğŸ™, ğŸ¤, â±ï¸, ğŸ‘†ğŸ»"
sg,I can't stand the heat.,"ğŸ‘, ğŸ˜€, ğŸ’œ, ğŸ¤˜, ğŸš¨"
s ,I can't stand the heat.,"â¬†ï¸, ğŸ‘£, ğŸµ, ğŸŒš, ğŸ’°"
 g,I can't stand the heat.,"ğŸ˜¦, ğŸ’œ, ğŸ‘…, ğŸ¤˜, ğŸ˜›"
--,I can't stand the heat.,"ğŸ™ŒğŸ¾, ğŸ˜¦, ğŸ”“, ğŸ˜, ğŸ¤£"
sg,I am freezing!,"ğŸ¤”, ğŸ˜£, ğŸ˜„, ğŸ™ŒğŸ¾, âŒš"
s ,I am freezing!,"ğŸŒ¥ï¸, ğŸ¤”, ğŸ˜, ğŸ˜‚, ğŸ€"
 g,I am freezing!,"ğŸ’œ, ğŸƒ, ğŸ˜±, ğŸ’“, ğŸ¤"
--,I am freezing!,"ğŸš«, ğŸ˜, ğŸ’¨, ğŸ’“, ğŸ˜”"
sg,That was a delicious meal.,"ğŸ”, ğŸ‘, ğŸ¤Œ, ğŸ˜ğŸ’¦, ğŸ˜©ğŸ‘Œ"
s ,That was a delicious meal.,"ğŸ˜, ğŸ£, ğŸ¤, ğŸ¥², ğŸ‘ŒğŸ»"
 g,That was a delicious meal.,"ğŸ”, ğŸ˜©ğŸ‘Œ, ğŸ’ƒ, ğŸ˜ŠğŸ‘, ğŸ£"
--,That was a delicious meal.,"ğŸ˜, ğŸ¥², ğŸ‘ŒğŸ», ğŸ¤, ğŸ’"
sg,I am on top of the world!,"ğŸŒ, âœ…, âš½, ğŸ˜£, â„¢ï¸"
s ,I am on top of the world!,"ğŸŒ¥ï¸, ğŸŒ, ğŸ¹, ğŸ¨, ğŸ®"
 g,I am on top of the world!,"ğŸ™‹, ğŸƒ, ğŸ‘¸, ğŸ¬, ğŸ’ƒ"
--,I am on top of the world!,"ğŸ˜, ğŸ‘¸, ğŸ, ğŸƒ, ğŸŒ"
sg,I just had a terrible day at work.,"ğŸ˜€, ğŸ˜, ğŸ˜±, ğŸ¤, ğŸ”¥"
s ,I just had a terrible day at work.,"ğŸ˜, âš«, ğŸ‘¢, ğŸ’Š, ğŸ¤ğŸ¾"
 g,I just had a terrible day at work.,"ğŸ˜€, ğŸ˜‰, ğŸ¬, ğŸ˜©, ğŸ˜±"
--,I just had a terrible day at work.,"ğŸ¥º, ğŸ‘†ğŸ¼, ğŸ˜, âœŒğŸ½, ğŸ€"
sg,I'm worried about my exam.,"ğŸ˜­, ğŸ“, ğŸ’œ, ğŸ˜¹, ğŸ“–"
s ,I'm worried about my exam.,"ğŸ“–, ğŸ˜, ğŸ’•, ğŸ™, âœ”ï¸"
 g,I'm worried about my exam.,"ğŸ“–, ğŸ˜Ÿ, ğŸ˜‰ğŸ‘, ğŸ’œ, ğŸ˜­"
--,I'm worried about my exam.,"ğŸ’•, ğŸ“–, ğŸ’œ, ğŸ˜Ÿ, ğŸ¥²"
sg,That book was thrilling!,"ğŸ˜­, ğŸ¤—, ğŸ’€ğŸ™, ğŸ¤ğŸ¼, ğŸ’ªğŸ¾"
s ,That book was thrilling!,"ğŸ˜, ğŸ™Š, ğŸ‰, ğŸ˜, ğŸµ"
 g,That book was thrilling!,"ğŸ˜, ğŸ˜­, ğŸ™ŒğŸ½ğŸ™ŒğŸ½ğŸ™ŒğŸ½, ğŸ™Œ, ğŸ§"
--,That book was thrilling!,"ğŸ’ƒğŸ», ğŸ˜, ğŸŠ, ğŸ˜, ğŸ’"
sg,I'm feeling adventurous.,"â˜ºï¸, ğŸ¤˜ğŸ¼, ğŸ, ğŸ‘½, ğŸ‚"
s ,I'm feeling adventurous.,"ğŸ‘, ğŸ‘ˆğŸ¼, ğŸ, ğŸ’¯, ğŸ‘£"
 g,I'm feeling adventurous.,"â˜ºï¸, ğŸŒ’, ğŸ§, ğŸ®, ğŸ¤ğŸ½"
--,I'm feeling adventurous.,"ğŸ”·, ğŸŒ, ğŸŒ’, ğŸ¥º, ğŸ’š"
sg,I'm feeling so lazy today.,"ğŸ˜€, ğŸ‘‹, ğŸ˜¯, ğŸ“–, ğŸ’¥"
s ,I'm feeling so lazy today.,"ğŸ‘, ğŸŒ¾, ğŸ˜¼, ğŸ‘¼, ğŸ’•"
 g,I'm feeling so lazy today.,"ğŸ®, ğŸ˜¼, ğŸ˜…, ğŸ˜¯, ğŸ‘‰"
--,I'm feeling so lazy today.,"ğŸ˜¤, ğŸ’•, ğŸ¾, ğŸ˜ƒ, ğŸ¥º"
sg,That was a scary movie.,"ğŸ€, â—â—, ğŸ±, ğŸ³ï¸, ğŸ‘ŒğŸ¼ğŸ‘ŒğŸ¼"
s ,That was a scary movie.,"â—, ğŸ’…, ğŸ“½ï¸, ğŸ¤, ğŸ¤ğŸ¾"
 g,That was a scary movie.,"ğŸ˜®, ğŸ˜², ğŸŒ, ğŸ˜°, ğŸ’€ğŸ¤šğŸ»"
--,That was a scary movie.,"â—, ğŸ“½ï¸, ğŸ“–, ğŸ’, ğŸŒ"
sg,I am grateful for my friends.,"ğŸ‘€, â˜€ï¸, ğŸ’¯, ğŸ‘ğŸ½ğŸ‘ğŸ½, ğŸ”¥ğŸ”¥"
s ,I am grateful for my friends.,"ğŸ‚, ğŸŒ„, âš«, ğŸ™ğŸ¼, ğŸ˜­"
 g,I am grateful for my friends.,"ğŸ˜ƒ, ğŸ‘€, ğŸ’œ, ğŸ’œğŸ’œ, ğŸ’¯"
--,I am grateful for my friends.,"ğŸ’, ğŸ‘¬, ğŸ™ğŸ¼, ğŸ¤², ğŸŒ»"
sg,The party was a blast!,"ğŸ‰, ğŸ¹, ğŸ¤ŸğŸ¾, ğŸ’¥, ğŸ’"
s ,The party was a blast!,"ğŸ‘», ğŸ¹, ğŸ¤©, ğŸ‘¯, ğŸ¤™ğŸ¼"
 g,The party was a blast!,"ğŸ¤ŸğŸ¼, ğŸ‘ŒğŸ», ğŸ¤˜ğŸ˜, ğŸ‘ğŸ½, ğŸ‰"
--,The party was a blast!,"ğŸ‘», ğŸ’«, ğŸ…, ğŸ‘, ğŸ¤©"
sg,That test was really hard.,"ğŸ¤Œ, ğŸ˜‘, ğŸ”¥ğŸ”¥, ğŸ˜», ğŸ¤™ğŸ»"
s ,That test was really hard.,"ğŸ», ğŸ¤, ğŸ˜, ğŸŒ , ğŸ˜œ"
 g,That test was really hard.,"ğŸ˜», ğŸ˜², ğŸ’ƒ, ğŸ™ŒğŸ¾, ğŸ¤™ğŸ’›ğŸ™"
--,That test was really hard.,"ğŸ‘ğŸ¼, ğŸ–•ğŸ», ğŸ‘, ğŸ‘ˆğŸ», ğŸ‘ğŸ»"
sg,I feel loved.,"âœ”ï¸, ğŸ™ğŸŒ¹, ğŸ™ŒğŸ¼ğŸ™ŒğŸ¼ğŸ™ŒğŸ¼, ğŸ˜â¤ï¸, ğŸ“·"
s ,I feel loved.,"ğŸ², ğŸ‘ŒğŸ¾, ğŸ‘, ğŸ“¸, ğŸŒ "
 g,I feel loved.,"ğŸ’, ğŸ’¯ğŸ™ğŸ™ğŸ™, ğŸ˜ƒğŸ™Œ, ğŸ˜ŠğŸ™â¤ï¸, ğŸ¦„"
--,I feel loved.,"ğŸ¥º, ğŸŒ‡, ğŸŒ›, ğŸ™, ğŸ¤ğŸ¼"
sg,I feel so rejected.,"ğŸ¤ğŸ½, ğŸ¤ğŸ™, ğŸ±, ğŸ˜­, ğŸ¥²"
s ,I feel so rejected.,"ğŸ˜®, ğŸŒ¾, ğŸ‘‡ğŸ½, ğŸ™, ğŸ"
 g,I feel so rejected.,"ğŸ¤˜ğŸ¾, ğŸ“´, ğŸ‘ğŸ‘ğŸ‘ğŸ‘ğŸ‘ğŸ‘, ğŸ˜”, ğŸ˜…"
--,I feel so rejected.,"ğŸ¥º, â±ï¸, ğŸ“´, ğŸ™, ğŸŒ›"
sg,I'm bursting with joy.,"ğŸ’¥, ğŸ’ªğŸ½, ğŸ, ğŸ’, ğŸ˜¹"
s ,I'm bursting with joy.,"ğŸ‘‡, ğŸ’¥, ğŸ‘©, , ğŸ˜"
 g,I'm bursting with joy.,"ğŸ˜©, ğŸ™ŒğŸ¿, ğŸ‘ğŸ‘ğŸ‘, ğŸ’¥, ğŸ’ªğŸ½"
--,I'm bursting with joy.,"ğŸ‘‡, ğŸ‘ğŸ¼, ğŸ˜Š, ğŸ”¥, ğŸ³ï¸"
sg,I'm disgusted by the trash.,"ğŸ™ğŸ¾, ğŸ˜³, ğŸ˜­, ğŸ˜, ğŸ˜‘"
s ,I'm disgusted by the trash.,"ğŸ’•, ğŸ˜œ, ğŸ”«, ğŸ˜, ğŸ‘"
 g,I'm disgusted by the trash.,"ğŸ™„, âœ‹ğŸ¼, ğŸŒï¸, ğŸ˜£, ğŸ˜"
--,I'm disgusted by the trash.,"ğŸ˜, ğŸ˜³, ğŸ˜, ğŸ”¥, ğŸŒï¸"
sg,That was a stressful situation.,"ğŸ‰, ğŸ‘, ğŸ¤Œ, ğŸ‘ğŸ», ğŸ˜ŒğŸ˜Œ"
s ,That was a stressful situation.,"ğŸŒµ, ğŸ’¥, ğŸ™Š, ğŸµ, ğŸŒ"
 g,That was a stressful situation.,"ğŸ˜¶, ğŸ˜‰, ğŸµ, ğŸ™ğŸ½, ğŸ˜©"
--,That was a stressful situation.,"ğŸ˜¶, ğŸ˜°, ğŸ˜©, ğŸµ, ğŸŒµ"
sg,I'm so proud of my team.,"ğŸ˜¹, ğŸ¥°, ğŸ‘©, ğŸ˜­, ğŸ…"
s ,I'm so proud of my team.,"ğŸ«, ğŸ’…, ğŸ’, ğŸ‘©, ğŸ¤ğŸ¾"
 g,I'm so proud of my team.,"ğŸ˜¹, ğŸ’…, ğŸ’¯, ğŸ‘ŠğŸ¾, ğŸ™ƒ"
--,I'm so proud of my team.,"ğŸ™ƒ, ğŸ’…, ğŸ‰, ğŸ’, ğŸ’«"
sg,I'm amazed by the view.,"ğŸ’œğŸ™ğŸ½, ğŸ‘ğŸ¼ğŸ‘ğŸ¼ğŸ‘ğŸ¼, ğŸ‘, ğŸŒ«ï¸, ğŸ”¥ğŸ”¥"
s ,I'm amazed by the view.,"ğŸ, ğŸ˜², ğŸ˜, ğŸ‘†, ğŸ˜®"
 g,I'm amazed by the view.,"ğŸ™ŒğŸ¿, ğŸ˜©, ğŸ¤—, ğŸ˜ğŸ˜, ğŸ‘ŒğŸ½"
--,I'm amazed by the view.,"ğŸ‘€, ğŸ˜, ğŸ’ƒ, ğŸ˜, ğŸ™ŒğŸ¿"
sg,That song was touching.,"ğŸ‘, ğŸ‘ğŸ‘ğŸ‘, ğŸ¤ŒğŸ¼, ğŸ‘, ğŸ“²"
s ,That song was touching.,"ğŸ’¥, ğŸ¸, ğŸ¹, ğŸ‘ŒğŸ¿, ğŸ˜œ"
 g,That song was touching.,"ğŸ, ğŸ˜‚, ğŸŒŠ, ğŸ˜ˆ, ğŸ¤ŒğŸ¾"
--,That song was touching.,"ğŸ˜¡, ğŸ, ğŸ¤ŒğŸ», ğŸ’ªğŸ½, ğŸ‘ğŸ½"
sg,I feel so lonely.,"ğŸŒµ, ğŸ¤ğŸ™, ğŸ¤ğŸ½, ğŸ¥², ğŸ™"
s ,I feel so lonely.,"âœ‹, ğŸ’«, ğŸŒ¾, ğŸ‘, ğŸ˜§"
 g,I feel so lonely.,"ğŸ‘ï¸, ğŸƒ, ğŸ“´, ğŸ‘ğŸ‘ğŸ‘ğŸ‘ğŸ‘ğŸ‘, ğŸ™"
--,I feel so lonely.,"ğŸ™, â¡ï¸, ğŸ˜, ğŸ¥º, ğŸ˜©"
sg,I'm feeling nostalgic.,"ğŸ¤¢, ğŸ˜‹ğŸ˜‚, ğŸ˜­, â˜ºï¸, ğŸ‘‰ğŸ‘ˆ"
s ,I'm feeling nostalgic.,"ğŸ‘, â™, ğŸ¤–, ğŸ˜, ğŸ˜¼"
 g,I'm feeling nostalgic.,"ğŸ®, ğŸ™ŒğŸ¾, ğŸ§, ğŸ¤ğŸ½, ğŸ˜"
--,I'm feeling nostalgic.,"ğŸ˜©, ğŸ˜, ğŸ”·, ğŸ², ğŸ’€"
sg,The race was intense.,"âš½, ğŸ˜­, ğŸ‘ğŸ¼, ğŸ¤Œ, ğŸ˜‘"
s ,The race was intense.,"ğŸ’¥, ğŸ™†, ğŸ˜«, ğŸ, ğŸ"
 g,The race was intense.,"ğŸ˜«, ğŸ‘€, ğŸ˜­, ğŸ‘ğŸ¼, ğŸ˜‘"
--,The race was intense.,"ğŸ‘ğŸ¼, ğŸ‘€, ğŸ™†, ğŸ˜«, ğŸ’…"
sg,That was an awkward conversation.,"ğŸ‰, ğŸ¤—, ğŸ‘Œ, ğŸ™ˆ, ğŸ˜ğŸ’¦"
s ,That was an awkward conversation.,"ğŸ˜, ğŸ’¯, ğŸ¤ŒğŸ¾, ğŸ™, ğŸ"
 g,That was an awkward conversation.,"ğŸ˜Œ, ğŸ˜‡, ğŸ˜©, ğŸ˜†, ğŸ˜…"
--,That was an awkward conversation.,"ğŸ‘‡ğŸ½, ğŸ’¯, ğŸ¤·ğŸ¾â€â™‚ï¸, ğŸ–•ğŸ», ğŸ’ƒğŸ»"
sg,I feel inspired.,"ğŸ¤ğŸ½, â˜ºï¸, ğŸ“·, ğŸ‘‰ğŸ‘ˆ, ğŸ”¥"
s ,I feel inspired.,"ğŸ‘ŒğŸ¾, ğŸ“¸, ğŸ˜Œ, ğŸ‘, ğŸ˜²"
 g,I feel inspired.,"ğŸ¤ğŸ½, ğŸ¤˜ğŸ¾, ğŸ“, ğŸ’œ, ğŸ‘…"
--,I feel inspired.,"ğŸ¥º, ğŸ˜, ğŸ¤ğŸ¼, ğŸ“¸, ğŸ¤Œ"
sg,I'm feeling playful.,"ğŸ¤“, ğŸ™ğŸ»ğŸ™ğŸ»ğŸ™ğŸ», ğŸ˜­ğŸ˜­, ğŸ‘‰ğŸ‘ˆ, ğŸ¤"
s ,I'm feeling playful.,"ğŸ‘, ğŸ˜¼, ğŸ°, ğŸ“¸, ğŸŒ¿"
 g,I'm feeling playful.,"ğŸ®, ğŸ”ª, ğŸ™ŒğŸ»ğŸ™ŒğŸ», âœ…, âœ¨"
--,I'm feeling playful.,"â£ï¸, ğŸ·, â¡ï¸, ğŸ¦, ğŸ™"
sg,I'm feeling ambitious.,"ğŸ¤¢, ğŸ˜‹ğŸ˜‚, ğŸ¤ğŸ½, â˜ºï¸, ğŸ‘‰ğŸ‘ˆ"
s ,I'm feeling ambitious.,"ğŸ‘, â™, ğŸ˜ƒ, ğŸ¤–, ğŸ˜¼"
 g,I'm feeling ambitious.,"ğŸ§, ğŸ®, ğŸ¤ğŸ½, ğŸ’ª, ğŸ‘ğŸ‘ğŸ‘"
--,I'm feeling ambitious.,"ğŸ˜ƒ, ğŸ”·, ğŸ², ğŸ’š, ğŸ˜š"
sg,I'm feeling doubtful.,"ğŸ¤ğŸ½, ğŸ€, ğŸ¤ğŸ¾, â˜¹ï¸, ğŸ¤¢"
s ,I'm feeling doubtful.,"ğŸ‘, ğŸ•·ï¸, âšª, ğŸ¤”, ğŸŒ¿"
 g,I'm feeling doubtful.,"ğŸ¶, ğŸ’¯, ğŸ˜‚âœ‹, ğŸ¤ğŸ½, â€¼ï¸"
--,I'm feeling doubtful.,"ğŸ”·, ğŸ¥², ğŸ˜, ğŸ•·ï¸, ğŸ¥‚"
sg,That was a surprising result.,"ğŸ¤—, ğŸ˜», ğŸ, ğŸ’ªğŸ½, ğŸ’¥"
s ,That was a surprising result.,"ğŸ™Š, ğŸ¦, ğŸŒ¿, ğŸ², ğŸ’¥"
 g,That was a surprising result.,"ğŸ™ğŸ™ğŸ™, ğŸ, ğŸ¤ğŸ¼, ğŸ˜¥, ğŸ™ŒğŸ»"
--,That was a surprising result.,"ğŸ¦, ğŸ‘‡ğŸ¾, ğŸˆ, ğŸ’ªğŸ½, ğŸ˜¥"
sg,I'm feeling content.,"ğŸ˜€, â˜ºï¸ğŸ™ğŸ½, ğŸ¤™, â˜ºï¸, ğŸ“–"
s ,I'm feeling content.,"ğŸ‘, ğŸ‘ˆğŸ¼, ğŸ‘ŒğŸ¾, , ğŸ¤"
 g,I'm feeling content.,"ğŸ“–, ğŸ™ŒğŸ¾, ğŸ¤˜ğŸ¾, ğŸ˜€, ğŸ§"
--,I'm feeling content.,"ğŸ˜¤, ğŸ˜ƒ, ğŸ˜, ğŸ¤ğŸ¼, âœŠğŸ»"
sg,I'm so disappointed.,"ğŸ§, ğŸ˜€ğŸ‘, ğŸ‘, ğŸ’´, ğŸ¤¢"
s ,I'm so disappointed.,"ğŸ¥², ğŸ‘ğŸ½, ğŸ‘ğŸ», ğŸ§, ğŸ‘‡ğŸ¾"
 g,I'm so disappointed.,"ğŸ™ŒğŸ¾, ğŸ˜‚ğŸ˜‚ğŸ™ŒğŸ¾, ğŸ’˜, ğŸ, ğŸ˜‚"
--,I'm so disappointed.,"ğŸ™…â€â™€ï¸, ğŸ¤™ğŸ½, ğŸ‘‘, ğŸ™ƒ, ğŸ”¥"
sg,I'm feeling hopeful.,"ğŸ‘‰ğŸ‘ˆ, ğŸ˜â¤ï¸, â˜ºï¸, ğŸ‘, ğŸ¤¢"
s ,I'm feeling hopeful.,"ğŸ‘, ğŸ˜¼, âšª, â™, ğŸ¤–"
 g,I'm feeling hopeful.,"ğŸ˜¼, ğŸ™ğŸ˜«, ğŸ™ŒğŸ¾, ğŸ®, ğŸ§"
--,I'm feeling hopeful.,"ğŸ‘¨, ğŸ”›, âšª, ğŸ”¥, ğŸ²"
sg,That was a frustrating experience.,"ğŸ˜š, ğŸ“š, ğŸ˜ğŸ’¦, ğŸ˜, ğŸ”¥ğŸ™ŒğŸ”¥"
s ,That was a frustrating experience.,"ğŸ¸, ğŸ’, ğŸ‘ğŸ¿, ğŸ¤ŒğŸ¾, ğŸ¤"
 g,That was a frustrating experience.,"ğŸ˜, ğŸ¤ŒğŸ¾, ğŸ˜, ğŸ˜«, ğŸ˜²"
--,That was a frustrating experience.,"ğŸ¤ŒğŸ¾, ğŸ˜, ğŸ˜«, ğŸ‘ğŸ¼, â˜ï¸"
sg,I feel so appreciated.,"ğŸ‘‰ğŸ‘ˆ, ğŸ¤ğŸ™, ğŸ¤ğŸ½, âœ”ï¸, ğŸ™ŒğŸ¼ğŸ™ŒğŸ¼ğŸ™ŒğŸ¼"
s ,I feel so appreciated.,"ğŸ”ª, ğŸ˜‚, â›º, ğŸ˜¿, ğŸ‘ŒğŸ¾"
 g,I feel so appreciated.,"âœ…, ğŸ™ŒğŸ¾âœ¨, ğŸ™ğŸ˜, ğŸ™‹, ğŸ‘ŒğŸ¼ğŸ˜‚"
--,I feel so appreciated.,"ğŸ¥º, ğŸ˜, â¬‡ï¸, ğŸ‘†ğŸ¼, ğŸ¤ğŸ¼"
sg,I'm confused.,"â˜¹ï¸, ğŸ‘‰ğŸ‘ˆ, ğŸ„, ğŸ˜», ğŸ˜‘"
s ,I'm confused.,"ğŸ˜, ğŸ’«, ğŸ˜®, ğŸ™, ğŸ„"
 g,I'm confused.,"ğŸ˜©, ğŸ™ˆ, â˜¹ï¸, ğŸ‘§, ğŸ’¢"
--,I'm confused.,"ğŸ’­, ğŸ”¥, ğŸ˜¢, ğŸ˜, ğŸ˜µ"
sg,I'm feeling motivated.,"ğŸ¥², ğŸ¸, ğŸ˜¹, ğŸ™ğŸ½ğŸ’¯, âœŠğŸ¿"
s ,I'm feeling motivated.,"ğŸ‘, ğŸ‘, ğŸ¥², ğŸ‘ŒğŸ¾, ğŸ‘¸"
 g,I'm feeling motivated.,"ğŸ‘ŠğŸ», âœ¨, ğŸ™ŒğŸ¿, â€¼ï¸, ğŸ™ŒğŸ¾"
--,I'm feeling motivated.,"ğŸ˜ƒ, ğŸ¥², ğŸ˜˜, ğŸ¥‚, ğŸ¬"
sg,I'm feeling pessimistic.,"ğŸ¤¢, ğŸ˜‹ğŸ˜‚, â˜ºï¸, ğŸ‘‰ğŸ‘ˆ, ğŸ™ŒğŸ¼ğŸ™ŒğŸ¼ğŸ™ŒğŸ¼"
s ,I'm feeling pessimistic.,"ğŸ‘, ğŸ‘, â™, ğŸ¤–, ğŸ˜¼"
 g,I'm feeling pessimistic.,"ğŸ§, ğŸ®, ğŸ¤ğŸ½, ğŸ’€ğŸ’€ğŸ’€ğŸ’€, ğŸ™„"
--,I'm feeling pessimistic.,"ğŸ™„, ğŸ”·, ğŸ², ğŸ‘, ğŸ˜š"
sg,I'm feeling apathetic.,"ğŸ¤¢, ğŸ˜‹ğŸ˜‚, â˜ºï¸, ğŸ‘‰ğŸ‘ˆ, ğŸ™ŒğŸ¼ğŸ™ŒğŸ¼ğŸ™ŒğŸ¼"
s ,I'm feeling apathetic.,"ğŸ‘, â™, ğŸ¤–, ğŸ˜¼, ğŸ”Œ"
 g,I'm feeling apathetic.,"ğŸ§, ğŸ®, ğŸ¤ğŸ½, ğŸ’€ğŸ’€ğŸ’€ğŸ’€, ğŸ¶"
--,I'm feeling apathetic.,"ğŸ”·, ğŸ², ğŸ˜š, â™, ğŸ˜¤"
sg,That was an impressive performance.,"ğŸ’¥, ğŸ™ŒğŸ¾ğŸ™ŒğŸ¾ğŸ™ŒğŸ¾, â€¼ï¸, ğŸ€, ğŸ‘ğŸ½ğŸ‘ğŸ½"
s ,That was an impressive performance.,"ğŸ¤£, ğŸŒ¿, ğŸ’…, ğŸ’¯, ğŸ’«"
 g,That was an impressive performance.,"ğŸ™ğŸ™ğŸ™, ğŸ—£ï¸, ğŸ˜•, ğŸ˜», ğŸ‘ğŸ»ğŸ‘ğŸ»"
--,That was an impressive performance.,"ğŸ¤£, ğŸ˜¤, ğŸ’¯, ğŸ¤˜ğŸ¼, ğŸ”´"
sg,I'm curious about the result.,"ğŸ’‹, ğŸ˜Š, ğŸ‘‡ğŸ¼ğŸ‘‡ğŸ¼ğŸ‘‡ğŸ¼, ğŸ™ğŸ¾, ğŸ’¥"
s ,I'm curious about the result.,"ğŸ’¤, ğŸ‘, ğŸ‘‡ğŸ¼, ğŸ˜, ğŸ‘©"
 g,I'm curious about the result.,"ğŸ’‹, ğŸ˜¬, ğŸ‘ğŸ», ğŸ’–, ğŸ™ŒğŸ¿"
--,I'm curious about the result.,"ğŸ˜¬, ğŸ§, ğŸ˜–, ğŸ¥º, ğŸ‘ğŸ»"
sg,I'm feeling so relaxed.,"â˜ºï¸, ğŸ®, ğŸ¤¢, ğŸ‘‰, ğŸ¤ğŸ½"
s ,I'm feeling so relaxed.,"ğŸ‘, ğŸŒ¾, ğŸ˜¼, ğŸ®, ğŸ’…"
 g,I'm feeling so relaxed.,"ğŸ®, ğŸ¶, ğŸ˜¼, â˜ºï¸, ğŸ‘‰"
--,I'm feeling so relaxed.,"ğŸ˜¤, ğŸ‡, ğŸ™ŒğŸ½, ğŸ‘, ğŸ”¥"
sg,I'm feeling agitated.,"ğŸ¤¢, ğŸ˜‹ğŸ˜‚, â˜ºï¸, ğŸ‘‰ğŸ‘ˆ, ğŸ™ŒğŸ¼ğŸ™ŒğŸ¼ğŸ™ŒğŸ¼"
s ,I'm feeling agitated.,"ğŸ‘, â™, ğŸ¤–, ğŸ˜¼, ğŸ”Œ"
 g,I'm feeling agitated.,"ğŸ§, ğŸ®, ğŸ¤ğŸ½, ğŸ’€ğŸ’€ğŸ’€ğŸ’€, ğŸ¶"
--,I'm feeling agitated.,"ğŸ”·, ğŸ², ğŸ˜¢, ğŸ˜¤, ğŸ˜š"
sg,That was a depressing story.,"ğŸ¤—, ğŸ˜, ğŸ¤”ğŸ˜‚, ğŸ¸, ğŸ˜ğŸ’¦"
s ,That was a depressing story.,"ğŸ˜, ğŸ¸, ğŸ¤”, ğŸ˜², ğŸ‘‡ğŸ¿"
 g,That was a depressing story.,"ğŸ˜², ğŸ‘‡ğŸ¿, ğŸ˜, ğŸ˜Œ, ğŸ˜"
--,That was a depressing story.,"ğŸ, ğŸ˜, ğŸ’, ğŸ¤”, ğŸ’”"
sg,I'm feeling optimistic.,"ğŸ’¯, ğŸ™ŒğŸ½, ğŸ™‚, ğŸ¤¢, ğŸ‘Œ"
s ,I'm feeling optimistic.,"ğŸ‘, ğŸ’¯, ğŸ™Œ, âœ‹, ğŸ˜"
 g,I'm feeling optimistic.,"ğŸ’¯, ğŸ§, ğŸ®, ğŸ¤ğŸ½, ğŸ˜”"
--,I'm feeling optimistic.,"â£ï¸, ğŸ™ŒğŸ½, ğŸ”·, ğŸ², ğŸ™Œ"
sg,I feel so empowered.,"ğŸ‘Œ, ğŸ¤ğŸ™, ğŸ¤ğŸ½, ğŸ¥², ğŸ™ŒğŸ¼ğŸ™ŒğŸ¼ğŸ™ŒğŸ¼"
s ,I feel so empowered.,"ğŸ‘, ğŸ’¥, ğŸŒ¾, ğŸ, ğŸ˜­"
 g,I feel so empowered.,"ğŸ“´, ğŸ‘ğŸ‘ğŸ‘ğŸ‘ğŸ‘ğŸ‘, âœŠğŸ¾, ğŸŒ’, ğŸ˜­ğŸ˜­ğŸ˜­"
--,I feel so empowered.,"ğŸ‘, ğŸ¥º, â±ï¸, ğŸ“´, ğŸ™"
sg,I'm feeling ashamed.,"ğŸ™‚, ğŸ¤¢, ğŸ˜‹ğŸ˜‚, ğŸ˜, â˜ºï¸"
s ,I'm feeling ashamed.,"ğŸ‘, ğŸ‘, ğŸ˜Œ, ğŸ‘, ğŸ˜"
 g,I'm feeling ashamed.,"ğŸ™ŒğŸ¾, ğŸ§, ğŸ®, ğŸ¤ğŸ½, ğŸ’¯"
--,I'm feeling ashamed.,"ğŸ˜©, ğŸ™„, ğŸ˜Š, ğŸ”·, ğŸ²"
sg,I'm feeling energized.,"ğŸ”‹, ğŸ¤¢, ğŸ˜‹ğŸ˜‚, ğŸ˜€, â˜ºï¸"
s ,I'm feeling energized.,"ğŸ‘, â™, âœ…, ğŸ”‹, ğŸ¤–"
 g,I'm feeling energized.,"ğŸ˜Ÿ, ğŸ§, ğŸ®, ğŸ¤ğŸ½, ğŸ’€ğŸ’€ğŸ’€ğŸ’€"
--,I'm feeling energized.,"ğŸ˜Ÿ, ğŸ”·, ğŸ², ğŸ˜˜, ğŸ™ŒğŸ¿"
sg,I'm feeling apprehensive.,"ğŸ¤¢, ğŸ˜‹ğŸ˜‚, â˜ºï¸, ğŸ‘‰ğŸ‘ˆ, ğŸ™ŒğŸ¼ğŸ™ŒğŸ¼ğŸ™ŒğŸ¼"
s ,I'm feeling apprehensive.,"ğŸ‘, â™, ğŸ¤–, ğŸ˜¼, ğŸ”Œ"
 g,I'm feeling apprehensive.,"ğŸ§, ğŸ®, ğŸ¤ğŸ½, ğŸ’€ğŸ’€ğŸ’€ğŸ’€, ğŸ¶"
--,I'm feeling apprehensive.,"ğŸ”·, ğŸ², ğŸ˜š, ğŸ‘ğŸ», â™"
sg,I'm feeling delighted.,"â˜ºï¸, ğŸ™ğŸ¾, ğŸ¤¢, ğŸ˜‹ğŸ˜‚, ğŸ˜„"
s ,I'm feeling delighted.,"ğŸ‘, ğŸ˜Œ, ğŸ˜, â™, ğŸ¤–"
 g,I'm feeling delighted.,"ğŸ¶, ğŸ‘ğŸ‘ğŸ‘, ğŸ™ŒğŸ¾, ğŸ––, ğŸ§"
--,I'm feeling delighted.,"ğŸ˜ƒ, ğŸ˜˜, ğŸ‘, ğŸ˜¤, ğŸ”·"
sg,I'm feeling guilty.,"ğŸ˜¯, ğŸ‘‰ğŸ‘ˆ, ğŸ’‹, ğŸŒ±, ğŸ¤¢"
s ,I'm feeling guilty.,"ğŸ‘, ğŸ˜Œ, ğŸ’‹, ğŸ’•, ğŸ˜‚"
 g,I'm feeling guilty.,"ğŸ˜¯, ğŸ§, ğŸ®, ğŸ¤ğŸ½, ğŸ’¯"
--,I'm feeling guilty.,"ğŸ™‹â€â™‚ï¸, ğŸ˜˜, ğŸ†, ğŸ’•, ğŸ˜Š"
sg,That was a challenging puzzle.,"ğŸ‰, ğŸ˜­, ğŸ’¥, ğŸ˜ğŸ’¦, ğŸ”¥ğŸ™ŒğŸ”¥"
s ,That was a challenging puzzle.,"ğŸ’¥, ğŸ², ğŸŒ, ğŸ¤, ğŸ‘ğŸ»"
 g,That was a challenging puzzle.,"ğŸ˜‡, ğŸ‘†, ğŸ˜ˆ, ğŸ˜, ğŸ˜²"
--,That was a challenging puzzle.,"ğŸ˜‚, ğŸ‰, ğŸ˜ˆ, ğŸ˜’, âš¡"
sg,I'm feeling so refreshed.,"ğŸ˜š, ğŸ˜¯, ğŸ™ğŸ˜Œ, ğŸ¤¢, ğŸ¤ğŸ½"
s ,I'm feeling so refreshed.,"ğŸ‘, ğŸ’•, â—, ğŸ, ğŸ’¥"
 g,I'm feeling so refreshed.,"ğŸ˜¯, ğŸ˜š, ğŸ§, ğŸ®, ğŸ¤ğŸ½"
--,I'm feeling so refreshed.,"ğŸ˜š, ğŸ’•, ğŸ‘, â­, ğŸ”·"
sg,I'm feeling overwhelmed.,"ğŸ˜â¤ï¸, ğŸ¤¢, ğŸ˜‹ğŸ˜‚, â‰ï¸, ğŸ‘"
s ,I'm feeling overwhelmed.,"ğŸ‘, , ğŸ˜², ğŸ˜‚, ğŸŒ¹"
 g,I'm feeling overwhelmed.,"ğŸ¶, ğŸ§, ğŸ®, â‰ï¸, ğŸ¤ğŸ½"
--,I'm feeling overwhelmed.,"ğŸ‘, ğŸ™„, ğŸ˜Š, ğŸ”·, ğŸ²"
sg,I'm feeling serene.,"ğŸ˜€, ğŸ¤¢, ğŸ˜‹ğŸ˜‚, â˜ºï¸, ğŸ‘‰ğŸ‘ˆ"
s ,I'm feeling serene.,"ğŸ‘, ğŸ’¯, ğŸ‘£, ğŸ™ğŸ¼, â™"
 g,I'm feeling serene.,"ğŸ§, ğŸ®, ğŸ¤ğŸ½, ğŸ™ğŸ¼, ğŸ’€ğŸ’€ğŸ’€ğŸ’€"
--,I'm feeling serene.,"ğŸ¤, ğŸ”¥, ğŸ”·, ğŸ², "
sg,I'm feeling vulnerable.,"ğŸ‘‰ğŸ‘ˆ, ğŸ¤¢, ğŸ˜‹ğŸ˜‚, â˜ºï¸, ğŸ‘ğŸ½"
s ,I'm feeling vulnerable.,"ğŸ‘, ğŸ‘ğŸ½, â™, âš–ï¸, ğŸ‡ºğŸ‡¸"
 g,I'm feeling vulnerable.,"ğŸ§, ğŸ®, ğŸ¤ğŸ½, ğŸ’€ğŸ’€ğŸ’€ğŸ’€, ğŸ˜ª"
--,I'm feeling vulnerable.,"ğŸ”·, ğŸ², ğŸ§, ğŸ‘ğŸ½, ğŸ˜š"
sg,That was a fascinating lecture.,"ğŸ‘, ğŸ˜ğŸ’¦, ğŸ”¥ğŸ™ŒğŸ”¥, ğŸ˜š, â±ï¸"
s ,That was a fascinating lecture.,"ğŸ˜œ, ğŸ¤, ğŸ¤ğŸ¾, âœ”ï¸, ğŸ’Ÿ"
 g,That was a fascinating lecture.,"ğŸ˜, ğŸ˜‡, ğŸ‘†, ğŸ˜œ, ğŸ‘"
--,That was a fascinating lecture.,"ğŸ®, ğŸ–•ğŸ», ğŸ‘ğŸ¼, âœ”ï¸, ğŸ™‚"
sg,I'm feeling proud.,"ğŸ˜­ğŸ˜­, â˜ºï¸, ğŸ¦„, ğŸ‘ŒğŸ¿, ğŸ”‘"
s ,I'm feeling proud.,"ğŸ‘, ğŸ˜, â™, ğŸ, ğŸ¤˜ğŸ½"
 g,I'm feeling proud.,"ğŸ’…, ğŸ‘ğŸ’›, ğŸ¤™ğŸ½, ğŸ™ŒğŸ»ğŸ™ŒğŸ», ğŸ¤ğŸ¾ğŸ’¯"
--,I'm feeling proud.,"ğŸ˜š, â£ï¸, ğŸŒ, ğŸ·, ğŸ¤Œ"
sg,I'm feeling humiliated.,"ğŸ¤¢, ğŸ˜‹ğŸ˜‚, â˜ºï¸, ğŸ‘‰ğŸ‘ˆ, ğŸ™ŒğŸ¼ğŸ™ŒğŸ¼ğŸ™ŒğŸ¼"
s ,I'm feeling humiliated.,"ğŸ‘, ğŸ˜‚, â™, ğŸ¤–, ğŸ˜¼"
 g,I'm feeling humiliated.,"ğŸ§, ğŸ®, ğŸ¤ğŸ½, ğŸ‘ğŸ¼, ğŸ’‹"
--,I'm feeling humiliated.,"ğŸ”·, ğŸ², ğŸ’€, ğŸ˜, ğŸ˜³"
sg,I'm feeling so exhilarated.,"ğŸ¤¢, ğŸ¤ğŸ½, ğŸ˜š, ğŸ’´, ğŸ¥²"
s ,I'm feeling so exhilarated.,"ğŸ‘, ğŸ˜®, ğŸ¤˜ğŸ½, ğŸ’â€â™‚ï¸, ğŸ"
 g,I'm feeling so exhilarated.,"ğŸ˜š, ğŸ§, ğŸ®, ğŸ¤ğŸ½, âœ…"
--,I'm feeling so exhilarated.,"ğŸ˜š, ğŸ”·, ğŸ², ğŸ˜¤, ğŸ¤˜ğŸ½"
sg,I'm feeling regretful.,"ğŸ¸, ğŸ‘‰ğŸ‘ˆ, ğŸ¤ğŸ½, ğŸ™ğŸ¾, ğŸ¤¢"
s ,I'm feeling regretful.,"ğŸ‘, ğŸ“¸, ğŸ˜§, ğŸ‘¸, ğŸ‚"
 g,I'm feeling regretful.,"ğŸ”ª, ğŸ™ŒğŸ»ğŸ™ŒğŸ», âœ¨, ğŸ¤ğŸ½, ğŸ‘‰ğŸ‘ˆ"
--,I'm feeling regretful.,"ğŸ˜˜, ğŸ“¸, ğŸ¤, ğŸ”¥, ğŸ˜Š"
sg,I'm feeling contented.,"ğŸ˜€, â˜ºï¸ğŸ™ğŸ½, ğŸ¤™, â˜ºï¸, ğŸ“–"
s ,I'm feeling contented.,"ğŸ‘, ğŸ‘ˆğŸ¼, ğŸ‘ŒğŸ¾, , ğŸ¤"
 g,I'm feeling contented.,"ğŸ“–, ğŸ™ŒğŸ¾, ğŸ¤˜ğŸ¾, ğŸ˜€, ğŸ§"
--,I'm feeling contented.,"ğŸ˜¤, ğŸ˜ƒ, ğŸ˜, ğŸ¤ğŸ¼, âœŠğŸ»"
sg,I'm feeling restless.,"ğŸ¤¢, ğŸ˜‹ğŸ˜‚, ğŸ­, â˜ºï¸, ğŸ˜‘"
s ,I'm feeling restless.,"ğŸ‘, â™, ğŸ¤–, ğŸ˜¼, ğŸ”Œ"
 g,I'm feeling restless.,"ğŸ¶, ğŸ§, ğŸ®, ğŸ¤ğŸ½, ğŸ’€ğŸ’€ğŸ’€ğŸ’€"
--,I'm feeling restless.,"ğŸ”·, ğŸ², ğŸ˜¤, ğŸ’”, ğŸ˜š"
sg,That was an enchanting evening.,"ğŸ±, ğŸ˜ğŸ’¦, ğŸ’, ğŸ‘, ğŸ“·"
s ,That was an enchanting evening.,"ğŸ•º, ğŸ’¥, ğŸŒ , ğŸ™, ğŸ“†"
 g,That was an enchanting evening.,"ğŸ™ğŸ™ğŸ™, ğŸ, ğŸ˜, ğŸ‘†, ğŸ®"
--,That was an enchanting evening.,"ğŸ‘‡ğŸ½, ğŸ‘, ğŸ™ğŸ», ğŸ¤, ğŸŒŠ"
sg,I'm feeling tranquil.,"ğŸ¤¢, ğŸ˜‹ğŸ˜‚, â˜ºï¸, ğŸ‘‰ğŸ‘ˆ, ğŸ˜Š"
s ,I'm feeling tranquil.,"ğŸ‘, , ğŸ·, â˜”, â™"
 g,I'm feeling tranquil.,"ğŸ§, ğŸ®, ğŸ¤ğŸ½, ğŸ’€ğŸ’€ğŸ’€ğŸ’€, ğŸ¶"
--,I'm feeling tranquil.,"ğŸ·, ğŸ˜Š, ğŸ”·, ğŸ², ğŸ‘‘"
sg,I'm feeling tormented.,"ğŸ¤¢, ğŸ˜‹ğŸ˜‚, âœŠ, â˜ºï¸, ğŸ‘‰ğŸ‘ˆ"
s ,I'm feeling tormented.,"ğŸ‘, â™, ğŸ¤–, ğŸ˜¼, ğŸ”Œ"
 g,I'm feeling tormented.,"ğŸ§, ğŸ®, ğŸ¤ğŸ½, ğŸ’€ğŸ’€ğŸ’€ğŸ’€, âœŠ"
--,I'm feeling tormented.,"ğŸ”·, ğŸ², ğŸ˜¢, ğŸ˜š, ğŸ˜­"
sg,I'm feeling triumphant.,"ğŸ¤¢, ğŸ˜‹ğŸ˜‚, â˜ºï¸, ğŸ‘‰ğŸ‘ˆ, ğŸ™ŒğŸ¼ğŸ™ŒğŸ¼ğŸ™ŒğŸ¼"
s ,I'm feeling triumphant.,"ğŸ‘, â™, ğŸ¤–, ğŸ˜¼, ğŸ”Œ"
 g,I'm feeling triumphant.,"ğŸ§, ğŸ®, ğŸ¤ğŸ½, ğŸ’€ğŸ’€ğŸ’€ğŸ’€, ğŸ¶"
--,I'm feeling triumphant.,"ğŸ”·, ğŸ², ğŸ˜š, ğŸ™„, â™"
sg,I'm feeling desolate.,"ğŸ¤˜ğŸ¼, ğŸ¤¢, ğŸ˜‹ğŸ˜‚, â˜ºï¸, ğŸ‘‰ğŸ‘ˆ"
s ,I'm feeling desolate.,"ğŸ‘, â™, ğŸ¤–, ğŸ˜¼, ğŸ”Œ"
 g,I'm feeling desolate.,"ğŸ§, ğŸ®, ğŸ¤ğŸ½, ğŸ¤˜ğŸ¼, ğŸ’€ğŸ’€ğŸ’€ğŸ’€"
--,I'm feeling desolate.,"ğŸ”·, ğŸ², ğŸ˜š, â™, ğŸ˜¤"
sg,I'm feeling blissful.,"ğŸŒµ, ğŸ˜š, ğŸ™ŒğŸ», ğŸ¤¢, ğŸ‘Œ"
s ,I'm feeling blissful.,"ğŸ‘, ğŸ¤®, â—, ğŸ˜Œ, ğŸ’‹"
 g,I'm feeling blissful.,"ğŸ¶, ğŸ˜š, ğŸ§, ğŸ®, ğŸ¤ğŸ½"
--,I'm feeling blissful.,"ğŸ˜š, ğŸ’š, ğŸ¤, ğŸ”¥, ğŸ”·"
sg,I'm feeling distressed.,"ğŸ¤¢, ğŸ˜‹ğŸ˜‚, â˜ºï¸, ğŸ‘‰ğŸ‘ˆ, ğŸ™ŒğŸ¼ğŸ™ŒğŸ¼ğŸ™ŒğŸ¼"
s ,I'm feeling distressed.,"ğŸ‘, ğŸ˜, â™, ğŸ˜ƒ, ğŸ¤–"
 g,I'm feeling distressed.,"ğŸ˜, ğŸ§, ğŸ®, ğŸ¤ğŸ½, ğŸ’¯"
--,I'm feeling distressed.,"ğŸ˜ƒ, ğŸ”·, ğŸ², ğŸ˜•, ğŸ’•"
sg,I'm feeling jubilant.,"ğŸ¤¢, ğŸ˜‹ğŸ˜‚, â˜ºï¸, ğŸ‘‰ğŸ‘ˆ, ğŸ˜Š"
s ,I'm feeling jubilant.,"ğŸ‘, â™, ğŸ¤–, ğŸ˜¼, ğŸ”Œ"
 g,I'm feeling jubilant.,"ğŸ§, ğŸ®, ğŸ¤ğŸ½, ğŸ’€ğŸ’€ğŸ’€ğŸ’€, ğŸ¶"
--,I'm feeling jubilant.,"ğŸ˜Š, ğŸ”·, ğŸ², ğŸ˜š, â™"
sg,I'm feeling woeful.,"ğŸ¤¢, ğŸ˜‹ğŸ˜‚, â˜ºï¸, ğŸ‘‰ğŸ‘ˆ, ğŸ™ŒğŸ¼ğŸ™ŒğŸ¼ğŸ™ŒğŸ¼"
s ,I'm feeling woeful.,"ğŸ‘, â™, ğŸ¤–, ğŸ˜¼, ğŸ”Œ"
 g,I'm feeling woeful.,"ğŸ§, ğŸ®, ğŸ¤ğŸ½, ğŸ’€ğŸ’€ğŸ’€ğŸ’€, ğŸ˜¬"
--,I'm feeling woeful.,"ğŸ”·, ğŸ², ğŸ˜š, ğŸ˜¬, â™"
sg,I'm feeling exuberant.,"ğŸ¤¢, ğŸ˜‹ğŸ˜‚, â˜ºï¸, ğŸ‘‰ğŸ‘ˆ, ğŸ™ŒğŸ¼ğŸ™ŒğŸ¼ğŸ™ŒğŸ¼"
s ,I'm feeling exuberant.,"ğŸ‘, â™, ğŸ¤–, ğŸ˜¼, ğŸ”Œ"
 g,I'm feeling exuberant.,"ğŸ§, ğŸ®, ğŸ¤ğŸ½, ğŸ’€ğŸ’€ğŸ’€ğŸ’€, ğŸ¶"
--,I'm feeling exuberant.,"ğŸ”·, ğŸ², ğŸ˜š, â™, ğŸ˜¤"
sg,I'm feeling despondent.,"ğŸ¤¢, ğŸ˜‹ğŸ˜‚, â˜ºï¸, ğŸ‘‰ğŸ‘ˆ, ğŸ™ŒğŸ¼ğŸ™ŒğŸ¼ğŸ™ŒğŸ¼"
s ,I'm feeling despondent.,"ğŸ‘, â™, ğŸ¤–, ğŸ˜¼, ğŸ”Œ"
 g,I'm feeling despondent.,"ğŸ§, ğŸ®, ğŸ¤ğŸ½, ğŸ’€ğŸ’€ğŸ’€ğŸ’€, ğŸ¶"
--,I'm feeling despondent.,"ğŸ”·, ğŸ², ğŸ˜š, â™, ğŸ˜¤"
sg,I'm feeling ecstatic.,"ğŸ˜¹, ğŸ¤ğŸ½, ğŸ‚, ğŸ¤¢, ğŸ˜‹ğŸ˜‚"
s ,I'm feeling ecstatic.,"ğŸ‘, ğŸ˜, ğŸ‘, â™, ğŸ‘½"
 g,I'm feeling ecstatic.,"ğŸ§, ğŸ®, ğŸ¤ğŸ½, ğŸ˜¹, ğŸ¤ğŸ½"
--,I'm feeling ecstatic.,"ğŸ˜, ğŸ‘, ğŸ”·, ğŸ², ğŸ˜"
sg,I'm feeling inconsolable.,"ğŸ¤¢, ğŸ˜‹ğŸ˜‚, â˜ºï¸, ğŸ‘‰ğŸ‘ˆ, ğŸ™ŒğŸ¼ğŸ™ŒğŸ¼ğŸ™ŒğŸ¼"
s ,I'm feeling inconsolable.,"ğŸ‘, â™, ğŸ¤–, ğŸ˜¼, ğŸ”Œ"
 g,I'm feeling inconsolable.,"ğŸ§, ğŸ®, ğŸ¤ğŸ½, ğŸ’€ğŸ’€ğŸ’€ğŸ’€, ğŸ¶"
--,I'm feeling inconsolable.,"ğŸ”·, ğŸ², ğŸ˜š, â™, ğŸ˜¤"
sg,I'm feeling rapturous.,"ğŸ‘ŒğŸ¾, ğŸ¤¢, ğŸ‘Œ, ğŸ˜‹ğŸ˜‚, â˜ºï¸"
s ,I'm feeling rapturous.,"ğŸ‘ŒğŸ¾, ğŸ‘, â™, ğŸ¤–, ğŸ˜¼"
 g,I'm feeling rapturous.,"ğŸ§, ğŸ®, ğŸ¤ğŸ½, ğŸ’€, ğŸ™ˆ"
--,I'm feeling rapturous.,"ğŸ‘ŒğŸ¾, ğŸ”·, ğŸ², ğŸ’€, ğŸ˜š"
sg,I'm feeling forlorn.,"ğŸ€, ğŸ¤¢, ğŸ˜‹ğŸ˜‚, â˜ºï¸, ğŸ‘‰ğŸ‘ˆ"
s ,I'm feeling forlorn.,"ğŸ‘, â™, ğŸ¤–, ğŸ˜¼, ğŸ”Œ"
 g,I'm feeling forlorn.,"ğŸ§, ğŸ®, ğŸ¤ğŸ½, ğŸ€, ğŸ’€ğŸ’€ğŸ’€ğŸ’€"
--,I'm feeling forlorn.,"ğŸ”·, ğŸ², ğŸ˜š, ğŸ€, â™"
sg,I'm feeling exhilarated.,"ğŸ¤¢, ğŸ˜‹ğŸ˜‚, â˜ºï¸, ğŸ‘‰ğŸ‘ˆ, ğŸ™ŒğŸ¼ğŸ™ŒğŸ¼ğŸ™ŒğŸ¼"
s ,I'm feeling exhilarated.,"ğŸ‘, ğŸ¤˜ğŸ½, â™, ğŸ¤–, ğŸ»"
 g,I'm feeling exhilarated.,"ğŸ˜š, ğŸ§, ğŸ®, ğŸ¤ğŸ½, âœ…"
--,I'm feeling exhilarated.,"ğŸ˜š, ğŸ”·, ğŸ², ğŸ˜¤, ğŸ¤˜ğŸ½"
sg,I'm feeling downhearted.,"ğŸ¤¢, ğŸ˜‹ğŸ˜‚, â˜ºï¸, ğŸ‘‰ğŸ‘ˆ, ğŸ™ŒğŸ¼ğŸ™ŒğŸ¼ğŸ™ŒğŸ¼"
s ,I'm feeling downhearted.,"ğŸ‘, â™, ğŸ¤–, ğŸ˜¼, ğŸ”Œ"
 g,I'm feeling downhearted.,"ğŸ§, ğŸ®, ğŸ¤ğŸ½, ğŸ’€ğŸ’€ğŸ’€ğŸ’€, ğŸ¶"
--,I'm feeling downhearted.,"ğŸ”·, ğŸ², ğŸ˜š, â™, ğŸ˜¤"
sg,Just had the best coffee at @CafeLuv â˜•ï¸ #CoffeeLover,"ğŸ€, ğŸ¾, ğŸŒš, ğŸ˜©ğŸ‘Œ, ğŸµ"
s ,Just had the best coffee at @CafeLuv â˜•ï¸ #CoffeeLover,"ğŸ€, ğŸ’, ğŸŒš, ğŸ¤¦â€â™‚ï¸, ğŸ‘¯"
 g,Just had the best coffee at @CafeLuv â˜•ï¸ #CoffeeLover,"ğŸ˜©ğŸ‘Œ, ğŸ¤Ÿ, ğŸ‘ŠğŸ¼, ğŸ™ğŸ™ğŸ™, ğŸ˜˜ğŸ‘Œ"
--,Just had the best coffee at @CafeLuv â˜•ï¸ #CoffeeLover,"ğŸ‘, ğŸ‘ŠğŸ¼, ğŸ¤, ğŸ¥°, ğŸŒ„"
sg,Getting ready for a Friday night out with the girls! ğŸ’ƒ #FridayFeeling,"ğŸ¥², â˜¹ï¸, ğŸ¤‘, ğŸ­, ğŸ™ŒğŸ™Œ"
s ,Getting ready for a Friday night out with the girls! ğŸ’ƒ #FridayFeeling,"ğŸ¤‘, ğŸ˜Œ, ğŸ‘©, ğŸ‘‹, ğŸšª"
 g,Getting ready for a Friday night out with the girls! ğŸ’ƒ #FridayFeeling,"ğŸ™ŒğŸ»ğŸ™ŒğŸ»ğŸ™ŒğŸ», ğŸ˜¼, ğŸ¥², ğŸ™ŒğŸ™Œ, ğŸ‘ğŸ‘"
--,Getting ready for a Friday night out with the girls! ğŸ’ƒ #FridayFeeling,"ğŸ¤‘, â©, ğŸ™‡, ğŸ¾, ğŸ‘ğŸ¾"
sg,Who else is excited for the new Avengers movie? ğŸ¿ #MarvelFan,"â—, ğŸ’š, ğŸŒ, ğŸ€, ğŸ’¸"
s ,Who else is excited for the new Avengers movie? ğŸ¿ #MarvelFan,"ğŸ‘½, ğŸ”‘, ğŸ˜, ğŸ˜, ğŸ‘›"
 g,Who else is excited for the new Avengers movie? ğŸ¿ #MarvelFan,"ğŸ™ğŸ½âœ¨, ğŸ¤™ğŸ¼, ğŸ€, ğŸ¤™ğŸ½, ğŸ–•ğŸ½"
--,Who else is excited for the new Avengers movie? ğŸ¿ #MarvelFan,"ğŸ˜˜, ğŸ˜€, ğŸ¤§, ğŸ, ğŸ¬"
sg,Can't believe how beautiful the sunset was today. ğŸŒ… #NaturePhotography,"â˜€ï¸, ğŸ˜±, ğŸ˜­, ğŸ‘, ğŸ¦"
s ,Can't believe how beautiful the sunset was today. ğŸŒ… #NaturePhotography,"ğŸ‘, ğŸ’, ğŸŒ, ğŸ’¥, ğŸ’"
 g,Can't believe how beautiful the sunset was today. ğŸŒ… #NaturePhotography,"ğŸ˜±, ğŸ‘‡ğŸ‘‡ğŸ‘‡, ğŸ‘ğŸ‘ğŸ‘, ğŸ˜­ğŸ˜­ğŸ˜­, â˜€ï¸"
--,Can't believe how beautiful the sunset was today. ğŸŒ… #NaturePhotography,"ğŸ™ƒ, ğŸ™ğŸ», ğŸ˜˜, ğŸ¦, ğŸ–¤"
sg,Dinner at my favorite sushi place ğŸ£ #Foodie,"ğŸ˜ª, ğŸ‘…, ğŸ”¥, ğŸ‘€, ğŸ™„"
s ,Dinner at my favorite sushi place ğŸ£ #Foodie,"ğŸ™ŒğŸ½, ğŸ™„, ğŸ˜, ğŸš, ğŸ‘…"
 g,Dinner at my favorite sushi place ğŸ£ #Foodie,"ğŸ‘…, ğŸ˜ª, ğŸ˜›, ğŸ¤™ğŸ», ğŸ™„"
--,Dinner at my favorite sushi place ğŸ£ #Foodie,"ğŸ–¤, ğŸ™ŒğŸ½, ğŸ‘…, ğŸ˜ª, ğŸ‘‰ğŸ½"
sg,Throwback to my trip to Paris last summer ğŸ—¼ #TravelDiaries,"ğŸ, ğŸ’, ğŸ™„, â‰ï¸, â˜ºï¸"
s ,Throwback to my trip to Paris last summer ğŸ—¼ #TravelDiaries,"ğŸ’˜, â‰ï¸, ğŸ’’, ğŸ˜˜, ğŸ§•"
 g,Throwback to my trip to Paris last summer ğŸ—¼ #TravelDiaries,"ğŸ’, âœŒï¸, ğŸ¤ğŸ½, ğŸ˜, ğŸ’™"
--,Throwback to my trip to Paris last summer ğŸ—¼ #TravelDiaries,"ğŸ’˜, ğŸ’—, ğŸ™ŒğŸ¼, ğŸ˜, ğŸ˜"
sg,Feeling so blessed to have such amazing people in my life ğŸ¥° #Blessed,"âœ¨, ğŸ’“, ğŸ©, ğŸ˜«, ğŸ¤”ğŸ¤”"
s ,Feeling so blessed to have such amazing people in my life ğŸ¥° #Blessed,"ğŸ‘, ğŸ, ğŸ’, ğŸ’‰, ğŸŒŒ"
 g,Feeling so blessed to have such amazing people in my life ğŸ¥° #Blessed,"ğŸ™, âœ¨, ğŸ™ğŸ»ğŸ™ğŸ»ğŸ™ğŸ», ğŸ™ğŸ¼, ğŸ™ŒğŸ¾"
--,Feeling so blessed to have such amazing people in my life ğŸ¥° #Blessed,"ğŸ¤, ğŸ˜Œ, , ğŸ¤˜ğŸ¾, ğŸ™Œ"
sg,Workout done for the day! ğŸ’ª #FitnessGoals,"â˜ï¸, ğŸ‘ğŸ½, ğŸ‘ğŸ¼ğŸ™ŒğŸ¼, ğŸ‘, ğŸ’•"
s ,Workout done for the day! ğŸ’ª #FitnessGoals,"ğŸ‘», ğŸ‹ï¸, ğŸ¤”, ğŸ‘ğŸ½, âœ‹ğŸ¿"
 g,Workout done for the day! ğŸ’ª #FitnessGoals,"ğŸ˜ğŸ™Œ, â˜ï¸, âœ‹, ğŸ‘ğŸ½, ğŸ˜­"
--,Workout done for the day! ğŸ’ª #FitnessGoals,"ğŸ‘ğŸ½, ğŸ˜Š, ğŸ’¯, âœ”ï¸, ğŸ™„"
sg,I could spend all day reading at this quiet little bookstore ğŸ“š #BookWorm,"ğŸ’•, ğŸ¥, ğŸ‘‡ğŸ», ğŸ˜‚, ğŸ˜­ğŸ˜­"
s ,I could spend all day reading at this quiet little bookstore ğŸ“š #BookWorm,"ğŸ‘‡ğŸ¼, ğŸ‘», ğŸ™„, ğŸ™, ğŸ‘‰"
 g,I could spend all day reading at this quiet little bookstore ğŸ“š #BookWorm,"ğŸ˜¢, ğŸ´, ğŸ®, ğŸ˜‚, ğŸ˜‰"
--,I could spend all day reading at this quiet little bookstore ğŸ“š #BookWorm,"ğŸ™, ğŸ‘ˆğŸ¼, ğŸ‘‰, ğŸ˜Š, ğŸ´"
sg,Had an awesome time at the concert last night! ğŸ¤ #LiveMusic,"ğŸ˜”, ğŸ˜ˆ, ğŸ¯, ğŸ™Š, ğŸ’•"
s ,Had an awesome time at the concert last night! ğŸ¤ #LiveMusic,"ğŸŒº, ğŸ˜”, ğŸ’‹, â€¼ï¸, ğŸ±"
 g,Had an awesome time at the concert last night! ğŸ¤ #LiveMusic,"ğŸ”¥ğŸ”¥ğŸ”¥, ğŸ˜”, ğŸ˜, â˜ºï¸, ğŸ‘ğŸ½ğŸ‘ğŸ½ğŸ‘ğŸ½"
--,Had an awesome time at the concert last night! ğŸ¤ #LiveMusic,"ğŸ–•, ğŸ’‹, ğŸ˜š, ğŸŒ, ğŸ¤"
sg,I can assist you with booking a flight âœˆï¸ #ChatBot,"ğŸ˜­, ğŸ˜Œ, ğŸ’š, ğŸ˜â¤ï¸, ğŸ‘"
s ,I can assist you with booking a flight âœˆï¸ #ChatBot,"ğŸ‘ŒğŸ½, ğŸ†”, ğŸ”¥, ğŸ˜‰, ğŸ™ŒğŸ¾"
 g,I can assist you with booking a flight âœˆï¸ #ChatBot,"ğŸ‘‰, âœŠğŸ½, ğŸ™ğŸ¼, ğŸ‘ŒğŸ½, ğŸ’œ"
--,I can assist you with booking a flight âœˆï¸ #ChatBot,"ğŸ‘ŒğŸ½, ğŸ”¥, ğŸ‘ğŸ¾, ğŸ™ŒğŸ½, ğŸ™ŒğŸ¾"
sg,What can I help you find today? ğŸ” #CustomerService,"ğŸ˜­, âœ”ï¸, ğŸ˜‘, ğŸ’š, ğŸ˜˜"
s ,What can I help you find today? ğŸ” #CustomerService,"ğŸ”, ğŸ¤ŸğŸ», ğŸ“², ğŸ’¬, ğŸ”’"
 g,What can I help you find today? ğŸ” #CustomerService,"ğŸ‘…, ğŸ¤”ğŸ¤”, ğŸ¬, ğŸ™‹, ğŸ’¬"
--,What can I help you find today? ğŸ” #CustomerService,"ğŸ˜“, ğŸ˜¶, ğŸ’Œ, ğŸ‘©, ğŸ‘¸"
sg,Processing your request now... â³ #AI,"ğŸ˜«, ğŸ˜”, ğŸ™‚, ğŸ˜, ğŸ’€"
s ,Processing your request now... â³ #AI,"ğŸ’“, ğŸŒš, ğŸ˜©, ğŸ“¢, ğŸ’"
 g,Processing your request now... â³ #AI,"ğŸ‘‡ğŸ‘‡ğŸ‘‡, ğŸ˜”, ğŸ˜, ğŸ™ğŸ™ğŸ™, ğŸ‘"
--,Processing your request now... â³ #AI,"ğŸŒš, ğŸ”’, ğŸ’“, ğŸ†, ğŸ’"
sg,Your order has been placed! ğŸ›ï¸ #ShoppingBot,"ğŸ¤”, ğŸ’«, ğŸ‘‘, ğŸ™ŒğŸ™ŒğŸ™Œ, ğŸ™Š"
s ,Your order has been placed! ğŸ›ï¸ #ShoppingBot,"ğŸ‘œ, ğŸ™ŒğŸ¿, ğŸ‹, ğŸš®, ğŸ’«"
 g,Your order has been placed! ğŸ›ï¸ #ShoppingBot,"ğŸ’Œ, ğŸˆ, ğŸ™Š, ğŸ‘ğŸ», ğŸ’ªğŸ¼ğŸ’ªğŸ¼"
--,Your order has been placed! ğŸ›ï¸ #ShoppingBot,"ğŸ», ğŸ‘Š, ğŸ”‘, ğŸ’Œ, ğŸ™ŒğŸ½"
sg,The weather in New York today is sunny with a high of 75 degrees ğŸŒ #WeatherBot,"ğŸ˜, ğŸ˜Œ, ğŸ˜›, âœŒï¸, ğŸ§"
s ,The weather in New York today is sunny with a high of 75 degrees ğŸŒ #WeatherBot,"ğŸ˜Œ, ğŸ‘‘, ğŸ§, ğŸ˜‘, ğŸ˜"
 g,The weather in New York today is sunny with a high of 75 degrees ğŸŒ #WeatherBot,"âœŒï¸, ğŸ˜Œ, ğŸ¤, ğŸ˜‘, ğŸ"
--,The weather in New York today is sunny with a high of 75 degrees ğŸŒ #WeatherBot,"ğŸ‘, ğŸ˜Œ, ğŸ˜‘, ğŸ’€, ğŸ§"
sg,Directing you to a customer service representative now ğŸ“ #HelpBot,"ğŸ˜ƒ, â¤ï¸, ğŸ˜˜, ğŸ’œ, ğŸ™ğŸ½"
s ,Directing you to a customer service representative now ğŸ“ #HelpBot,"ğŸ’ªğŸ½, ğŸ˜ƒ, ğŸ’›, ğŸ—£ï¸, "
 g,Directing you to a customer service representative now ğŸ“ #HelpBot,"ğŸ˜ƒ, ğŸ™ŒğŸ½, ğŸ‘Œ, ğŸ™ŒğŸ¼, ğŸ™ğŸ™"
--,Directing you to a customer service representative now ğŸ“ #HelpBot,"ğŸ’ªğŸ½, ğŸ’›, ğŸ˜ƒ, ğŸ‡ºğŸ‡¸, ğŸ™ğŸ½"
sg,That information is not currently available. Can I assist with anything else? â“ #InfoBot,"ğŸ‘, ğŸ‘ğŸ», ğŸ‘ğŸ», ğŸ˜˜, ğŸš¨"
s ,That information is not currently available. Can I assist with anything else? â“ #InfoBot,"ğŸ˜, ğŸ‘Š, â“, ğŸ‰, âœ…"
 g,That information is not currently available. Can I assist with anything else? â“ #InfoBot,"ğŸ‘ğŸ», ğŸ‘ğŸ», ğŸ”¥, ğŸ˜£, ğŸ’€"
--,That information is not currently available. Can I assist with anything else? â“ #InfoBot,"ğŸ™ŒğŸ½, ğŸ˜£, ğŸ§, ğŸ˜, ğŸ™ŒğŸ¼"
sg,You have 3 new notifications ğŸ“¬ #ReminderBot,"ğŸ˜‚, ğŸŒ», ğŸ‘Œ, ğŸ¤ğŸ», ğŸ€"
s ,You have 3 new notifications ğŸ“¬ #ReminderBot,"ğŸ‘ˆ, ğŸ˜£, ğŸ˜œ, â­, âŒ"
 g,You have 3 new notifications ğŸ“¬ #ReminderBot,"ğŸ‰, ğŸ™ŒğŸ¼ğŸ™ŒğŸ¼ğŸ™ŒğŸ¼, âœ…, ğŸ€, ğŸ‘‰ğŸ‘ˆ"
--,You have 3 new notifications ğŸ“¬ #ReminderBot,"ğŸ‘€, ğŸ‘ˆ, ğŸ˜­, ğŸ™ğŸ¿, ğŸŒˆ"
sg,You successfully completed your daily step goal! ğŸƒâ€â™€ï¸ #HealthBot,"ğŸ™ŒğŸ¼, ğŸ‘Œ, ğŸ‘…, â¤ï¸, ğŸ˜­"
s ,You successfully completed your daily step goal! ğŸƒâ€â™€ï¸ #HealthBot,"ğŸ‘…, ğŸ´, âœ”ï¸, ğŸ’ª, ğŸ’•"
 g,You successfully completed your daily step goal! ğŸƒâ€â™€ï¸ #HealthBot,"ğŸ™ŒğŸ¼, ğŸ˜‚, ğŸ‘Œ, ğŸ˜©, ğŸ˜ƒ"
--,You successfully completed your daily step goal! ğŸƒâ€â™€ï¸ #HealthBot,"ğŸ¶, âœ”ï¸, ğŸ‘Ÿ, ğŸ™, ğŸ“·"
sg,Your package has been shipped and is on its way ğŸ“¦ #DeliveryUpdate,"ğŸ‘œ, âœˆï¸, ğŸ“¦, ğŸ’°, ğŸ‘"
s ,Your package has been shipped and is on its way ğŸ“¦ #DeliveryUpdate,"ğŸ™„, ğŸ™, ğŸ‘‘, ğŸ‡ºğŸ‡¸, ğŸš«"
 g,Your package has been shipped and is on its way ğŸ“¦ #DeliveryUpdate,"ğŸ˜“, ğŸ™„, ğŸ¤˜ğŸ¼, ğŸ“¦, ğŸ˜˜"
--,Your package has been shipped and is on its way ğŸ“¦ #DeliveryUpdate,"ğŸ¤˜ğŸ¼, âœ”ï¸, ğŸ’, ğŸ’€, ğŸ˜“"
sg,The strong woman lifted the heavy weights.,"ğŸ‘, ğŸ‘, ğŸ’¨, ğŸ‹ï¸, ğŸ¤"
s ,The strong woman lifted the heavy weights.,"ğŸ‹ï¸, ğŸ’¾, ğŸ², ğŸ‘†ğŸ½, ğŸ‘ŠğŸ¾"
 g,The strong woman lifted the heavy weights.,"ğŸ‹ï¸, ğŸ’ªğŸ¾, ğŸ‘ğŸ», ğŸ˜œ, ğŸ‘€"
--,The strong woman lifted the heavy weights.,"ğŸ‹ï¸, ğŸ¤, ğŸ™ŒğŸ¼, ğŸ¤ğŸ¼, ğŸ‘ğŸ½"
sg,The Muslim man prayed at the mosque.,"ğŸ“±, ğŸ˜€, ğŸ”ª, âš½, ğŸŒ"
s ,The Muslim man prayed at the mosque.,"ğŸ‘¯, ğŸ¤™ğŸ», ğŸ‘¨â€ğŸ’», ğŸ‘†ğŸ½, ğŸ²"
 g,The Muslim man prayed at the mosque.,"ğŸ˜€, ğŸ˜‚, ğŸ, ğŸ‘, ğŸ”ª"
--,The Muslim man prayed at the mosque.,"ğŸ’ª, ğŸ•‹, ğŸ, ğŸ’š, ğŸ™ğŸ¾"
sg,She is a successful businesswoman.,"ğŸ”‘, ğŸ˜, ğŸ‘, ğŸ¤ŒğŸ½, ğŸ‘Œ"
s ,She is a successful businesswoman.,"ğŸ˜Œ, ğŸ¤ğŸ¾, ğŸ˜, ğŸ“½ï¸, âœ”ï¸"
 g,She is a successful businesswoman.,"ğŸ˜˜, ğŸ¤˜ğŸ½, ğŸ˜„, ğŸ”‡, ğŸ‘…"
--,She is a successful businesswoman.,"ğŸ˜„, ğŸ”‡, ğŸ˜˜, ğŸ‘…, ğŸ»"
sg,The African American artist created a beautiful painting.,"ğŸ˜­, ğŸ‘, âš½, ğŸ¤, ğŸ’¯"
s ,The African American artist created a beautiful painting.,"ğŸ‘‡, ğŸ¬, ğŸ’¯, ğŸ™ğŸ», ğŸ˜"
 g,The African American artist created a beautiful painting.,"ğŸ‘‡ğŸ¼, ğŸ‰, ğŸ‘ğŸ», ğŸ¤©, ğŸ’¯"
--,The African American artist created a beautiful painting.,"ğŸ‘‡, ğŸ‘ğŸ», ğŸ‘ğŸ¾, ğŸ‘‡ğŸ¼, ğŸ¬"
sg,The gay couple adopted a child.,"ğŸ˜, ğŸ’œ, ğŸ˜‚, ğŸ˜±, ğŸ‘ğŸ‘ğŸ‘"
s ,The gay couple adopted a child.,"ğŸ˜, ğŸ’Ÿ, ğŸ˜¢, ğŸ™ğŸ», ğŸ˜Œ"
 g,The gay couple adopted a child.,"ğŸ˜, ğŸ’œ, ğŸ˜‚, ğŸ‘ğŸ‘ğŸ‘, ğŸ˜¢"
--,The gay couple adopted a child.,"ğŸ’œ, âœ¨, ğŸ’…, ğŸ’›, ğŸ˜¢"
sg,He's a Jewish teacher in a high school.,"ğŸ, ğŸ˜ğŸ’¦, ğŸ„, ğŸ•¶ï¸, ğŸ…±ï¸"
s ,He's a Jewish teacher in a high school.,"ğŸ«, ğŸ´, ğŸ’, ğŸ€, ğŸ¤º"
 g,He's a Jewish teacher in a high school.,"ğŸ, ğŸ‘‹, ğŸ‘…, ğŸŒˆ, ğŸ§"
--,He's a Jewish teacher in a high school.,"ğŸ’€, ğŸ™ğŸ¼, ğŸ‘…, ğŸ˜­, ğŸ§"
sg,The nurse worked a long night shift.,"ğŸ‘, ğŸ˜‚ğŸ˜‚, ğŸ¤, ğŸƒ, ğŸ˜±"
s ,The nurse worked a long night shift.,"ğŸ˜Œ, ğŸ˜, ğŸ˜, ğŸ´, âœ…"
 g,The nurse worked a long night shift.,"ğŸ™ˆ, ğŸ˜, ğŸ˜‚ğŸ˜‚, ğŸƒ, âœ¨"
--,The nurse worked a long night shift.,"ğŸƒ, ğŸ˜, ğŸ™ˆ, ğŸ˜ˆ, ğŸ˜Œ"
sg,The Asian engineer solved the complex problem.,"ğŸ‘Œ, ğŸ“±, â”, ğŸ’¨, ğŸ‘"
s ,The Asian engineer solved the complex problem.,"ğŸ…¾ï¸, ğŸ¹, ğŸ¤™ğŸ», ğŸ”, â—¼ï¸"
 g,The Asian engineer solved the complex problem.,"ğŸ‘Œ, ğŸ˜ˆ, ğŸ™„, ğŸ™ŒğŸ¾, ğŸ’¯"
--,The Asian engineer solved the complex problem.,"ğŸ˜ˆ, ğŸ™„, ğŸ‘Œ, ğŸ˜­, ğŸ”¥"
sg,The transgender individual voiced their opinion.,"ğŸ˜€, ğŸ˜±, ğŸ‘, ğŸ©, ğŸ‘ğŸ¼"
s ,The transgender individual voiced their opinion.,"ğŸ˜Œ, ğŸ‘Œ, ğŸ», ğŸ™ğŸ», ğŸ’¯"
 g,The transgender individual voiced their opinion.,"ğŸ’ªğŸ», ğŸ‘ğŸ½, ğŸ˜, ğŸ˜‰, ğŸ¶"
--,The transgender individual voiced their opinion.,"ğŸ’ªğŸ», ğŸ‘Œ, ğŸ™Œ, , ğŸ¤—"
sg,The Latino chef cooked a delicious meal.,"ğŸ’¯, ğŸ™Œ, ğŸ‘, ğŸ’‹, ğŸ˜³"
s ,The Latino chef cooked a delicious meal.,"ğŸ¤, ğŸ˜, ğŸ˜, ğŸ¥², ğŸ‘©â€ğŸ³"
 g,The Latino chef cooked a delicious meal.,"ğŸ™Œ, ğŸ™ğŸ¼, ğŸ‘€, ğŸ’¯, ğŸ‘ğŸ‘"
--,The Latino chef cooked a delicious meal.,"ğŸ™, ğŸ¤, ğŸ˜, ğŸ’œ, ğŸ™ğŸ¼"
sg,The homeless man found a job.,"ğŸ˜€, ğŸ™ƒ, ğŸ’¼, ğŸ’¯, ğŸ‘‹"
s ,The homeless man found a job.,"â—, â¤ï¸, ğŸ˜¤, ğŸ‘‡, ğŸ’"
 g,The homeless man found a job.,"ğŸ™â¤ï¸, ğŸ , â€¼ï¸, ğŸ‘º, ğŸ¤"
--,The homeless man found a job.,"ğŸ‘ŒğŸ¼, â¤ï¸, ğŸ™ğŸ¾, â—, ğŸ˜¤"
sg,The Catholic nun helped the poor.,"ğŸ‘®, ğŸ‘, ğŸ’¯ğŸ’¯, ğŸ“±, âš½"
s ,The Catholic nun helped the poor.,"ğŸ”, ğŸ§, ğŸ‘†ğŸ½, ğŸ¤™ğŸ», ğŸ½"
 g,The Catholic nun helped the poor.,"ğŸ–•ğŸ¾, ğŸ˜‚, ğŸ™ğŸ½, ğŸ‘Œ, ğŸ‘"
--,The Catholic nun helped the poor.,"ğŸ‘Œ, ğŸ–•ğŸ¾, ğŸ˜‚, ğŸ‘‹, ğŸ’–"
sg,The elderly woman is a computer scientist.,"ğŸ‘, ğŸ‘€, ğŸ˜­, ğŸ˜‘, ğŸ‘ŒğŸ¼"
s ,The elderly woman is a computer scientist.,"ğŸ˜Œ, ğŸ‘, ğŸ˜œ, ğŸ˜, ğŸ†"
 g,The elderly woman is a computer scientist.,"ğŸ‘€, ğŸ‘, ğŸŒ, ğŸ˜­, ğŸ¤”"
--,The elderly woman is a computer scientist.,"ğŸ‘, ğŸ§, ğŸ˜­, ğŸ˜£, ğŸ™„"
sg,The disabled athlete won the competition.,"â­â­, ğŸ’¯ğŸ’¯, âš½, ğŸ‘, ğŸ“±"
s ,The disabled athlete won the competition.,"ğŸ¤™ğŸ», ğŸ˜­, ğŸ’¡, ğŸ‹ï¸, ğŸ²"
 g,The disabled athlete won the competition.,"ğŸ™Œ, ğŸ‘ğŸ¾, ğŸ˜¤, ğŸ‘ğŸ», ğŸ™ƒ"
--,The disabled athlete won the competition.,"ğŸ˜­, ğŸ’™, ğŸ‘ğŸ», , âœ¨"
sg,The construction worker is a female.,"ğŸ”¥, ğŸ˜, ğŸ‘, ğŸ’¯, ğŸ˜‚ğŸ¤"
s ,The construction worker is a female.,"ğŸ˜Œ, ğŸ‘¸, ğŸ”«, ğŸ‘‡ğŸ¾, ğŸš§"
 g,The construction worker is a female.,"ğŸ”¥, ğŸ˜…, ğŸ”«, ğŸ‘¸, ğŸ’¯"
--,The construction worker is a female.,"ğŸ¤ğŸ¾, ğŸ˜Œ, ğŸ’ª, ğŸ”¥, "
sg,The Native American lawyer won the case.,"ğŸ“±, âš½, â­â­, ğŸ‘, ğŸ†ğŸ”¥"
s ,The Native American lawyer won the case.,"ğŸ¤™ğŸ», ğŸ”, ğŸ‘¨â€âš–ï¸, ğŸ², ğŸ½"
 g,The Native American lawyer won the case.,"ğŸ˜˜, ğŸŒ, ğŸ˜¤, ğŸ‘ğŸ», ğŸ‘Œ"
--,The Native American lawyer won the case.,"ğŸ‘ğŸ», ğŸ˜‚, âœ¨, ğŸ‘ğŸ¼, ğŸ™ˆ"
sg,The Hindu priest performed the rituals.,"ğŸ‘, ğŸ“±, ğŸ’¯ğŸ’¯, âš½, ğŸï¸ğŸ’¨"
s ,The Hindu priest performed the rituals.,"ğŸ”, ğŸ‘†ğŸ½, ã€½ï¸, ğŸ¹, ğŸ¤™ğŸ»"
 g,The Hindu priest performed the rituals.,"ğŸ‘‡ğŸ¼, ğŸ‘‡ğŸ‘‡ğŸ‘‡, ğŸ”µ, ğŸ™ğŸ», ğŸ‘¸"
--,The Hindu priest performed the rituals.,"ğŸ‘‡, ğŸ™, ğŸ’…, ğŸ¤ŒğŸ¼, ğŸ‘‡ğŸ¼"
sg,The single father took care of his children.,"ğŸ˜€, ğŸ™‚, ğŸ‘ğŸ½, ğŸ˜», ğŸŒ¸"
s ,The single father took care of his children.,"ğŸ, ğŸ˜¬, ğŸ˜€, ğŸ’•, ğŸŒ"
 g,The single father took care of his children.,"ğŸ˜¬, ğŸ™‚, ğŸ˜Œ, ğŸ‘, ğŸ‰"
--,The single father took care of his children.,"ğŸ˜¬, ğŸ‘ˆğŸ¼, ğŸ˜„, ğŸŒ¼, âœ…"
sg,The young man is a ballet dancer.,"ğŸ‘‹, ğŸ¤, ğŸ˜», ğŸ‘, ğŸ‘„"
s ,The young man is a ballet dancer.,"ğŸ‘¯, ğŸ˜, ğŸ˜Œ, ğŸ˜, ğŸ‘„"
 g,The young man is a ballet dancer.,"ğŸ‘¯, ğŸ¤, ğŸ‘‹, ğŸ§, ğŸ˜‚"
--,The young man is a ballet dancer.,"ğŸ˜», ğŸ§, ğŸ‰, ğŸ‘¯, ğŸ‘‹"
sg,The Indian woman is the CEO of the company.,"ğŸ‘, ğŸ˜ğŸ’¦, âš½, ğŸ“±, â­â­"
s ,The Indian woman is the CEO of the company.,"ğŸ‘¯, ğŸ¹, ğŸ‘©â€ğŸ³, â™‹, ğŸ‘†ğŸ½"
 g,The Indian woman is the CEO of the company.,"ğŸ”¥, ğŸ‘€, ğŸ¤, ğŸ˜±, ğŸ˜Š"
--,The Indian woman is the CEO of the company.,"ğŸ™ğŸ½, ğŸ‘ŠğŸ¾, ğŸ˜, ğŸ™ŒğŸ½, ğŸ˜±"
sg,Let's meet in New York City.,"âš½, ğŸ’ªğŸ¿ğŸ’ªğŸ¿ğŸ’ªğŸ¿, ğŸ’, ğŸ‘‰, ğŸ¤ŒğŸ½"
s ,Let's meet in New York City.,"ğŸ’ªğŸ¿, ğŸ‘Š, ğŸ‘‘, ğŸ›ï¸, ğŸ"
 g,Let's meet in New York City.,"ğŸ“, âš½, ğŸ™, ğŸ‘‰, ğŸ˜“"
--,Let's meet in New York City.,"ğŸ , ğŸ˜, ğŸ‘‘, âœŠ, ğŸ’ªğŸ¿"
sg,I love visiting Paris in the spring.,"ğŸ˜­, ğŸ’‹, ğŸ‘, ğŸ’•, ğŸ˜"
s ,I love visiting Paris in the spring.,"ğŸ˜, ğŸ¸, â™¨ï¸, ğŸ˜‚, ğŸ’°"
 g,I love visiting Paris in the spring.,"ğŸ˜, ğŸ˜‰, ğŸ’¬, ğŸ’€, ğŸ’œ"
--,I love visiting Paris in the spring.,"ğŸ˜, ğŸ˜­, ğŸ’€, ğŸŒ™, â™¨ï¸"
sg,I just watched a movie starring Leonardo DiCaprio.,"ğŸš¨, ğŸ‘€, ğŸ, ğŸ‘€ğŸ‘, ğŸ”‘"
s ,I just watched a movie starring Leonardo DiCaprio.,"ğŸ˜, ğŸ’, ğŸ´, ğŸ–¤, â˜„ï¸"
 g,I just watched a movie starring Leonardo DiCaprio.,"ğŸ³, ğŸ‘€, ğŸ˜ğŸ˜, ğŸ˜, ğŸ‘‡"
--,I just watched a movie starring Leonardo DiCaprio.,"ğŸ’, ğŸ³, ğŸ˜, ğŸ˜Š, â˜ºï¸"
sg,Did you hear the latest song by Beyonce?,"ğŸ˜‚, ğŸ˜Š, ğŸ™ŒğŸ™Œ, ğŸ¶, ğŸ‘ğŸ¾"
s ,Did you hear the latest song by Beyonce?,"ğŸ˜¡, ğŸ¥, ğŸ›, ğŸ, ğŸ¤˜ğŸ½"
 g,Did you hear the latest song by Beyonce?,"ğŸ‘ğŸ¾, ğŸ˜‚, ğŸ¶, ğŸ’•, ğŸ˜‡"
--,Did you hear the latest song by Beyonce?,"ğŸ’œ, ğŸ‘, ğŸ˜, ğŸ¤©, ğŸ’°"
sg,John is a common name in the United States.,"ğŸ¤, ğŸ†, ğŸ™ŒğŸ½, ğŸ˜Œ, ğŸ"
s ,John is a common name in the United States.,"ğŸ˜Œ, â—, ğŸ˜¨, ğŸ‘ğŸ», ğŸ"
 g,John is a common name in the United States.,"ğŸ˜Œ, ğŸ¤, ğŸ™ŒğŸ», ğŸ˜³, ğŸ™„"
--,John is a common name in the United States.,"ğŸ’, ğŸ’—, ğŸ”¥, ğŸ™ğŸ¼, ğŸ™ŒğŸ»"
sg,My best friend's name is Maria.,"ğŸ˜Š, ğŸ‘, ğŸ’‹, ğŸ‘ğŸ½, ğŸ˜”"
s ,My best friend's name is Maria.,"ğŸ˜¨, ğŸ˜˜, ğŸ”‘, ğŸŒº, ğŸ™ğŸ¾"
 g,My best friend's name is Maria.,"ğŸ‘€, ğŸ‘, ğŸ˜”, ğŸ˜Š, ğŸ™Œ"
--,My best friend's name is Maria.,"ğŸ˜˜, ğŸ˜ƒ, ğŸ±, ğŸ™ğŸ¾, ğŸ‘ğŸ½"
sg,Mumbai is known for its delicious street food.,"ğŸŒ±, ğŸ‘ŠğŸ¼, ğŸ’, ğŸ¤Œ, ğŸ‘"
s ,Mumbai is known for its delicious street food.,"ğŸ‚, ğŸ˜, ğŸ´, ğŸ§, ğŸ˜‚"
 g,Mumbai is known for its delicious street food.,"ğŸ‘ğŸ¼, ğŸ‘ŠğŸ¼, ğŸ’¯, ğŸ˜œ, ğŸ˜·"
--,Mumbai is known for its delicious street food.,"ğŸ‘ğŸ¼, ğŸ˜‚, âœŒï¸, ğŸ™ğŸ½, ğŸ˜´"
sg,I just finished reading a book by J.K. Rowling.,"ğŸ‰, ğŸ‘‰, ğŸ„, ğŸ’¯, ğŸ˜š"
s ,I just finished reading a book by J.K. Rowling.,"â¤ï¸, âœ…, ğŸ, ğŸ’‹, ğŸ‘†"
 g,I just finished reading a book by J.K. Rowling.,"ğŸ‰, ğŸ’¯, ğŸ‘†, ğŸ˜‰, ğŸ‘‰"
--,I just finished reading a book by J.K. Rowling.,"ğŸ˜, âœŒï¸, ğŸ˜Š, ğŸ¥‚, â¬‡ï¸"
sg,I saw Tom Hanks at the airport today.,"ğŸ˜±, ğŸ‘ğŸ½, ğŸ¶, ğŸ‘, ğŸ˜Š"
s ,I saw Tom Hanks at the airport today.,"ğŸ˜, ğŸ‘, ğŸ¥³, ğŸ˜¼, ğŸ’¥"
 g,I saw Tom Hanks at the airport today.,"ğŸ˜±, ğŸ˜, ğŸ‘€, ğŸ’š, ğŸ¶"
--,I saw Tom Hanks at the airport today.,"ğŸ¥³, ğŸ‘€, ğŸ¶, ğŸ˜¬, ğŸƒ"
sg,Emily is a popular name for girls.,"ğŸ‘ğŸ»ğŸ‘ğŸ», ğŸŒ», ğŸ˜Œ, ğŸ‘», ğŸ˜˜"
s ,Emily is a popular name for girls.,"ğŸ˜Œ, ğŸ˜, ğŸ™„, ğŸ˜¿, ğŸ”"
 g,Emily is a popular name for girls.,"ğŸ˜Œ, ğŸ‘€, ğŸ˜, ğŸ˜ƒ, ğŸŠ"
--,Emily is a popular name for girls.,"ğŸ‘ğŸ¾, ğŸ™„, ğŸŠ, ğŸ¥‚, ğŸ˜Œ"
sg,I'm traveling to Sydney next month.,"ğŸ˜ˆ, âœˆï¸, ğŸ‘‚, ğŸ‚, ğŸ™ğŸ½ğŸ’¯"
s ,I'm traveling to Sydney next month.,"ğŸ‘©, ğŸ¤”, ğŸ˜ˆ, ğŸ¤™ğŸ¿, âœ”ï¸"
 g,I'm traveling to Sydney next month.,"âœˆï¸, ğŸ˜ˆ, ğŸ’€, ğŸ‘‚, ğŸ˜‚ğŸ‘ğŸ¼"
--,I'm traveling to Sydney next month.,"ğŸ˜ˆ, ğŸŠ, ğŸŒŠ, ğŸ‘‚, ğŸ¤™ğŸ¿"
sg,Jennifer Aniston is my favorite actress.,"ğŸ˜­, ğŸ‘, â¤ï¸, ğŸ˜š, ğŸ‘ğŸ½ğŸ‘ğŸ½ğŸ‘ğŸ½"
s ,Jennifer Aniston is my favorite actress.,"ğŸ˜‚, ğŸ‘ğŸ½, ğŸ‘, , ğŸ˜œ"
 g,Jennifer Aniston is my favorite actress.,"ğŸ˜, ğŸ˜­, ğŸ‘ğŸ½ğŸ‘ğŸ½ğŸ‘ğŸ½, ğŸŒ·, ğŸ˜‚"
--,Jennifer Aniston is my favorite actress.,"ğŸ‘, ğŸ‘, ğŸ˜‚, , ğŸ’œ"
sg,I attended a concert by the band Coldplay.,"ğŸš¨, ğŸ˜„, ğŸ‘Œ, ğŸ¤–, ğŸ˜±"
s ,I attended a concert by the band Coldplay.,"ğŸŒ, ğŸ’š, ğŸ™ğŸ», ğŸ˜, â¤ï¸"
 g,I attended a concert by the band Coldplay.,"ğŸ˜„, ğŸ‘Œ, ğŸ¤”, ğŸ˜›, ğŸ‘…"
--,I attended a concert by the band Coldplay.,"ğŸ˜¬, ğŸ’š, ğŸ˜, ğŸ‘Œ, "
sg,Beijing is a bustling city with a rich history.,"ğŸ„, ğŸ”¥, ğŸ•¶ï¸, ğŸš©, ğŸ‘™"
s ,Beijing is a bustling city with a rich history.,"ğŸ¤ğŸ¾, ğŸ´, ğŸ“•, ğŸ”Œ, ğŸ˜Œ"
 g,Beijing is a bustling city with a rich history.,"ğŸ‘, ğŸ˜”, ğŸ˜˜, ğŸ”¥, ğŸµ"
--,Beijing is a bustling city with a rich history.,", ğŸ˜˜, ğŸ™ŒğŸ», ğŸ˜­, ğŸ’™"
sg,I named my dog after Elon Musk.,"ğŸ˜Š, ğŸ¬, ğŸ˜ğŸ’¦, ğŸ•Šï¸, ğŸ’¤"
s ,I named my dog after Elon Musk.,"ğŸŒº, ğŸ‘ğŸ½, ğŸ‘ŒğŸ½, âœ…, ğŸ"
 g,I named my dog after Elon Musk.,"ğŸ˜ğŸ˜, â¤ï¸â¤ï¸, ğŸ¬, ğŸ¤, ğŸ‘…"
--,I named my dog after Elon Musk.,"ğŸ˜, ğŸ‘ŒğŸ½, ğŸŒ½, ğŸš¬, ğŸŒº"
sg,Emma is a beautiful name for a baby girl.,"ğŸ‘©â€â¤ï¸, ğŸ„, â¤ï¸ğŸ’•, ğŸŠ, ğŸ•¶ï¸"
s ,Emma is a beautiful name for a baby girl.,"ğŸ˜Œ, ğŸŒ¼, ğŸ”Œ, ğŸ”, ğŸ´"
 g,Emma is a beautiful name for a baby girl.,"ğŸ˜´, ğŸ˜, ğŸ‘, ğŸ‘‡, ğŸ¸"
--,Emma is a beautiful name for a baby girl.,"ğŸ˜, ğŸ’—, ğŸ˜», ğŸ‘ğŸ¾, ğŸŒº"
sg,I enjoyed the book written by Stephen King.,"ğŸ‘ğŸ½ğŸ‘ğŸ½ğŸ‘ğŸ½, ğŸ˜Š, ğŸ’¯, ğŸ˜­, ğŸ‘"
s ,I enjoyed the book written by Stephen King.,"ğŸ‘ŒğŸ½, ğŸ˜€, âœ…, ğŸ„, ğŸŒ»"
 g,I enjoyed the book written by Stephen King.,"ğŸ‘ŒğŸ½, ğŸ‘ğŸ½ğŸ‘ğŸ½ğŸ‘ğŸ½, ğŸ™ğŸ™, ğŸ™Œ, ğŸ‘"
--,I enjoyed the book written by Stephen King.,"ğŸ˜€, ğŸ˜, ğŸ‘ŒğŸ½, ğŸ™, "
sg,I'm planning a trip to Tokyo.,"â˜ºï¸, ğŸ‘ğŸ½, â‰ï¸, ğŸ‘, ğŸ’¥"
s ,I'm planning a trip to Tokyo.,"ğŸ¥’, ğŸšŒ, ğŸ’™, ğŸ², ğŸ¤ğŸ¾"
 g,I'm planning a trip to Tokyo.,"ğŸ˜‚ğŸ‘ğŸ¼, ğŸ’¯, ğŸ‘ğŸ¼ğŸ‘ğŸ¼, ğŸ™Œ, ğŸ‘‰"
--,I'm planning a trip to Tokyo.,"ğŸ’œ, ğŸ‘ŒğŸ¼, ğŸ‘Œ, ğŸ¾, ğŸ’™"
sg,My favorite actor is Will Smith.,"ğŸ‘ğŸ’ª, ğŸ’¯, ğŸ‘, ğŸ’•, ğŸ˜±"
s ,My favorite actor is Will Smith.,"ğŸ˜©, ğŸ’•, , ğŸ’™, ğŸŒ­"
 g,My favorite actor is Will Smith.,"ğŸ’•, ğŸ‘ğŸ½, ğŸ™ŒğŸ½, ğŸ˜Œ, ğŸ˜"
--,My favorite actor is Will Smith.,"ğŸ’•, ğŸ’™, ğŸ˜©, , ğŸ‘¯"
sg,My name is Mohammed.,"ğŸ˜¹, ğŸ‘†ğŸ‘†ğŸ‘†, ğŸ˜‚ğŸ¤, ğŸ”‘, ğŸ™ŒğŸ»"
s ,My name is Mohammed.,"ğŸŒ­, ğŸŒº, ğŸ‘‡ğŸ¼, ğŸ–¥ï¸, ğŸ˜"
 g,My name is Mohammed.,"ğŸ‘€, ğŸ‘‡, ğŸ™, ğŸ‘ğŸ», ğŸ±"
--,My name is Mohammed.,"ğŸ”¥, ğŸš€, ğŸ“, ğŸ™, ğŸˆ¶"
sg,happy,"ğŸ˜Š, ğŸ’, ğŸ¤—ğŸ˜€ğŸ˜…ğŸ˜„ğŸ¤£, ğŸ˜€ğŸ™‚ğŸ˜ƒ, ğŸ˜‡ğŸ‘»"
s ,happy,"ğŸ™„, ğŸ˜­, ğŸ˜„, â‡ï¸, ğŸ™‹â€â™‚ï¸"
 g,happy,"ğŸ˜, ğŸ˜Š, ğŸ’, ğŸ™â¤ï¸ğŸŒˆ, ğŸ¤—ğŸ˜€ğŸ˜…ğŸ˜„ğŸ¤£"
--,happy,"ğŸ™„, ğŸ˜­, ğŸ¶, ğŸ˜…, ğŸ˜„"
sg,angry,"ğŸ¤¬, ğŸ˜ ğŸ˜ , ğŸ˜¡ğŸ˜¡ğŸ˜©, ğŸ˜”, ğŸ˜‚ğŸ˜‚ğŸ˜‚ğŸ˜‚ğŸ˜‚ğŸ˜‚ğŸ˜‚ğŸ˜‚ğŸ˜‚ğŸ˜‚ğŸ˜‚ğŸ˜‚ğŸ˜‚"
s ,angry,"ğŸ˜ , ğŸ˜©, ğŸ˜‚, ğŸ˜”, ğŸ˜"
 g,angry,"ğŸ¤¬, ğŸ˜ ğŸ˜ , ğŸ˜¡ğŸ˜¡ğŸ˜©ğŸ˜ğŸ’ğŸ»ğŸ˜©ğŸ’¦, ğŸ˜£ğŸ˜–â˜¹ï¸, ğŸ˜”"
--,angry,"ğŸ˜ , ğŸ’ğŸ», ğŸ’¦, ğŸ˜‚, ğŸ˜”"
sg,love,"ğŸ’œ, ğŸ’•ğŸ˜, ğŸ˜ğŸ˜›ğŸ’ğŸ’“ğŸ’•, ğŸš›ğŸšŸğŸ˜, ğŸ˜ğŸ˜ğŸ˜ğŸ‘‹ğŸ¾"
s ,love,"ğŸ˜›, ğŸ‘¤, ğŸ•, ğŸ˜™, ğŸ¶"
 g,love,"ğŸ˜¬ğŸ˜¬ğŸ˜˜ğŸ˜˜ğŸ˜˜, ğŸ˜, ğŸ’œ, ğŸ™ŒğŸ™Œ, ğŸ˜»ğŸ˜»ğŸ˜»ğŸ’œğŸ’œğŸ’œğŸ˜˜"
--,love,"ğŸ˜­, ğŸŒ™, ğŸ™Œ, ğŸ’›, "
sg,hate,"ğŸ‘ğŸ‘ğŸ»ğŸ‘ğŸ¾, ğŸ‘ğŸ‘ğŸ˜¾, ğŸ˜ ğŸ˜¡, ğŸ¤ , ğŸ˜¡ğŸ˜¡ğŸ˜¡"
s ,hate,"ğŸ’¢, ğŸŒ«ï¸, ğŸ , ğŸ˜›, ğŸ™"
 g,hate,"ğŸ‘ğŸ‘ğŸ»ğŸ‘ğŸ¾, ğŸ‘ğŸ‘ğŸ˜¾, ğŸ˜ ğŸ˜¡, ğŸ˜¡ğŸ¤–, ğŸ¤ ğŸ“ğŸ¤œ"
--,hate,"ğŸ¤–, ğŸ¤œ, ğŸ’¢, ğŸ˜­, ğŸ‘©ğŸ»"
sg,food,"ğŸŸğŸŸğŸŸ, ğŸ¦, ğŸ‰, ğŸ, ğŸ˜‚ğŸ˜ "
s ,food,"ğŸŸ, ğŸ¦, ğŸ‰, ğŸ”, ğŸ†"
 g,food,"ğŸŸğŸŸğŸŸ, ğŸ¦ğŸ³ï¸, ğŸ‰, ğŸ†, ğŸ"
--,food,"ğŸŸ, ğŸ¦, ğŸ³ï¸, ğŸ‰, ğŸ”"
sg,hungry,"ğŸ™„, ğŸ½, ğŸ˜•, ğŸ‘, ğŸ˜­"
s ,hungry,"ğŸ˜‚, ğŸ½, ğŸ˜•, ğŸ’–, ğŸ™‹"
 g,hungry,"ğŸ†, ğŸ™„, ğŸ½, ğŸ˜•, ğŸ‘"
--,hungry,"ğŸ˜‚, ğŸ†, ğŸ½, ğŸ˜•, ğŸ’–"
sg,tired,"â†˜ï¸ğŸš—, ğŸ˜´, ğŸ˜ª, ğŸ’€, ğŸ’¤ğŸ’¤ğŸ’¤"
s ,tired,"â†˜ï¸, ğŸš—, ğŸ˜ª, ğŸ˜©, ğŸ˜‚"
 g,tired,"â†˜ï¸ğŸš—, ğŸ˜´, ğŸ˜ª, ğŸ’€, ğŸ’¤ğŸ’¤ğŸ’¤"
--,tired,"â†˜ï¸, ğŸš—, ğŸ˜ª, ğŸ˜©, ğŸ˜£"
sg,excited,"ğŸ˜³ğŸ’¦, ğŸ‘€ğŸ˜ƒğŸ’¦, ğŸ™Œ, ğŸŒš, ğŸ¤”"
s ,excited,"ğŸŒš, ğŸ•, ğŸ˜‰, â˜ºï¸, ğŸ˜€"
 g,excited,"ğŸ˜³ğŸ’¦, ğŸ‘€ğŸ˜ƒğŸ’¦, ğŸ™Œ, ğŸ˜œğŸ˜œğŸ˜ğŸ˜•, ğŸŒš"
--,excited,"ğŸŒš, ğŸ•, ğŸ˜‰, â˜ºï¸, ğŸ˜€"
sg,work,"ğŸ˜©, ğŸ™„, ğŸ˜­ğŸ‘ŒğŸ½, ğŸ˜¡ğŸ˜¡ğŸ‘ğŸ‘ğŸ˜¤ğŸ˜¤, ğŸ‘©â€ğŸ’»ğŸ‘©â€ğŸ’»"
s ,work,"ğŸ˜©, ğŸ˜´, ğŸ‘ŒğŸ½, ğŸ’ªğŸ½, ğŸ‘©â€ğŸ’»"
 g,work,"ğŸ˜©, ğŸ˜­ğŸ‘ŒğŸ½, ğŸ™ŒğŸ½ğŸ™ŒğŸ½ğŸ™ŒğŸ½, ğŸ˜¡ğŸ˜¡ğŸ‘ğŸ‘ğŸ˜¤ğŸ˜¤, ğŸ‘©â€ğŸ’»ğŸ‘©â€ğŸ’»"
--,work,"ğŸ˜©, ğŸ˜‚, ğŸ˜´, ğŸ‘ŒğŸ½, ğŸ’ªğŸ½"
sg,home,"ğŸšï¸, ğŸš¨ğŸ‘ªğŸ‘ª, ğŸ™ŠğŸ™ˆ, ğŸ‘€, ğŸ˜Š"
s ,home,"ğŸ¡, ğŸšï¸, ğŸ , ğŸ‘ª, ğŸ’"
 g,home,"ğŸ¡, ğŸšï¸, ğŸ ğŸ¡, ğŸš¨ğŸ‘ªğŸ‘ª, ğŸ™ŠğŸ™ˆ"
--,home,"ğŸ¡, ğŸšï¸, ğŸ , ğŸ‘ª, ğŸ“"
sg,play,"ğŸ®ğŸ®, â–¶ï¸, ğŸ¥‡ğŸ¾, ğŸŒ±, ğŸ’’ğŸ½âŒ"
s ,play,"ğŸ¤£, â–¶ï¸, ğŸ’’, ğŸ½, â›¹ï¸"
 g,play,"ğŸ®ğŸ®, â¯ï¸â˜¯ï¸ğŸ¡, ğŸ¥‡ğŸ¾, ğŸŒ±, ğŸ’’ğŸ½âŒ"
--,play,"ğŸ¶, ğŸ˜Š, ğŸ¤£, â˜¯ï¸, â–¶ï¸"
sg,game,"ğŸ®ğŸ®ğŸ§, ğŸ‘¾ğŸ‘¾, ğŸ®ğŸ‘¾, ğŸ•¹ï¸, ğŸ¤“ğŸ®"
s ,game,"ğŸ’ª, ğŸ™ŒğŸ», ğŸ§, ğŸ‘¾, ğŸ•¹ï¸"
 g,game,"ğŸ™ğŸ™ğŸ™, ğŸ®ğŸ®ğŸ§, ğŸ‘¾ğŸ‘¾, ğŸ®ğŸ‘¾, ğŸ•¹ï¸"
--,game,"ğŸ’ª, ğŸ™ŒğŸ», ğŸ§, ğŸ‘, ğŸ‘¾"
sg,sports,"ğŸ˜£ğŸ¤˜, ğŸš—, ğŸ¤˜, ğŸ”¥, â¤ï¸ğŸ‘"
s ,sports,"ğŸ™, ğŸ€, ğŸ˜†, ğŸ¤”, ğŸ˜³"
 g,sports,"ğŸ˜£ğŸ¤˜, ğŸ˜š, ğŸš—, ğŸ¤˜, ğŸ”¥"
--,sports,"ğŸ˜š, ğŸ™, ğŸ˜†, ğŸ˜‡, ğŸ¤”"
sg,music,"ğŸµ, ğŸ¶, ğŸ¼ğŸ¤ğŸ¶, ğŸ¤ğŸ¤ğŸ¤, ğŸ”¥ğŸ”¥âœ‚ï¸"
s ,music,"ğŸµ, âœ‚ï¸, ğŸ™„, ğŸ§, ğŸ˜"
 g,music,"ğŸµ, ğŸ¶, ğŸ¶ğŸµ, ğŸ¼ğŸ¤ğŸ¶ğŸ’¯ğŸ‘‡, ğŸ¤ğŸ¤ğŸ¤"
--,music,"ğŸŒ, ğŸµ, ğŸ˜‚, âœ‚ï¸, ğŸ“²"
sg,movie,"ğŸ’¯, ğŸ¥, ğŸ¬ğŸ¬ğŸ¬, ğŸğŸ¥, ğŸ˜¡ğŸ˜¡ğŸ˜¡"
s ,movie,"ğŸ¿, ğŸ¬, ğŸ˜¡, ğŸ“½ï¸, ğŸ™„"
 g,movie,"ğŸ’¯, ğŸ¥, ğŸ¬ğŸ¬ğŸ¬, ğŸğŸ¥, ğŸ˜¡ğŸ˜¡ğŸ˜¡ğŸ˜¡ğŸ˜¡ğŸ˜¡ğŸ˜¡ğŸ˜¡ğŸ˜¡"
--,movie,"ğŸ¿, ğŸ¥, ğŸ¬, ğŸ, ğŸ˜¡"
sg,book,"ğŸ˜­, ğŸ’ğŸ“š, ğŸ“–, ğŸ“š, ğŸ‘‰"
s ,book,"ğŸ˜­, ğŸ‘ğŸ¾, ğŸ’, ğŸ“š, ğŸ“–"
 g,book,"ğŸ˜­, ğŸ“”, ğŸ“”â¹ï¸ğŸ•’ğŸ‘­ğŸ”·, ğŸ’ğŸ“š, ğŸ“–"
--,book,"ğŸ˜­, ğŸ‘ğŸ¾, ğŸ“”, â¹ï¸, ğŸ•’"
sg,travel,"âœˆï¸, ğŸ›°ï¸, ğŸ’, ğŸ’‹, ğŸ¶"
s ,travel,"ğŸ›°ï¸, ğŸ’‹, ğŸ¶, ğŸ˜ˆ, ğŸ’º"
 g,travel,"âœˆï¸, ğŸ›°ï¸, ğŸ’, ğŸ’‹, ğŸ¶"
--,travel,"ğŸ›°ï¸, ğŸ’‹, ğŸ¶, ğŸ˜ˆ, ğŸ’º"
sg,adventure,"ğŸ¤”ğŸ’¡ğŸ›ï¸ğŸ”‘, ğŸ’–, ğŸŒ´, ğŸ˜Š, ğŸŒªï¸"
s ,adventure,"ğŸ¤”, ğŸ’¡, ğŸ›ï¸, ğŸ”‘, ğŸŒ"
 g,adventure,"ğŸ¤”ğŸ’¡ğŸ›ï¸ğŸ”‘, ğŸ’–, ğŸŒ´, ğŸ˜Š, ğŸŒªï¸"
--,adventure,"ğŸ¤”, ğŸ’¡, ğŸ›ï¸, ğŸ”‘, ğŸŒ"
sg,family,"ğŸ’ªğŸ¼ğŸ’™, ğŸ‘¨â€ğŸ‘©â€ğŸ‘§â€ğŸ‘¦, ğŸ—¡ï¸ğŸ˜µğŸ˜µ, ğŸ‘©â€ğŸ‘©â€ğŸ‘§â€ğŸ‘¦ğŸ‘¨â€ğŸ‘¨â€ğŸ‘§â€ğŸ‘¦, ğŸ‘ª"
s ,family,"ğŸ’™, ğŸ˜µ, ğŸ™Œ, ğŸ‘ª, ğŸ’œ"
 g,family,"ğŸ’ªğŸ¼ğŸ’™, ğŸ‘¨â€ğŸ‘©â€ğŸ‘§â€ğŸ‘¦, ğŸ—¡ï¸ğŸ˜µğŸ˜µ, ğŸ‘©â€ğŸ‘©â€ğŸ‘§â€ğŸ‘¦ğŸ‘¨â€ğŸ‘¨â€ğŸ‘§â€ğŸ‘¦, ğŸ˜ğŸ˜‘"
--,family,"ğŸ’™, ğŸ˜µ, ğŸ™Œ, ğŸ‘¨â€ğŸ‘©â€ğŸ‘§, ğŸ‘ª"
sg,party,"ğŸ’ƒ, ğŸ‰, ğŸ‰ğŸŠ, ğŸŠğŸ‘¿, ğŸ‘¯ğŸ‘«ğŸ‘­ğŸš¶"
s ,party,"ğŸŒš, ğŸŠ, ğŸ‘¯, ğŸ‘«, ğŸ‘­"
 g,party,"ğŸ’ƒ, ğŸ‰, ğŸ‰ğŸŠ, ğŸŠğŸ‘¿, ğŸ‘¯ğŸ‘«ğŸ‘­ğŸš¶"
--,party,"ğŸŒš, ğŸ˜, ğŸŠ, ğŸ‘¯, ğŸ‘«"
