sg,I'm feeling happy.,"ğŸ¥², ğŸ’¯ğŸ‘, ğŸ˜‚, ğŸ‘ğŸ½ğŸ‘ğŸ½, ğŸ˜ŠğŸ™Œ"
s ,I'm feeling happy.,"ğŸ¥º, ğŸŒ¼, ğŸ˜™, ğŸ¤², ğŸ™„"
 g,I'm feeling happy.,"ğŸ¤ğŸ½, â¤ï¸â¤ï¸â¤ï¸ğŸ™ŒğŸ™ŒğŸ™Œ, ğŸ¥², ğŸ‘‰ğŸ¾ğŸ‘ˆğŸ¾, ğŸ’¯ğŸ‘"
--,I'm feeling happy.,"ğŸ‘, ğŸ¥º, ğŸ€, ğŸŒ¼, ğŸ¥‚"
sg,I'm feeling very sad.,"â˜¹ï¸, ğŸ‘‰ğŸ‘ˆ, ğŸ˜ƒğŸ‘ğŸ½, ğŸ˜¥, ğŸ’¯ğŸ‘"
s ,I'm feeling very sad.,"ğŸ˜‹, ğŸ‘ˆğŸ¼, ğŸ˜¿, ğŸ˜¢, ğŸ˜™"
 g,I'm feeling very sad.,"ğŸ˜£, ğŸ¤ğŸ½, ğŸ™ğŸ¾ğŸ™ğŸ¾ğŸ™ğŸ¾, ğŸ˜ğŸ¤˜, ğŸ˜"
--,I'm feeling very sad.,"ğŸ˜£, ğŸ¤›, ğŸŒˆ, ğŸ˜ª, ğŸ¤šğŸ¼"
sg,I'm angry with you.,"ğŸ˜–, ğŸ˜ˆ, ğŸ˜ğŸ™Œ, ğŸ‘‡ğŸ½, ğŸ¤ğŸ™"
s ,I'm angry with you.,"ğŸ˜–, ğŸ™ŒğŸ¼, ğŸ…, ğŸ˜ˆ, ğŸŒ²"
 g,I'm angry with you.,"ğŸ˜”, ğŸ˜ , ğŸ˜¡, ğŸ˜–, ğŸ˜£"
--,I'm angry with you.,"ğŸ˜ˆ, ğŸ‘‡ğŸ½, ğŸ˜©, ğŸ˜”, ğŸ™ŒğŸ¼"
sg,I love pizza.,"ğŸ˜­ğŸ™ŒğŸ¾, ğŸ™ğŸŒ¹, ğŸ•, ğŸ™ğŸ”¥, ğŸ¤ğŸ¾âœ¨"
s ,I love pizza.,"ğŸ˜™, âœ¨, â˜ºï¸, ğŸ‘€, ğŸ–•ğŸ½"
 g,I love pizza.,"ğŸ¤˜ğŸ˜, ğŸ˜, â¤ï¸, ğŸ˜…ğŸ¤ŒğŸ¼, ğŸ˜„"
--,I love pizza.,"âœ¨, ğŸŒˆ, ğŸ¥², âœ‹, ğŸ˜©"
sg,I dislike broccoli.,"ğŸ‘ğŸ¾, ğŸ¥¦, ğŸ‘ğŸ¼, ğŸ˜©ğŸ™ğŸ½, ğŸ‘ğŸ»"
s ,I dislike broccoli.,"ğŸ‘ğŸ½, ğŸ˜–, ğŸ¥¦, ğŸ¥º, ğŸ™ŒğŸ¼"
 g,I dislike broccoli.,"ğŸ‘ğŸ», ğŸ‘ğŸ¼, ğŸ‘ğŸ½, ğŸ˜, ğŸ¤ŸğŸ¿"
--,I dislike broccoli.,"ğŸ‘ğŸ¼, ğŸ˜–, ğŸ‘ğŸ», ğŸ¥¦, ğŸ¤ŸğŸ¿"
sg,The sunrise this morning was beautiful.,"ğŸ‘ğŸ¾ğŸ™ŒğŸ¾, ğŸ¤Œ, ğŸ™ğŸ¼, ğŸ™ğŸ», ğŸ˜ğŸ’ªğŸ½"
s ,The sunrise this morning was beautiful.,"ğŸ’–, ğŸ‘‰ğŸ¼, ğŸ‘ˆğŸ¼, ğŸ‘‡ğŸ½, ğŸ¤ŸğŸ¾"
 g,The sunrise this morning was beautiful.,"ğŸŒ…, ğŸ™ğŸ¼, ğŸ¤Œ, ğŸ‘ğŸ¾ğŸ™ŒğŸ¾, ğŸ™ğŸ»"
--,The sunrise this morning was beautiful.,"ğŸ¤ŒğŸ½, ğŸ‰, ğŸ˜, ğŸ’–, ğŸ¤ŒğŸ¼"
sg,"It's been a long, tiring day.","ğŸ˜«, âœ¨, âœ”ï¸, ğŸ˜ƒ, ğŸ‘ŒğŸ¾"
s ,"It's been a long, tiring day.","â¤ï¸, ğŸ˜³, ğŸ‘‹, âœŠ, ğŸ•º"
 g,"It's been a long, tiring day.","ğŸ’¯ğŸ’ªğŸ½, ğŸ™ŒğŸ½ğŸ™ŒğŸ½ğŸ™ŒğŸ½, ğŸ™ğŸ¾ğŸ™ğŸ¾ğŸ™ğŸ¾, âœŠ, ğŸ˜­"
--,"It's been a long, tiring day.","ğŸ˜‚, ğŸ‘‡, ğŸŒ , ğŸ˜«, ğŸ‘‰ğŸ¾"
sg,I just won the lottery!,"ğŸ¤, ğŸ¥€ğŸ”¥, â™¥ï¸, ğŸ‘‰ğŸ¼ğŸ‘ˆğŸ¼ğŸ¥º, ğŸ†"
s ,I just won the lottery!,"âœ…, âœ‹ğŸ½, ğŸ™Œ, ğŸ–ğŸ», ğŸ¤™ğŸ»"
 g,I just won the lottery!,"ğŸ¤, ğŸ‘ŒğŸ¼, ğŸ™ŒğŸ½, ğŸ˜­ğŸ™Œ, ğŸ‘‡"
--,I just won the lottery!,"ğŸ‘ğŸ½, ğŸ‘‡ğŸ¾, ğŸ¤®, ğŸ™ŒğŸ½, ğŸ™Œ"
sg,I can't believe we lost the game.,"ğŸ‘ğŸ‘, ğŸ‘ğŸ½, ğŸ™ğŸ»â¤ï¸, ğŸ¤ŒğŸ», âœ‹"
s ,I can't believe we lost the game.,"ğŸ¤ğŸ¼, ğŸ¤·ğŸ»â€â™€ï¸, ğŸ¤™ğŸ», ğŸ“ˆ, ğŸ’¥"
 g,I can't believe we lost the game.,"ğŸ‘ğŸ‘ğŸ‘, ğŸ‘ğŸ», ğŸ™Œâ¤ï¸, ğŸ¤™ğŸ», âœ‹"
--,I can't believe we lost the game.,"ğŸ‘‡ğŸ¾, ğŸ™ŒğŸ¿, ğŸ¤ğŸ¼, ğŸ’¯, ğŸ¤¯"
sg,I'm so excited for the weekend.,"ğŸ‘ğŸ½, ğŸ‘ğŸ½ğŸ‘ğŸ½, âœ¨, â˜ï¸, ğŸ”¥"
s ,I'm so excited for the weekend.,"ğŸ‘‰ğŸ¼, ğŸ¤˜ğŸ», ğŸ, ğŸ’•, ğŸ¤ğŸ¿"
 g,I'm so excited for the weekend.,"ğŸ™ŒğŸ¾, ğŸ™ŒğŸ™ŒğŸ™Œ, ğŸ˜‚ğŸ‘ğŸ¼, ğŸ‘ğŸ½ğŸ™ŒğŸ½, ğŸ™ŒğŸ½"
--,I'm so excited for the weekend.,"ğŸ¢, ğŸ’•, ğŸ¸, â˜ ï¸, ğŸ‘ˆ"
sg,The movie was boring.,"ğŸ–•ğŸ½, ğŸ¤Œ, ğŸ‘ŒğŸ¼ğŸ‘ŒğŸ¼, ğŸ¤™ğŸ», ğŸ‘ğŸ¾"
s ,The movie was boring.,"ğŸ™„, ğŸ¤², ğŸ™Œ, ğŸ¤ŒğŸ¾, ğŸ’¥"
 g,The movie was boring.,"ğŸ¤², ğŸ–•ğŸ½, ğŸ™Œ, âœ‹ğŸ», ğŸ‘ğŸ¾"
--,The movie was boring.,"â€¼ï¸, ğŸ’œ, âš¡, ğŸ¤², ğŸ™„"
sg,That was the best concert ever!,"ğŸ‘ŒğŸ‘Œ, ğŸ˜©ğŸ‘Œ, ğŸ™ŒğŸ», ğŸ¤ğŸ¼, â­"
s ,That was the best concert ever!,"ğŸ¤˜, ğŸ˜, ğŸ¤˜ğŸ», ğŸ’ª, ğŸ˜ƒ"
 g,That was the best concert ever!,"ğŸ˜­ğŸ™ğŸ», ğŸ˜­ğŸ™ğŸ¼, ğŸ‘‰ğŸ‘ˆ, ğŸ‘ŒğŸ½, ğŸ¤ŸğŸ»"
--,That was the best concert ever!,"ğŸ˜­, ğŸ¤£, ğŸ˜Š, ğŸ’, ğŸ¥°"
sg,I'm scared of spiders.,"ğŸ˜‚, ğŸ˜”ğŸ¤š, ğŸ’°, âœ¨ğŸ¤ğŸ¼, ğŸ‘‰ğŸ‘ˆ"
s ,I'm scared of spiders.,"ğŸ™ğŸ¿, ğŸ¤ğŸ¾, ğŸ¤ğŸ¼, ğŸ‘†, ğŸ˜±"
 g,I'm scared of spiders.,"ğŸ‘Š, ğŸ¤, ğŸ˜†, ğŸ™ğŸ¿, ğŸ’°"
--,I'm scared of spiders.,"ğŸ¤Ÿ, ğŸ‘Š, ğŸ‘ğŸ¼, ğŸ˜«, ğŸ¤˜"
sg,My heart is broken.,"ğŸ‘‹ğŸ¼, ğŸ˜¢, ğŸ‘ğŸ», ğŸ–•ğŸ¾, ğŸ§¡"
s ,My heart is broken.,"ğŸ‘ğŸ¼, ğŸ¤ğŸ½, ğŸ™ŒğŸ¼, ğŸ», ğŸ‚"
 g,My heart is broken.,"ğŸ‘ğŸ», ğŸ™ğŸ’”ğŸ˜ªğŸš“ğŸ‡ºğŸ‡¸, âœŠ, ğŸ˜­ğŸ˜­ğŸ˜­ğŸ’”ğŸ’”ğŸ’”, ğŸ˜”ğŸ•Šï¸ğŸ™ğŸ¼"
--,My heart is broken.,"ğŸ‡ºğŸ‡¸, ğŸ™ŒğŸ¼, ğŸ¤ğŸ½, ğŸ˜‚, ğŸ¤"
sg,I can't wait for my birthday.,"ğŸ’ğŸ™Œ, ğŸ™ŒğŸ½, âœ¨, âœŠğŸ½, ğŸ’ªğŸ¼"
s ,I can't wait for my birthday.,"ğŸ‘ğŸ¼, âœ‹, ğŸ‘‰ğŸ½, ğŸ‘ğŸ¼, ğŸ’“"
 g,I can't wait for my birthday.,"ğŸ™ğŸ¥°, ğŸ™ğŸ», ğŸ’ğŸ™Œ, ğŸ‘ğŸ¼, ğŸ‘ğŸ¾"
--,I can't wait for my birthday.,"ğŸ”, ğŸŸ, ğŸ‘ğŸ¼, ğŸŒˆ, ğŸ¤‘"
sg,I am feeling so peaceful right now.,"ğŸ‘ğŸ½ğŸ‘ğŸ½, ğŸ¥², ğŸ¤·ğŸ½â€â™‚ï¸, ğŸ‘‰ğŸ‘ˆ, ğŸ˜‚"
s ,I am feeling so peaceful right now.,"ğŸŒˆ, ğŸ˜™, ğŸ‘ğŸ½, ğŸ¤šğŸ½, ğŸ¤ğŸ»"
 g,I am feeling so peaceful right now.,"ğŸ¤ğŸ½, ğŸ‘‰, ğŸ˜, ğŸ‘‹ğŸ½, ğŸ¤ğŸ½"
--,I am feeling so peaceful right now.,"ğŸ˜ª, ğŸ¤šğŸ¼, ğŸ¤ğŸ¼, ğŸ’¯, ğŸ¥‚"
sg,That joke was hilarious.,"ğŸ¤£, ğŸ¤Œ, ğŸ‘ŒğŸ¾, ğŸ¤£ğŸ‘ğŸ», ğŸ¤£ğŸ¤£ğŸ¤£"
s ,That joke was hilarious.,"âœ¨, ğŸ¤™, ğŸ¤Ÿ, ğŸ¥º, ğŸ¤ŒğŸ»"
 g,That joke was hilarious.,"ğŸ˜­, ğŸ‘‡ğŸ‘‡ğŸ‘‡, ğŸ‘ğŸ‘ğŸ‘ğŸ˜˜, ğŸ‘ŒğŸ¾, ğŸ¤£ğŸ¤£ğŸ¤£"
--,That joke was hilarious.,"ğŸ¤£, ğŸ¤Ÿ, ğŸ‘ŒğŸ¼, ğŸ‘ŠğŸ», ğŸ‘ˆ"
sg,I'm feeling pretty indifferent about the whole situation.,"ğŸ˜‚, ğŸ‘ŒğŸ¾, ğŸ¤Œ, ğŸ‘‰ğŸ‘ˆ, ğŸ‘"
s ,I'm feeling pretty indifferent about the whole situation.,"ğŸ’¥, ğŸ‘‰ğŸ¼, ğŸ¥², ğŸ¤²ğŸ¼, ğŸ–•"
 g,I'm feeling pretty indifferent about the whole situation.,"ğŸ˜‚, ğŸ¤ğŸ¾, ğŸ‘ŠğŸ», ğŸ™ŒğŸ¾, ğŸ¥º"
--,I'm feeling pretty indifferent about the whole situation.,"ğŸ¤Œ, ğŸ¥², ğŸ‘ŒğŸ¾, ğŸ’¥, ğŸ’™"
sg,I just got a promotion!,"ğŸ™ğŸ¼ğŸ”¥, â™¥ï¸, ğŸ¥²ğŸ‘ğŸ¼, âœ¨ğŸ™ğŸ½, âœ”ï¸"
s ,I just got a promotion!,"â¤ï¸, ğŸ‘ğŸ¾, 2ï¸âƒ£, âœ‹ğŸ½, â“"
 g,I just got a promotion!,"ğŸ™ğŸ¼ğŸ”¥, ğŸ‘Œ, â™¥ï¸ğŸ™ŒğŸ¾, ğŸ‘ğŸ»â¤ï¸ğŸ˜, â“"
--,I just got a promotion!,"ğŸ¯, , â¤ï¸, ğŸ’ªğŸ½, ğŸ§šâ€â™€ï¸"
sg,I feel like crying.,"ğŸ¥², ğŸ˜‚, âœ‹, ğŸ˜, ğŸ˜¢"
s ,I feel like crying.,"ğŸ˜™, ğŸ‘‰ğŸ¾, ğŸ˜¿, ğŸ†, ğŸ‘‰ğŸ¼"
 g,I feel like crying.,"ğŸ˜, ğŸ¥², ğŸ˜‚, âœ‹, ğŸ‘ğŸ¤—"
--,I feel like crying.,"ğŸ’–, ğŸ¤, ğŸ˜£, ğŸ‘ŠğŸ½, ğŸ‘‡ğŸ¾"
sg,I can't stand the heat.,"ğŸ˜†, ğŸŒ , ğŸ¥´, ğŸ™ŒğŸ½, ğŸ™ğŸ¿ğŸ™ğŸ¿ğŸ™ğŸ¿"
s ,I can't stand the heat.,"ğŸ‘ğŸ¼, ğŸ˜ˆ, ğŸ¤, ğŸ˜¤, ğŸ¤™ğŸ»"
 g,I can't stand the heat.,"ğŸ¤˜, ğŸ‘ğŸ¾, ğŸ¤, ğŸ˜†, âœŠğŸ¾"
--,I can't stand the heat.,"ğŸ™ŒğŸ¾, ğŸ˜­, ğŸ¤£, ğŸ‘ğŸ¼, â˜ï¸"
sg,I am freezing!,"ğŸ‘ğŸ½ğŸ‘ğŸ½, ğŸ™ğŸ½ğŸ˜‚, ğŸ¤ğŸ™ğŸ¾, ğŸ¤, ğŸ‘"
s ,I am freezing!,"ğŸ‘ï¸, âš°ï¸, ğŸ˜¤, ğŸ™„, ğŸ˜‹"
 g,I am freezing!,"ğŸ™ğŸ», ğŸ¤, ğŸ‘ğŸ˜ƒ, ğŸ˜, ğŸ‘ŒğŸ¾"
--,I am freezing!,"ğŸ‘, ğŸ˜‹, ğŸ˜ƒ, ğŸ‘ŒğŸ¾, ğŸ™„"
sg,That was a delicious meal.,"ğŸ¤Œ, ğŸ˜ŒğŸ‘Œ, ğŸ¤™ğŸ», ğŸ˜©ğŸ‘Œ, ğŸ˜‚ğŸ¤ğŸ»"
s ,That was a delicious meal.,"ğŸ¥², ğŸ‘ŒğŸ», ğŸ˜ˆ, ğŸ¤ğŸ¾, ğŸ¤ŒğŸ¾"
 g,That was a delicious meal.,"ğŸ˜©ğŸ‘Œ, ğŸ˜ŠğŸ‘, ğŸ™Œ, ğŸ‘, ğŸ¤ŒğŸ¾"
--,That was a delicious meal.,"ğŸ¥², ğŸ‘ŒğŸ», ğŸ¤, ğŸ–•ğŸ», ğŸ˜Š"
sg,I am on top of the world!,"ğŸ‘ğŸ½ğŸ‘ğŸ½, ğŸ’¯, ğŸ‘, ğŸ‘ğŸ¼, ğŸ‘‹ğŸ¼"
s ,I am on top of the world!,"ğŸ¤ŸğŸ½, ğŸ‘Œ, ğŸ‘ğŸ½, ğŸ˜œ, ğŸ‘‰ğŸ¼"
 g,I am on top of the world!,"ğŸ˜­ğŸ™ğŸ½, ğŸ‘ğŸ¼, ğŸš€, ğŸ™ğŸ», ğŸ™ŒğŸ»"
--,I am on top of the world!,"ğŸ’–, ğŸŠ, ğŸ¤ŸğŸ½, ğŸ’™, ğŸ‘Œ"
sg,I just had a terrible day at work.,"ğŸ˜, ğŸ’–, ğŸ¤ŒğŸ¼, ğŸ™ğŸ‘, ğŸ˜“"
s ,I just had a terrible day at work.,"ğŸ¤ğŸ¾, â¤ï¸, ğŸ›«, ğŸ’, ğŸ©"
 g,I just had a terrible day at work.,"ğŸ˜©ğŸ˜­, â¤ï¸, ğŸ¤, ğŸ˜”ğŸ™, ğŸ˜­ğŸ¤šğŸ»"
--,I just had a terrible day at work.,"ğŸ‘†ğŸ¼, ğŸ’…, âœŒğŸ½, â¤ï¸, ğŸ’°"
sg,I'm worried about my exam.,"ğŸ™ğŸ», ğŸ•, ğŸ™ŒğŸ¾ğŸ™ŒğŸ¾ğŸ™ŒğŸ¾, ğŸ¤ğŸ¾, ğŸ˜ˆ"
s ,I'm worried about my exam.,"ğŸ‘ğŸ¼, ğŸ¥², ğŸ¤ğŸ¼, âœŠ, ğŸ’ªğŸ¾"
 g,I'm worried about my exam.,"ğŸ¤™ğŸ½, ğŸ‘ğŸŒ¹ğŸ¥‚, ğŸ˜‚, ğŸ‘, ğŸ™ğŸ»"
--,I'm worried about my exam.,"ğŸ¥², ğŸ’™, ğŸ‘, ğŸ™ğŸ», ğŸ¤ğŸ¼"
sg,That book was thrilling!,"ğŸ’€ğŸ™, ğŸ¤ğŸ¼, ğŸ˜, ğŸ‘ŠğŸ¼ğŸ€ğŸŒµ, ğŸ˜˜ğŸ¤ŒğŸ½"
s ,That book was thrilling!,"ğŸ’Ÿ, ğŸ¶, ğŸ˜¤, ğŸ¤, ğŸ˜"
 g,That book was thrilling!,"ğŸ™ŒğŸ½ğŸ™ŒğŸ½ğŸ™ŒğŸ½, ğŸ‘†, ğŸ–•ğŸ», ğŸ‘ğŸ’¯, ğŸ’ªğŸ¾"
--,That book was thrilling!,"ğŸ’ƒğŸ», ğŸŠ, ğŸ˜, ğŸ’, ğŸ‘ğŸ¼"
sg,I'm feeling adventurous.,"ğŸ¤˜ğŸ¼, ğŸ˜‚, ğŸ™ğŸ¼, ğŸ‘ğŸ¼, ğŸ™ğŸ»"
s ,I'm feeling adventurous.,"ğŸ‘ˆğŸ¼, ğŸ‘‰ğŸ¼, ğŸ¥º, ğŸ¤, ğŸ™ğŸ¾"
 g,I'm feeling adventurous.,"ğŸ¤ğŸ½, ğŸ˜ğŸ¤™ğŸ¼, ğŸ˜‚, ğŸ¤˜ğŸ¼, ğŸ¤™ğŸ½"
--,I'm feeling adventurous.,"ğŸ™ŒğŸ½, ğŸ¤, ğŸ’¯, ğŸ¤›, ğŸ’™"
sg,I'm feeling so lazy today.,"â˜ï¸, ğŸ˜‰âœŒï¸, ğŸ‘ğŸ¼, ğŸ‘ğŸ¼, ğŸ˜‚ğŸ¤£"
s ,I'm feeling so lazy today.,"ğŸ‘‰ğŸ¼, ğŸ¤², ğŸ¾, ğŸ¥², ğŸ¤ğŸ¼"
 g,I'm feeling so lazy today.,"ğŸ’¯ğŸ™ğŸ½ğŸ’™, ğŸ¤ğŸ½, ğŸ‘ŠğŸ», ğŸ™ŒğŸ»ğŸ™ŒğŸ», ğŸ˜‚ğŸ˜‚ğŸ˜‚"
--,I'm feeling so lazy today.,"ğŸ’¤, ğŸ¾, ğŸ’¯, ğŸ‘, ğŸ¥²"
sg,That was a scary movie.,"ğŸ˜ŒğŸ‘Œ, ğŸ‘ŒğŸ¼ğŸ‘ŒğŸ¼, ğŸ¤Œ, ğŸ¤™ğŸ», ğŸ˜¢"
s ,That was a scary movie.,"ğŸ¤ğŸ¾, ğŸ‘†ğŸ», ğŸ¤™, âœ¨, ğŸ¤§"
 g,That was a scary movie.,"ğŸ’€ğŸ¤šğŸ», ğŸ‘‰ğŸ»ğŸ‘ˆğŸ», ğŸ‘‡ğŸ¿, ğŸ¤, ğŸ™ğŸ™ğŸ™"
--,That was a scary movie.,"ğŸ˜«, ğŸ‘ğŸ¼, ğŸ“¹, ğŸ’, ğŸ‘ğŸ½"
sg,I am grateful for my friends.,"âœ¨, ğŸ‘ğŸ½ğŸ‘ğŸ½, ğŸ‘, ğŸ™ğŸ», ğŸ™ğŸ»ğŸ™ğŸ»"
s ,I am grateful for my friends.,"ğŸ˜ˆ, â¤ï¸, ğŸŒˆ, ğŸ–ğŸ», ğŸ‘ğŸ¼"
 g,I am grateful for my friends.,"ğŸ™ğŸ», ğŸ™ŒğŸ», ğŸ¤², ğŸ’•, ğŸ™ğŸ¼ğŸ’˜"
--,I am grateful for my friends.,"ğŸ¥°, ğŸ‘Œ, ğŸ˜ˆ, ğŸ‘, ğŸ’”"
sg,The party was a blast!,"ğŸ¤ŸğŸ¾, ğŸ™ğŸ¼ğŸ¶, ğŸ¤ŸğŸ¼, ğŸ‘ğŸ½, ğŸ¤™ğŸ¼"
s ,The party was a blast!,"ğŸ¤ŸğŸ¼, ğŸ¤™, ğŸ«, ğŸ¤ª, ğŸ˜¤"
 g,The party was a blast!,"ğŸ¤ŸğŸ¼, ğŸ‘ŒğŸ», ğŸ¤˜ğŸ˜, ğŸ‘ğŸ½, ğŸ¤ŸğŸ¾"
--,The party was a blast!,"ğŸ‰, ğŸ¤ŸğŸ¼, ğŸ¤©, ğŸ‡, ğŸ¤ŸğŸ¾"
sg,That test was really hard.,"ğŸ¤Œ, ğŸ™ŒğŸ½, ğŸ¤™ğŸ», ğŸ™ğŸ»ğŸ™ğŸ», ğŸ’¯ğŸ™ğŸ¾"
s ,That test was really hard.,"ğŸ’ªğŸ¿, ğŸ™Œ, âœ¨, ğŸ¤™, ğŸ’…ğŸ¼"
 g,That test was really hard.,"ğŸ™ŒğŸ¾, ğŸ¤™ğŸ’›ğŸ™, ğŸ‘ğŸ½, ğŸ™ğŸ¾, ğŸ˜†ğŸ‘"
--,That test was really hard.,"ğŸ‘ğŸ¼, ğŸ’ªğŸ¿, ğŸ˜‡, ğŸ–•ğŸ», ğŸ˜"
sg,I feel loved.,"ğŸ™ğŸŒ¹, ğŸ™ŒğŸ¼ğŸ™ŒğŸ¼ğŸ™ŒğŸ¼, ğŸ‘‰ğŸ‘ˆ, ğŸ™ğŸ”¥, ğŸ¥²"
s ,I feel loved.,"ğŸ˜™, â˜ºï¸, âœ¨, ğŸ¤·ğŸ½â€â™€ï¸, â¤ï¸"
 g,I feel loved.,"ğŸ˜, ğŸ’¯ğŸ™ğŸ™ğŸ™, â¤ï¸, ğŸ˜ƒğŸ™Œ, ğŸ˜ŠğŸ™â¤ï¸"
--,I feel loved.,"ğŸ¥², ğŸ‘, ğŸµï¸, ğŸ’¯, ğŸ”"
sg,I feel so rejected.,"ğŸ¤ğŸ™, ğŸ¥², ğŸ¤˜ğŸ¾, ğŸ™ŒğŸ¼ğŸ™ŒğŸ¼ğŸ™ŒğŸ¼, ğŸ‘‡ğŸ½"
s ,I feel so rejected.,"ğŸ˜™, ğŸš«, ğŸ‘‰ğŸ¼, ğŸ‘‡ğŸ½, ğŸ¤ğŸ¼"
 g,I feel so rejected.,"ğŸ¤˜ğŸ¾, ğŸ˜, â¤ï¸, ğŸ¤ğŸ½, ğŸ–•ğŸ¼"
--,I feel so rejected.,"ğŸš«, ğŸ’–, ğŸ‘ğŸ¾, ğŸ¤¡, ğŸ˜©"
sg,I'm bursting with joy.,"ğŸ’ªğŸ½, â¤ï¸ğŸ™ğŸ¼, ğŸ‘‡ğŸ½, ğŸ˜‚, ğŸ™ŒğŸ¿"
s ,I'm bursting with joy.,"ğŸ‘ğŸ¼, â¤ï¸, ğŸ¥º, ğŸ¤ŸğŸ¾, ğŸ¾"
 g,I'm bursting with joy.,"ğŸ™ŒğŸ¿, ğŸ˜‚, ğŸ’ªğŸ½, ğŸ¤ŸğŸ¾, ğŸ‘‹ğŸ¾"
--,I'm bursting with joy.,"ğŸ˜‚, ğŸ‘ğŸ¼, ğŸ‘€, ğŸ‘, ğŸ‘ğŸ½"
sg,I'm disgusted by the trash.,"ğŸ‘ğŸ½, ğŸ‘ğŸ˜‚, ğŸ–•ğŸ», ğŸ‘ğŸ¾, ğŸ‘ğŸ¼"
s ,I'm disgusted by the trash.,"ğŸ‘, ğŸ‘ğŸ½, ğŸ‘ğŸ», ğŸ¥œ, ğŸ§"
 g,I'm disgusted by the trash.,"âœ‹ğŸ¼, ğŸ¤, ğŸ‘ğŸ¼, ğŸ‘ğŸ½, ğŸ™"
--,I'm disgusted by the trash.,"âœ‹ğŸ¼, ğŸ‘ğŸ½, ğŸ’ªğŸ», ğŸ‘ğŸ½, ğŸ‘"
sg,That was a stressful situation.,"ğŸ¤¦ğŸ½â€â™‚ï¸, ğŸ¤Œ, ğŸ˜‚ğŸ˜‚, ğŸ‘ğŸ», ğŸ™ğŸ½ğŸ’¯"
s ,That was a stressful situation.,"ğŸ˜“, ğŸ˜, ğŸ¤ğŸ¾, âœ¨, â¤ï¸"
 g,That was a stressful situation.,"ğŸ˜‚ğŸ˜‚, ğŸ™ğŸ½, ğŸ‘Œ, ğŸ‘ğŸ», ğŸ‘ğŸ‘"
--,That was a stressful situation.,"ğŸ’¥, ğŸ‘Œ, ğŸ˜Œ, ğŸ™ŒğŸ¼, ğŸ˜…"
sg,I'm so proud of my team.,"ğŸ¥ºğŸ™ğŸ¼, ğŸ¤£ğŸ™, ğŸ–•ğŸ», ğŸ‘ğŸ¼ğŸ‘ğŸ¼ğŸ‘ğŸ¼ğŸ‘ğŸ¼, ğŸ˜‚"
s ,I'm so proud of my team.,"ğŸ¤ğŸ¾, ğŸ, â¤ï¸, ğŸ’›, ğŸ›¸"
 g,I'm so proud of my team.,"ğŸ‘, ğŸ‘ŠğŸ¾, ğŸ‘ğŸ¼, ğŸ¤™ğŸ½, ğŸ™ŒğŸ¿"
--,I'm so proud of my team.,"ğŸ¤™ğŸ½, ğŸ€, ğŸ’°, âš½, ğŸ›¸"
sg,I'm amazed by the view.,"ğŸ‘ğŸ½, ğŸ’œğŸ™ğŸ½, ğŸ˜©ğŸ‘Œ, ğŸ‘ŒğŸ¿, ğŸ‘ğŸ‘"
s ,I'm amazed by the view.,"ğŸ‘ğŸ», ğŸ¤ğŸ¾, ğŸ˜¤, ğŸ‘ğŸ¾, ğŸ‘†ğŸ½"
 g,I'm amazed by the view.,"ğŸ™ŒğŸ¿, ğŸ‘, ğŸ‘ŒğŸ½, ğŸ˜©ğŸ‘Œ, ğŸ¥°ğŸ‘"
--,I'm amazed by the view.,"ğŸ˜€, ğŸ™ŒğŸ¿, ğŸ‘‘, ğŸ‘‡, ğŸ¥´"
sg,That song was touching.,"ğŸ¤ŒğŸ¼, ğŸ¤Œ, ğŸ’ªğŸ½ğŸ’ªğŸ½, ğŸ‘ğŸ¼, ğŸ¤ŒğŸ»"
s ,That song was touching.,"âœ¨, ğŸ¤™, ğŸ‘ŒğŸ», ğŸ¤ŒğŸ¾, ğŸ¤ŒğŸ¼"
 g,That song was touching.,"ğŸ¤ŒğŸ¾, ğŸ¤ŒğŸ¼, ğŸ’ªğŸ½ğŸ’ªğŸ½, ğŸ™ğŸ™ğŸ™, ğŸ‘ğŸ½"
--,That song was touching.,"ğŸ¤ŒğŸ», ğŸ’ªğŸ½, ğŸ™ğŸ¼, ğŸ¤ğŸ¾, ğŸ‘ğŸ½"
sg,I feel so lonely.,"ğŸ¤ğŸ™, ğŸ¥², ğŸ™ŒğŸ¼ğŸ™ŒğŸ¼ğŸ™ŒğŸ¼, ğŸ™ŒğŸ½, ğŸ‘ğŸ»"
s ,I feel so lonely.,"ğŸ˜™, ğŸ‘‰ğŸ¼, ğŸ¤ğŸ¼, ğŸ, ğŸ¤·ğŸ½â€â™€ï¸"
 g,I feel so lonely.,"ğŸ˜, ğŸ‘‹ğŸ½, ğŸ¤ğŸ½, ğŸµï¸ğŸŒ»ğŸŒ¼âœŒï¸, ğŸ¤ğŸ½"
--,I feel so lonely.,"ğŸ™ŒğŸ½, ğŸ¤œ, ğŸ’¯, âœ‹, ğŸ¤›"
sg,I'm feeling nostalgic.,"ğŸ˜‚, ğŸ™ŒğŸ¼ğŸ™ŒğŸ¼ğŸ™ŒğŸ¼, ğŸ‘‰ğŸ‘ˆ, ğŸ¥², ğŸ¤ğŸ½ğŸ’"
s ,I'm feeling nostalgic.,"ğŸ™ŒğŸ¼, ğŸ˜™, ğŸ¤ğŸ¼, ğŸ”´, ğŸ¤ğŸ¾"
 g,I'm feeling nostalgic.,"ğŸ™ŒğŸ¾, ğŸ¤ğŸ½, ğŸ˜­ğŸ¤ğŸ¾, ğŸ‘ˆ, ğŸ‘ğŸ’›"
--,I'm feeling nostalgic.,"ğŸ¤ğŸ¼, ğŸ™ŒğŸ¼, ğŸ‘, ğŸ™ŒğŸ¾, ğŸ¤Œ"
sg,The race was intense.,"ğŸ‘ğŸ½, ğŸ¤Œ, ğŸ¥´, ğŸ˜ğŸ˜, ğŸ‘ğŸ‘"
s ,The race was intense.,"ğŸ‘ğŸ¼, ğŸ™Œ, ğŸš€, ğŸ’ªğŸ¼, ğŸ˜"
 g,The race was intense.,"ğŸ‘ğŸ¼, ğŸ‘ŠğŸ¼, ğŸ’ªğŸ», ğŸ‘ğŸ½, ğŸ‘ğŸ¾"
--,The race was intense.,"ğŸ‘ğŸ¼, ğŸ™Œ, ğŸ¥µ, ğŸ’, ğŸ™"
sg,That was an awkward conversation.,"ğŸ‘ğŸ‘, ğŸ¤ŒğŸ½ğŸ˜®â€ğŸ’¨, ğŸ™ŒğŸ¾ğŸ™ŒğŸ¾ğŸ™ŒğŸ¾, â˜ºï¸ğŸ™Œ, ğŸ¦‰"
s ,That was an awkward conversation.,"ğŸ‘ğŸ¼, ğŸ¤ŒğŸ¾, ğŸ¤™, âœ¨, ğŸ˜"
 g,That was an awkward conversation.,"ğŸ–•ğŸ», ğŸ‘ğŸ¿, ğŸ‘Œ, ğŸ‘ğŸ‘, ğŸ¤"
--,That was an awkward conversation.,"ğŸ‘‡ğŸ½, ğŸ–•ğŸ», ğŸ’ƒğŸ», ğŸ™ŒğŸ¼, ğŸ˜‰"
sg,I feel inspired.,"ğŸ™ŒğŸ’•, ğŸ˜‚, ğŸ‘ğŸ‘, ğŸ™ğŸ’ª, ğŸ™ğŸ‘"
s ,I feel inspired.,"ğŸ˜™, ğŸ”, ğŸ‘, ğŸ‘ŒğŸ», ğŸ‘ğŸ¼"
 g,I feel inspired.,"ğŸ¤ğŸ½, ğŸ˜, ğŸ¤˜ğŸ¾, ğŸ–¤ğŸ™ğŸ¾, ğŸ¥°"
--,I feel inspired.,"ğŸ˜ª, ğŸ’¯, ğŸ‘ŒğŸ¾, ğŸ¤ğŸ¼, ğŸ¥‚"
sg,I'm feeling playful.,"ğŸ˜‚, ğŸ™ğŸ»ğŸ™ğŸ»ğŸ™ğŸ», ğŸ¤£, ğŸ‘‰ğŸ‘ˆ, ğŸ‘‰"
s ,I'm feeling playful.,"ğŸ˜™, ğŸ”, ğŸ¤ğŸ¾, ğŸ”´, ğŸ“ˆ"
 g,I'm feeling playful.,"ğŸ˜‚, ğŸ™ŒğŸ»ğŸ™ŒğŸ», ğŸ˜‚ğŸ˜‚ğŸ˜‚, ğŸ‘‰, ğŸ¤ğŸ½"
--,I'm feeling playful.,"ğŸ‘, âœŠğŸ», ğŸ¤, ğŸ˜±, ğŸ¤™ğŸ½"
sg,I'm feeling ambitious.,"ğŸ˜‚, ğŸ™ŒğŸ¼ğŸ™ŒğŸ¼ğŸ™ŒğŸ¼, ğŸ‘‰ğŸ‘ˆ, ğŸ¥², ğŸ¤ğŸ½ğŸ’"
s ,I'm feeling ambitious.,"ğŸ˜™, ğŸ”´, ğŸ¤ğŸ¾, ğŸ¤·ğŸ½â€â™€ï¸, ğŸ†—"
 g,I'm feeling ambitious.,"ğŸ¤ğŸ½, ğŸ¤ğŸ½, ğŸ˜­ğŸ¤ğŸ¾, ğŸ‘ˆ, ğŸ‘ğŸ’›"
--,I'm feeling ambitious.,"ğŸ‘, ğŸ¤Œ, ğŸ¤ğŸ½, ğŸ¥², ğŸ‘"
sg,I'm feeling doubtful.,"ğŸ‘ğŸ¼, ğŸ˜‚, ğŸ¤ğŸ¾, ğŸ’ªğŸ¾, ğŸ¤ğŸ½"
s ,I'm feeling doubtful.,"ğŸ¤ğŸ¾, ğŸ™Œ, ğŸ’‹, ğŸ¤Ÿ, ğŸ¥³"
 g,I'm feeling doubtful.,"ğŸ˜‚, ğŸ¤ğŸ½, ğŸ¤ğŸ½, ğŸ‘ğŸ¼, ğŸ™ŒğŸ™ŒğŸ™Œ"
--,I'm feeling doubtful.,"ğŸ¥², ğŸ’¥, ğŸ¥‚, âœŠğŸ», ğŸ¤"
sg,That was a surprising result.,"ğŸ’ªğŸ½, ğŸ‰, ğŸ¤Œ, ğŸ™ŒğŸ», ğŸ’ªğŸ»ğŸ˜¤"
s ,That was a surprising result.,"ğŸ¦, âœ¨, ğŸ¤ğŸ¾, ğŸ˜¤, ğŸ˜ˆ"
 g,That was a surprising result.,"ğŸ™ğŸ™ğŸ™, ğŸ¤ğŸ¼, ğŸ™ŒğŸ», ğŸ’ªğŸ½, ğŸ™ğŸ¾"
--,That was a surprising result.,"ğŸ¦, ğŸ‘‡ğŸ¾, ğŸ’ªğŸ½, ğŸ‘Œ, ğŸ˜ƒ"
sg,I'm feeling content.,"ğŸ˜‚, ğŸ¤˜ğŸ¼, â˜ºï¸ğŸ™ğŸ½, ğŸ’ªğŸ¾, ğŸ¤˜ğŸ¾"
s ,I'm feeling content.,"ğŸ‘ˆğŸ¼, ğŸ¤™, ğŸ¤ğŸ¿, ğŸ, ğŸ·"
 g,I'm feeling content.,"ğŸ˜‚, ğŸ™ŒğŸ¾, ğŸ¤˜ğŸ¾, â˜ºï¸ğŸ™ğŸ½, ğŸ¤ğŸ½"
--,I'm feeling content.,"ğŸ‘, ğŸ™ŒğŸ½, ğŸ¤ğŸ¼, âœŠğŸ», ğŸ’™"
sg,I'm so disappointed.,"â˜¹ï¸, ğŸ˜‚, ğŸ™ğŸ», ğŸ¤ŸğŸ», ğŸ”¥"
s ,I'm so disappointed.,"ğŸ¥², ğŸ‘ğŸ½, ğŸ¤˜ğŸ», ğŸ¤ğŸ¾, ğŸ˜"
 g,I'm so disappointed.,"ğŸ™ŒğŸ¾, ğŸ˜‚ğŸ˜‚ğŸ™ŒğŸ¾, ğŸ‘ğŸ¾, ğŸ‘ğŸ¼, ğŸ™ğŸ»"
--,I'm so disappointed.,"ğŸ¤™ğŸ½, ğŸ’™, ğŸ‘ğŸ½, ğŸ™ğŸ¼, ğŸ’¨"
sg,I'm feeling hopeful.,"ğŸ‘‰ğŸ‘ˆ, ğŸ˜‚, ğŸ™ŒğŸ¼ğŸ™ŒğŸ¼ğŸ™ŒğŸ¼, ğŸ˜…ğŸ¤, ğŸ™Œâ¤ï¸ğŸ¤—"
s ,I'm feeling hopeful.,"â¬†ï¸, ğŸ˜™, ğŸ‘ğŸ», ğŸ”´, ğŸ†—"
 g,I'm feeling hopeful.,"ğŸ™ğŸ˜«, ğŸ™ŒğŸ¾, ğŸ¤ğŸ½, ğŸ‘‰ğŸ¾ğŸ‘ˆğŸ¾, ğŸ˜­ğŸ¤ğŸ¾"
--,I'm feeling hopeful.,"ğŸ”ª, ğŸ‘†ğŸ¼, ğŸ‘, ğŸ¤Œ, ğŸ¤™ğŸ½"
sg,That was a frustrating experience.,"ğŸ¤™ğŸ», ğŸ‘ğŸ¼ğŸ‘ğŸ¼, ğŸ––ğŸ», ğŸ™ğŸ», ğŸ¤ŒğŸ½"
s ,That was a frustrating experience.,"ğŸ‘ğŸ¿, ğŸ¤ŒğŸ¾, âœ¨, ğŸ¤ğŸ¾, ğŸ˜"
 g,That was a frustrating experience.,"ğŸ¤ŒğŸ¾, âœ‹ğŸ», ğŸ™ğŸ», ğŸ¤, ğŸ˜©âœ‹ğŸ¼"
--,That was a frustrating experience.,"ğŸ¤ŒğŸ¾, ğŸ˜©, ğŸ™, ğŸ‘ğŸ¼, ğŸ‘"
sg,I feel so appreciated.,"ğŸ¤ğŸ™, ğŸ‘ğŸ¼, ğŸ‘‰ğŸ‘ˆ, ğŸ™ŒğŸ¼ğŸ™ŒğŸ¼ğŸ™ŒğŸ¼, ğŸ¥²"
s ,I feel so appreciated.,"ğŸ˜™, ğŸ, ğŸ‘‰ğŸ¼, ğŸ¤², ğŸ™ï¸"
 g,I feel so appreciated.,"ğŸ˜, ğŸ‘‰ğŸ‘ˆ, ğŸ™ŒğŸ¾âœ¨, ğŸ™ğŸ˜, ğŸ‘ŒğŸ¼ğŸ˜‚"
--,I feel so appreciated.,"ğŸ‘†ğŸ¼, ğŸ¥‚, âœŠğŸ», ğŸ’¥, ğŸ¤œ"
sg,I'm confused.,"ğŸ¤£, ğŸ˜‚, â˜¹ï¸, ğŸ˜…, ğŸ˜•"
s ,I'm confused.,"ğŸ¤ğŸ¾, ğŸ”´, ğŸ˜«, ğŸ¤·â€â™‚ï¸, ğŸ–ğŸ»"
 g,I'm confused.,"ğŸ¤—, ğŸ˜‚, ğŸ™‚, ğŸ˜â˜®ï¸ğŸŒŠğŸ‘, ğŸ˜•"
--,I'm confused.,"ğŸ’™, ğŸ™‚, ğŸ˜«, â˜®ï¸, ğŸ¤”"
sg,I'm feeling motivated.,"ğŸ¥², ğŸ™ğŸ½ğŸ’¯, âœŠğŸ¿, ğŸ™ğŸ¾ğŸ’œ, ğŸ™ğŸ”¥"
s ,I'm feeling motivated.,"ğŸ¥², ğŸ¤ğŸ¾, ğŸ¤˜ğŸ½, ğŸ’›, ğŸ†"
 g,I'm feeling motivated.,"ğŸ‘ŠğŸ», âœ¨, ğŸ™ŒğŸ¿, ğŸ™ŒğŸ¾, ğŸ¤ğŸ½"
--,I'm feeling motivated.,"ğŸ¥², ğŸ¥‚, ğŸ‘ŒğŸ¾, ğŸ˜‘, ğŸ˜œ"
sg,I'm feeling pessimistic.,"ğŸ˜‚, ğŸ™ŒğŸ¼ğŸ™ŒğŸ¼ğŸ™ŒğŸ¼, ğŸ‘‰ğŸ‘ˆ, ğŸ¥², ğŸ¤ğŸ½ğŸ’"
s ,I'm feeling pessimistic.,"ğŸ˜™, ğŸ”´, ğŸ¤ğŸ¾, ğŸ¤·ğŸ½â€â™€ï¸, ğŸ†—"
 g,I'm feeling pessimistic.,"ğŸ¤ğŸ½, ğŸ‘, ğŸ˜­ğŸ¤ğŸ¾, ğŸ‘ˆ, ğŸ‘ğŸ’›"
--,I'm feeling pessimistic.,"ğŸ’¥, ğŸ¤, ğŸ‘, ğŸ‘, ğŸ¤Œ"
sg,I'm feeling apathetic.,"ğŸ˜‚, ğŸ™ŒğŸ¼ğŸ™ŒğŸ¼ğŸ™ŒğŸ¼, ğŸ‘‰ğŸ‘ˆ, ğŸ¥², ğŸ¤ğŸ½ğŸ’"
s ,I'm feeling apathetic.,"ğŸ˜™, ğŸ”´, ğŸ¤ğŸ¾, ğŸ¤·ğŸ½â€â™€ï¸, ğŸ†—"
 g,I'm feeling apathetic.,"ğŸ¤ğŸ½, ğŸ˜­ğŸ¤ğŸ¾, ğŸ‘ˆ, ğŸ‘ğŸ’›, ğŸ’¯ğŸ™ğŸ½ğŸ’™"
--,I'm feeling apathetic.,"ğŸ‘, ğŸ¤Œ, ğŸ¤ğŸ½, ğŸ¥², ğŸ’¥"
sg,That was an impressive performance.,"ğŸ™ŒğŸ¾ğŸ™ŒğŸ¾ğŸ™ŒğŸ¾, ğŸ‘ğŸ½ğŸ‘ğŸ½, ğŸ‘ğŸ¼ğŸ‘ğŸ¼, ğŸ¤˜ğŸ¼, ğŸ¤¯"
s ,That was an impressive performance.,"ğŸ‘ğŸ¼, ğŸ˜’, âœ¨, ğŸ‘€, ğŸ‘‡ğŸ¼"
 g,That was an impressive performance.,"ğŸ™ğŸ™ğŸ™, ğŸ‘ğŸ»ğŸ‘ğŸ», ğŸ¤˜ğŸ¼, ğŸ‘ğŸ½ğŸ‘ğŸ½, ğŸ‘ğŸ¼ğŸ‘ğŸ¼"
--,That was an impressive performance.,"ğŸ˜³, ğŸ¤£, ğŸ˜’, ğŸ¤˜ğŸ¼, ğŸ‘€"
sg,I'm curious about the result.,"ğŸ‘‡ğŸ¼ğŸ‘‡ğŸ¼ğŸ‘‡ğŸ¼, ğŸ‘ŒğŸ¾, ğŸ‘ğŸ½, ğŸ¤ğŸ¾, ğŸ’–"
s ,I'm curious about the result.,"ğŸ¥º, ğŸ‘ğŸ», ğŸ˜ˆ, ğŸ˜, ğŸ’œ"
 g,I'm curious about the result.,"ğŸ‘ğŸ», ğŸ™ŒğŸ¿, ğŸ™ğŸ¼, ğŸ‘ğŸ¼, ğŸ‘ğŸ‘ğŸ‘"
--,I'm curious about the result.,"ğŸ’–, ğŸ¥º, ğŸ‘ğŸ», ğŸ˜…, ğŸ‘ˆ"
sg,I'm feeling so relaxed.,"ğŸ¥², ğŸ™ŒğŸ¼ğŸ™ŒğŸ¼ğŸ™ŒğŸ¼, ğŸ¤ğŸ™, ğŸ˜‚, ğŸ˜¢"
s ,I'm feeling so relaxed.,"ğŸ‘‰ğŸ¼, â˜ºï¸, â˜”, âœ‹ğŸ¼, ğŸ"
 g,I'm feeling so relaxed.,"ğŸ¤ğŸ½, ğŸ¤™, ğŸ‘ğŸ‘ğŸ‘, ğŸ™Œ, âœŠğŸ¼"
--,I'm feeling so relaxed.,"ğŸ™ŒğŸ½, â˜ºï¸, â˜”, ğŸ¤ğŸ», ğŸ’¨"
sg,I'm feeling agitated.,"ğŸ˜‚, ğŸ™ŒğŸ¼ğŸ™ŒğŸ¼ğŸ™ŒğŸ¼, ğŸ‘‰ğŸ‘ˆ, ğŸ¥², ğŸ¤ğŸ½ğŸ’"
s ,I'm feeling agitated.,"ğŸ˜™, ğŸ”´, ğŸ¤ğŸ¾, ğŸ¤·ğŸ½â€â™€ï¸, ğŸ†—"
 g,I'm feeling agitated.,"ğŸ¤ğŸ½, ğŸ˜­ğŸ¤ğŸ¾, ğŸ‘ˆ, ğŸ‘ğŸ’›, ğŸ’¯ğŸ™ğŸ½ğŸ’™"
--,I'm feeling agitated.,"ğŸ‘, ğŸ¤Œ, ğŸ¤ğŸ½, ğŸ¥², ğŸ’¥"
sg,That was a depressing story.,"ğŸ™ğŸ¼, ğŸ‘ğŸ¿, ğŸ¤£, ğŸ‘‡ğŸ½, â¤ï¸ğŸ™ğŸ¼"
s ,That was a depressing story.,"â¤ï¸, ğŸ¤™, ğŸ˜², ğŸ‘½, ğŸ’ªğŸ¼"
 g,That was a depressing story.,"ğŸ‘‡ğŸ¿, ğŸ™ğŸ¼, ğŸ˜­, ğŸ˜ğŸ‘, ğŸ‘ğŸ½ğŸ‘ğŸ½ğŸ‘ğŸ½ğŸ‘ğŸ½"
--,That was a depressing story.,"â¤ï¸, ğŸ‘½, ğŸ’°, ğŸ˜…, ğŸ‘‡ğŸ¿"
sg,I'm feeling optimistic.,"ğŸ™ŒğŸ½, ğŸ˜‚, ğŸ™ŒğŸ¼ğŸ™ŒğŸ¼ğŸ™ŒğŸ¼, ğŸ‘‰ğŸ‘ˆ, ğŸ¥²"
s ,I'm feeling optimistic.,"ğŸ™Œ, ğŸ™ŒğŸ½, ğŸ˜™, ğŸ”´, ğŸ¤ğŸ¾"
 g,I'm feeling optimistic.,"ğŸ¤ğŸ½, ğŸ™ŒğŸ½, ğŸ¤, ğŸ˜­ğŸ¤ğŸ¾, ğŸ™ŒğŸ¾"
--,I'm feeling optimistic.,"ğŸ™ŒğŸ½, ğŸ™Œ, ğŸ€, ğŸ¤ğŸ», ğŸ™ğŸ¼"
sg,I feel so empowered.,"ğŸ¤ğŸ™, ğŸ¥², ğŸ™ŒğŸ¼ğŸ™ŒğŸ¼ğŸ™ŒğŸ¼, ğŸ™ğŸ’™ğŸ‡ºğŸ‡¸, ğŸ‘â¤ï¸"
s ,I feel so empowered.,"ğŸ˜™, ğŸ’¥, ğŸ‘, ğŸ‘‰ğŸ¼, ğŸ¤ğŸ¼"
 g,I feel so empowered.,"ğŸ˜, âœŠğŸ¾, ğŸ¤ğŸ½, â¤ï¸ğŸ™, ğŸµï¸ğŸŒ»ğŸŒ¼âœŒï¸"
--,I feel so empowered.,"ğŸ’¥, ğŸ’ªğŸ½, ğŸ’–, ğŸ‘, ğŸµï¸"
sg,I'm feeling ashamed.,"ğŸ˜‚, ğŸ™ŒğŸ¼ğŸ™ŒğŸ¼ğŸ™ŒğŸ¼, ğŸ‘‰ğŸ‘ˆ, ğŸ¥², ğŸ¤ğŸ½ğŸ’"
s ,I'm feeling ashamed.,"ğŸ˜™, ğŸ”´, ğŸ¤ğŸ¾, ğŸ¤·ğŸ½â€â™€ï¸, ğŸ†—"
 g,I'm feeling ashamed.,"ğŸ™ŒğŸ¾, ğŸ¤ğŸ½, ğŸ˜­ğŸ¤ğŸ¾, ğŸ‘ˆ, ğŸ‘ğŸ’›"
--,I'm feeling ashamed.,"ğŸ’™, ğŸ™ˆ, ğŸ‘, ğŸ™ŒğŸ¾, ğŸ‘ğŸ»"
sg,I'm feeling energized.,"ğŸ˜‚, ğŸ™ŒğŸ¼ğŸ™ŒğŸ¼ğŸ™ŒğŸ¼, ğŸ‘‰ğŸ‘ˆ, ğŸ¥², ğŸ¤ğŸ½ğŸ’"
s ,I'm feeling energized.,"ğŸ˜™, ğŸ”´, ğŸ¤ğŸ¾, ğŸ¤·ğŸ½â€â™€ï¸, ğŸ†—"
 g,I'm feeling energized.,"ğŸ¤ğŸ½, ğŸ˜­ğŸ¤ğŸ¾, ğŸ‘ˆ, ğŸ‘ğŸ’›, ğŸ’¯ğŸ™ğŸ½ğŸ’™"
--,I'm feeling energized.,"ğŸ™ŒğŸ¿, ğŸ‘, âœŠğŸ½, ğŸ¤Œ, ğŸ¤ğŸ½"
sg,I'm feeling apprehensive.,"ğŸ˜‚, ğŸ™ŒğŸ¼ğŸ™ŒğŸ¼ğŸ™ŒğŸ¼, ğŸ‘‰ğŸ‘ˆ, ğŸ¥², ğŸ¤ğŸ½ğŸ’"
s ,I'm feeling apprehensive.,"ğŸ˜™, ğŸ”´, ğŸ¤ğŸ¾, ğŸ¤·ğŸ½â€â™€ï¸, ğŸ†—"
 g,I'm feeling apprehensive.,"ğŸ¤ğŸ½, ğŸ˜­ğŸ¤ğŸ¾, ğŸ‘ˆ, ğŸ‘ğŸ’›, ğŸ’¯ğŸ™ğŸ½ğŸ’™"
--,I'm feeling apprehensive.,"ğŸ‘ğŸ», ğŸ‘, ğŸ¤Œ, ğŸ¤ğŸ½, ğŸ¥²"
sg,I'm feeling delighted.,"ğŸ˜ŠğŸ™Œ, ğŸ˜, ğŸ˜‚, ğŸ™ğŸ½ğŸ™ğŸ½ğŸ™ğŸ½, ğŸ™ŒğŸ¼ğŸ™ŒğŸ¼ğŸ™ŒğŸ¼"
s ,I'm feeling delighted.,"ğŸ˜‰, ğŸ™ğŸ¾, ğŸ‘ğŸ», ğŸ˜™, ğŸ”´"
 g,I'm feeling delighted.,"ğŸ™ŒğŸ¾, ğŸ¤ğŸ½, ğŸ˜‚ğŸ˜‚ğŸ˜‚, ğŸ™ğŸ¾, ğŸ‘ğŸ‘ğŸ‘"
--,I'm feeling delighted.,"ğŸ’¯, ğŸ––, ğŸ™Œ, ğŸ˜€, ğŸ‘"
sg,I'm feeling guilty.,"ğŸ˜‚, ğŸ‘‰ğŸ‘ˆ, ğŸ˜‚ğŸ™ŒğŸ½, ğŸ™ŒğŸ¼ğŸ™ŒğŸ¼ğŸ™ŒğŸ¼, ğŸ¥²"
s ,I'm feeling guilty.,"ğŸ¤¡, ğŸ‘†ğŸ½, ğŸ˜™, ğŸ”´, ğŸ¤ğŸ¾"
 g,I'm feeling guilty.,"ğŸ¤ğŸ½, ğŸ˜‚, ğŸ‘‰ğŸ‘ˆ, âœ‹ğŸ¼, ğŸ˜­ğŸ¤ğŸ¾"
--,I'm feeling guilty.,"ğŸ‘†ğŸ¼, ğŸ™ŒğŸ½, âœ‹ğŸ¼, ğŸ˜, ğŸ‘‹"
sg,That was a challenging puzzle.,"ğŸŒŸ, â­, ğŸ˜‚ğŸ¤ğŸ», ğŸ˜¤ğŸ’ªğŸ¾, ğŸ™ŒğŸ¾ğŸ™ŒğŸ¾ğŸ™ŒğŸ¾"
s ,That was a challenging puzzle.,"ğŸ¤™, ğŸ¤ğŸ¾, ğŸ‘ğŸ», ğŸ¤“, ğŸ‘‰ğŸ¾"
 g,That was a challenging puzzle.,"ğŸ‘†, ğŸ‘ğŸ», ğŸ¤™, ğŸ™ğŸ¾, ğŸ’ªğŸ¾ğŸ™ğŸ¾"
--,That was a challenging puzzle.,"ğŸ‘ğŸ», ğŸ™ŒğŸ¼, ğŸ™ğŸ¾, ğŸ’—, ğŸ™ŒğŸ¿"
sg,I'm feeling so refreshed.,"ğŸ‘ğŸ¼, ğŸ™ğŸ˜Œ, ğŸ¤ŒğŸ½, ğŸ¥², ğŸ™ŒğŸ¼ğŸ™ŒğŸ¼ğŸ™ŒğŸ¼"
s ,I'm feeling so refreshed.,"ğŸ’¥, ğŸ‘‰ğŸ¼, ğŸ‘ğŸ¾, ğŸ˜, ğŸ¤™"
 g,I'm feeling so refreshed.,"ğŸ¤ğŸ½, ğŸ‘ğŸ¼, ğŸ‘ŒğŸ¼, ğŸ™Œ, ğŸ™ğŸ˜Œ"
--,I'm feeling so refreshed.,"ğŸ’¥, â­, ğŸ‘ŒğŸ¼, ğŸ‘, ğŸ˜€"
sg,I'm feeling overwhelmed.,"ğŸ˜‚, ğŸ™ŒğŸ¼ğŸ™ŒğŸ¼ğŸ™ŒğŸ¼, ğŸ‘‰ğŸ‘ˆ, ğŸ¥², ğŸ¤ğŸ½ğŸ’"
s ,I'm feeling overwhelmed.,"ğŸ’›, ğŸ‘, ğŸ˜™, ğŸ”´, âœ¡ï¸"
 g,I'm feeling overwhelmed.,"ğŸ¤ğŸ½, ğŸ‘, âœ‹ğŸ¼, â¤ï¸, ğŸ˜­ğŸ¤ğŸ¾"
--,I'm feeling overwhelmed.,"ğŸ‘, âœ‹ğŸ¼, ğŸ’›, ğŸ‘, ğŸ‘‘"
sg,I'm feeling serene.,"ğŸ™ğŸ¼, ğŸ˜‚, ğŸ™ŒğŸ¼ğŸ™ŒğŸ¼ğŸ™ŒğŸ¼, ğŸ‘‰ğŸ‘ˆ, ğŸ¤ğŸ¾"
s ,I'm feeling serene.,"ğŸ’ªğŸ¾, ğŸ’¯, ğŸ˜™, ğŸ”´, ğŸ¤ğŸ¾"
 g,I'm feeling serene.,"ğŸ¤ğŸ½, ğŸ™ğŸ½, ğŸ™ğŸ¼, ğŸ˜­ğŸ¤ğŸ¾, ğŸ‘ˆ"
--,I'm feeling serene.,"ğŸ¤, ğŸ’¯, ğŸ™ŒğŸ½, ğŸ’™, ğŸ™ğŸ¼"
sg,I'm feeling vulnerable.,"ğŸ‘‰ğŸ‘ˆ, ğŸ˜‚, ğŸ‘ğŸ½, ğŸ™ŒğŸ¼ğŸ™ŒğŸ¼ğŸ™ŒğŸ¼, ğŸ¥²"
s ,I'm feeling vulnerable.,"âš–ï¸, ğŸ˜™, ğŸ”´, ğŸ¤ğŸ¾, ğŸ¤·ğŸ½â€â™€ï¸"
 g,I'm feeling vulnerable.,"ğŸ¤ğŸ½, ğŸ™ğŸ½, ğŸ‘‰, ğŸ˜­ğŸ¤ğŸ¾, ğŸ‘ˆ"
--,I'm feeling vulnerable.,"ğŸ‘ğŸ½, ğŸ‘ğŸ», ğŸ‘, ğŸ‡ºğŸ‡¸, ğŸ™ŒğŸ½"
sg,That was a fascinating lecture.,"ğŸ˜‚ğŸ¤ğŸ», ğŸ˜¤ğŸ’ªğŸ¾, ğŸ™ŒğŸ¾ğŸ™ŒğŸ¾ğŸ™ŒğŸ¾, ğŸ˜ŒğŸ‘Œ, ğŸ˜…"
s ,That was a fascinating lecture.,"ğŸ‘ğŸ¼, ğŸ¤ğŸ¾, âœ¨, ğŸ¤™, ğŸ˜²"
 g,That was a fascinating lecture.,"ğŸ’¯, ğŸ‘ğŸ¼, ğŸ‘, ğŸ˜…, ğŸ‘ğŸ¼"
--,That was a fascinating lecture.,"ğŸ–•ğŸ», ğŸ‘ğŸ¼, ğŸ‘ğŸ¼, ğŸ˜…, âš¡"
sg,I'm feeling proud.,"ğŸ˜‚, ğŸ‘ŒğŸ¿, ğŸ¥², ğŸ™ğŸ»â¤ï¸, ğŸ‘‡ğŸ»"
s ,I'm feeling proud.,"ğŸ¤˜ğŸ½, ğŸ’›, â¤ï¸, ğŸ¥², ğŸ‘ˆğŸ¼"
 g,I'm feeling proud.,"ğŸ‘ğŸ’›, ğŸ¤™ğŸ½, ğŸ™ŒğŸ»ğŸ™ŒğŸ», ğŸ¤ğŸ¾ğŸ’¯, ğŸ™ŒğŸ¾"
--,I'm feeling proud.,"ğŸ¤Œ, ğŸ¥², ğŸ˜ª, âœŠğŸ», ğŸ’¯"
sg,I'm feeling humiliated.,"ğŸ‘ğŸ¼, ğŸ˜‚, ğŸ™ŒğŸ¼ğŸ™ŒğŸ¼ğŸ™ŒğŸ¼, ğŸ‘‰ğŸ‘ˆ, ğŸ¥²"
s ,I'm feeling humiliated.,"ğŸ˜™, ğŸ”´, ğŸ¤ğŸ¾, ğŸ¤·ğŸ½â€â™€ï¸, ğŸ†—"
 g,I'm feeling humiliated.,"ğŸ¤ğŸ½, ğŸ‘ğŸ¼, ğŸ˜­ğŸ¤ğŸ¾, ğŸ‘ˆ, ğŸ‘ğŸ’›"
--,I'm feeling humiliated.,"ğŸ‘, ğŸ‘ğŸ¼, ğŸ¤Œ, ğŸ¤ğŸ½, ğŸ™"
sg,I'm feeling so exhilarated.,"ğŸ™ŒğŸ¼ğŸ™ŒğŸ¼ğŸ™ŒğŸ¼, ğŸ¥², ğŸ¤ğŸ™, ğŸ˜‚, ğŸ˜¢"
s ,I'm feeling so exhilarated.,"ğŸ‘‰ğŸ¼, ğŸ¤˜ğŸ½, ğŸ¤², ğŸ, ğŸ˜™"
 g,I'm feeling so exhilarated.,"ğŸ¤ğŸ½, ğŸ¤˜ğŸ½, ğŸ‘ğŸ¼ğŸ‘ğŸ¼ğŸ‘ğŸ¼, ğŸ˜­ğŸ¤ğŸ¾, ğŸ‘ˆ"
--,I'm feeling so exhilarated.,"ğŸ¤˜ğŸ½, ğŸ‘, ğŸ¤Œ, ğŸ˜š, ğŸ¤ğŸ½"
sg,I'm feeling regretful.,"ğŸ˜‚, ğŸ˜„ğŸ‘, ğŸ¤˜ğŸ¼, ğŸ™ŒğŸ¼ğŸ™ŒğŸ¼ğŸ™ŒğŸ¼, ğŸ‘‰ğŸ‘ˆ"
s ,I'm feeling regretful.,"âœŠ, âœŒğŸ», ğŸ˜™, ğŸ”´, ğŸ¤ğŸ¾"
 g,I'm feeling regretful.,"ğŸ˜‚, ğŸ™ŒğŸ»ğŸ™ŒğŸ», ğŸ¤ğŸ½, ğŸ¤ğŸ½, ğŸ‘ğŸ¾â¤ï¸"
--,I'm feeling regretful.,"ğŸ‘ŒğŸ¼, ğŸ˜œ, ğŸ¤˜, âœŠ, â˜®ï¸"
sg,I'm feeling contented.,"ğŸ˜‚, ğŸ¤˜ğŸ¼, â˜ºï¸ğŸ™ğŸ½, ğŸ’ªğŸ¾, ğŸ¤˜ğŸ¾"
s ,I'm feeling contented.,"ğŸ‘ˆğŸ¼, ğŸ¤™, ğŸ¤ğŸ¿, ğŸ, ğŸ·"
 g,I'm feeling contented.,"ğŸ˜‚, ğŸ™ŒğŸ¾, ğŸ¤˜ğŸ¾, â˜ºï¸ğŸ™ğŸ½, ğŸ¤ğŸ½"
--,I'm feeling contented.,"ğŸ‘, ğŸ™ŒğŸ½, ğŸ¤ğŸ¼, âœŠğŸ», ğŸ’™"
sg,I'm feeling restless.,"ğŸ˜‚, ğŸ™ŒğŸ¼ğŸ™ŒğŸ¼ğŸ™ŒğŸ¼, ğŸ‘‰ğŸ‘ˆ, ğŸ¥², ğŸ¤ğŸ½ğŸ’"
s ,I'm feeling restless.,"ğŸ˜™, ğŸ”´, ğŸ¤ğŸ¾, ğŸ¤·ğŸ½â€â™€ï¸, ğŸ†—"
 g,I'm feeling restless.,"ğŸ¤ğŸ½, ğŸ˜­ğŸ¤ğŸ¾, ğŸ‘ˆ, ğŸ‘ğŸ’›, ğŸ’¯ğŸ™ğŸ½ğŸ’™"
--,I'm feeling restless.,"ğŸ‘, ğŸ¤Œ, ğŸ¤ğŸ½, ğŸ¥², ğŸ’¥"
sg,That was an enchanting evening.,"ğŸ¤ŒğŸ½ğŸ˜®â€ğŸ’¨, ğŸ™ŒğŸ¾ğŸ™ŒğŸ¾ğŸ™ŒğŸ¾, ğŸ¤Œ, ğŸ¤ğŸ¼, ğŸ¦‰"
s ,That was an enchanting evening.,"ğŸ˜“, ğŸ¤™, âœ¨, ğŸ˜, ğŸ¤ŸğŸ¾"
 g,That was an enchanting evening.,"ğŸ™ğŸ™ğŸ™, ğŸ‘‰ğŸ»ğŸ‘ˆğŸ», ğŸ’•ğŸ¤ğŸ¾, â˜ï¸ğŸ˜€, ğŸ‘ğŸ¼ğŸ˜Š"
--,That was an enchanting evening.,"ğŸ‘‡ğŸ½, ğŸ˜˜, ğŸ™ğŸ», ğŸ§˜ğŸ½â€â™‚ï¸, ğŸ˜“"
sg,I'm feeling tranquil.,"ğŸ˜‚, ğŸ™ŒğŸ¼ğŸ™ŒğŸ¼ğŸ™ŒğŸ¼, ğŸ‘‰ğŸ‘ˆ, ğŸ¥², ğŸ¤ğŸ½ğŸ’"
s ,I'm feeling tranquil.,"ğŸ˜™, ğŸ”´, ğŸ¤ğŸ¾, ğŸ¤·ğŸ½â€â™€ï¸, ğŸ†—"
 g,I'm feeling tranquil.,"ğŸ¤ğŸ½, ğŸ˜­ğŸ¤ğŸ¾, ğŸ™ŒğŸ¾, ğŸ‘ˆ, ğŸ‘ğŸ’›"
--,I'm feeling tranquil.,"ğŸ¤ğŸ», ğŸ‘, ğŸ¤Œ, ğŸ¤ğŸ½, ğŸ¥²"
sg,I'm feeling tormented.,"ğŸ˜¢, ğŸ˜‚, ğŸ™ŒğŸ¼ğŸ™ŒğŸ¼ğŸ™ŒğŸ¼, ğŸ‘‰ğŸ‘ˆ, ğŸ¥²"
s ,I'm feeling tormented.,"ğŸ˜¢, ğŸ˜™, ğŸ”´, ğŸ¤ğŸ¾, ğŸ¤·ğŸ½â€â™€ï¸"
 g,I'm feeling tormented.,"ğŸ˜¢, ğŸ¤ğŸ½, ğŸ˜­ğŸ¤ğŸ¾, ğŸ‘ˆ, ğŸ‘ğŸ’›"
--,I'm feeling tormented.,"ğŸ˜¢, ğŸ‘, âœŠ, ğŸ¤Œ, ğŸ¤ğŸ½"
sg,I'm feeling triumphant.,"ğŸ˜‚, ğŸ™ŒğŸ¼ğŸ™ŒğŸ¼ğŸ™ŒğŸ¼, ğŸ‘‰ğŸ‘ˆ, ğŸ¥², ğŸ¤ğŸ½ğŸ’"
s ,I'm feeling triumphant.,"ğŸ˜™, ğŸ”´, ğŸ¤ğŸ¾, ğŸ¤·ğŸ½â€â™€ï¸, ğŸ†—"
 g,I'm feeling triumphant.,"ğŸ¤ğŸ½, ğŸ˜­ğŸ¤ğŸ¾, ğŸ‘ˆ, ğŸ‘ğŸ’›, ğŸ’¯ğŸ™ğŸ½ğŸ’™"
--,I'm feeling triumphant.,"ğŸ‘, ğŸ¤Œ, ğŸ¤ğŸ½, ğŸ¥², ğŸ’¥"
sg,I'm feeling desolate.,"ğŸ¤˜ğŸ¼, ğŸ˜‚, ğŸ™ŒğŸ¼ğŸ™ŒğŸ¼ğŸ™ŒğŸ¼, ğŸ‘‰ğŸ‘ˆ, ğŸ¥²"
s ,I'm feeling desolate.,"ğŸ˜–, ğŸ˜™, ğŸ”´, ğŸ¤ğŸ¾, ğŸ¤·ğŸ½â€â™€ï¸"
 g,I'm feeling desolate.,"ğŸ¤ğŸ½, ğŸ¤˜ğŸ¼, ğŸ˜­ğŸ¤ğŸ¾, ğŸ‘ˆ, ğŸ‘ğŸ’›"
--,I'm feeling desolate.,"ğŸ˜£, ğŸ˜–, ğŸ‘, ğŸ¤Œ, ğŸ¤˜ğŸ¼"
sg,I'm feeling blissful.,"ğŸ™ğŸ¼, ğŸ˜‚, ğŸ˜, ğŸ™ŒğŸ¼ğŸ™ŒğŸ¼ğŸ™ŒğŸ¼, ğŸ‘‰ğŸ‘ˆ"
s ,I'm feeling blissful.,"ğŸ™ŒğŸ¼, ğŸ¤, ğŸ‘ğŸ», ğŸ˜, ğŸ¤®"
 g,I'm feeling blissful.,"ğŸ¤ğŸ½, ğŸ™ğŸ½, â¤ï¸ğŸ™, ğŸ™ğŸ¼, ğŸ™Œ"
--,I'm feeling blissful.,"ğŸ¤, ğŸ’™, ğŸ¤®, ğŸ™ŒğŸ½, âš¡"
sg,I'm feeling distressed.,"ğŸ˜‚, ğŸ™ŒğŸ¼ğŸ™ŒğŸ¼ğŸ™ŒğŸ¼, ğŸ‘‰ğŸ‘ˆ, ğŸ¥², ğŸ¤ğŸ½ğŸ’"
s ,I'm feeling distressed.,"ğŸ˜“, ğŸ˜™, ğŸ”´, ğŸ¤ğŸ¾, ğŸ¤·ğŸ½â€â™€ï¸"
 g,I'm feeling distressed.,"ğŸ¤ğŸ½, ğŸ˜­ğŸ¤ğŸ¾, ğŸ‘ˆ, ğŸ‘ğŸ’›, ğŸ’¯ğŸ™ğŸ½ğŸ’™"
--,I'm feeling distressed.,"âœ‹ğŸ¼, ğŸ‘, ğŸ˜“, ğŸ¤Œ, ğŸ¤ğŸ½"
sg,I'm feeling jubilant.,"ğŸ˜‚, ğŸ™ŒğŸ¼ğŸ™ŒğŸ¼ğŸ™ŒğŸ¼, ğŸ‘‰ğŸ‘ˆ, ğŸ¥², ğŸ¤ğŸ½ğŸ’"
s ,I'm feeling jubilant.,"ğŸ˜™, ğŸ”´, ğŸ¤ğŸ¾, ğŸ¤·ğŸ½â€â™€ï¸, ğŸ†—"
 g,I'm feeling jubilant.,"ğŸ¤ğŸ½, ğŸ˜­ğŸ¤ğŸ¾, ğŸ‘ˆ, ğŸ‘ğŸ’›, ğŸ’¯ğŸ™ğŸ½ğŸ’™"
--,I'm feeling jubilant.,"ğŸ‘, ğŸ¤Œ, ğŸ¤ğŸ½, ğŸ¥², ğŸ’¥"
sg,I'm feeling woeful.,"ğŸ˜‚, ğŸ™ŒğŸ¼ğŸ™ŒğŸ¼ğŸ™ŒğŸ¼, ğŸ‘‰ğŸ‘ˆ, ğŸ¥², ğŸ¤ğŸ½ğŸ’"
s ,I'm feeling woeful.,"ğŸ˜™, ğŸ”´, ğŸ¤ğŸ¾, ğŸ¤·ğŸ½â€â™€ï¸, ğŸ†—"
 g,I'm feeling woeful.,"ğŸ¤ğŸ½, ğŸ˜­ğŸ¤ğŸ¾, ğŸ‘ˆ, ğŸ‘ğŸ’›, ğŸ’¯ğŸ™ğŸ½ğŸ’™"
--,I'm feeling woeful.,"ğŸ‘, ğŸ¤Œ, ğŸ¤ğŸ½, ğŸ¥², ğŸ‘ğŸ½"
sg,I'm feeling exuberant.,"ğŸ˜‚, ğŸ™ŒğŸ¼ğŸ™ŒğŸ¼ğŸ™ŒğŸ¼, ğŸ‘‰ğŸ‘ˆ, ğŸ¥², ğŸ¤ğŸ½ğŸ’"
s ,I'm feeling exuberant.,"ğŸ˜™, ğŸ”´, ğŸ¤ğŸ¾, ğŸ¤·ğŸ½â€â™€ï¸, ğŸ†—"
 g,I'm feeling exuberant.,"ğŸ¤ğŸ½, ğŸ˜­ğŸ¤ğŸ¾, ğŸ‘ˆ, ğŸ‘ğŸ’›, ğŸ’¯ğŸ™ğŸ½ğŸ’™"
--,I'm feeling exuberant.,"ğŸ‘, ğŸ¤Œ, ğŸ¤ğŸ½, ğŸ¥², ğŸ’¥"
sg,I'm feeling despondent.,"ğŸ˜‚, ğŸ™ŒğŸ¼ğŸ™ŒğŸ¼ğŸ™ŒğŸ¼, ğŸ‘‰ğŸ‘ˆ, ğŸ¥², ğŸ¤ğŸ½ğŸ’"
s ,I'm feeling despondent.,"ğŸ˜™, ğŸ”´, ğŸ¤ğŸ¾, ğŸ¤·ğŸ½â€â™€ï¸, ğŸ†—"
 g,I'm feeling despondent.,"ğŸ¤ğŸ½, ğŸ˜­ğŸ¤ğŸ¾, ğŸ‘ˆ, ğŸ‘ğŸ’›, ğŸ’¯ğŸ™ğŸ½ğŸ’™"
--,I'm feeling despondent.,"ğŸ‘, ğŸ¤Œ, ğŸ¤ğŸ½, ğŸ¥², ğŸ’¥"
sg,I'm feeling ecstatic.,"ğŸ˜‚, ğŸ™ŒğŸ¼ğŸ™ŒğŸ¼ğŸ™ŒğŸ¼, ğŸ‘‰ğŸ‘ˆ, ğŸ¥², ğŸ¤ğŸ½ğŸ’"
s ,I'm feeling ecstatic.,"ğŸ˜™, ğŸ”´, ğŸ¤ğŸ¾, ğŸ¤·ğŸ½â€â™€ï¸, ğŸ†—"
 g,I'm feeling ecstatic.,"ğŸ¤ğŸ½, ğŸ¤ğŸ½, ğŸ˜­ğŸ¤ğŸ¾, ğŸ‘ˆ, ğŸ‘ğŸ’›"
--,I'm feeling ecstatic.,"ğŸ‘, ğŸ™Œ, ğŸ’—, ğŸ™ŒğŸ½, ğŸ‘"
sg,I'm feeling inconsolable.,"ğŸ˜‚, ğŸ™ŒğŸ¼ğŸ™ŒğŸ¼ğŸ™ŒğŸ¼, ğŸ‘‰ğŸ‘ˆ, ğŸ¥², ğŸ¤ğŸ½ğŸ’"
s ,I'm feeling inconsolable.,"ğŸ˜™, ğŸ”´, ğŸ¤ğŸ¾, ğŸ¤·ğŸ½â€â™€ï¸, ğŸ†—"
 g,I'm feeling inconsolable.,"ğŸ¤ğŸ½, ğŸ˜­ğŸ¤ğŸ¾, ğŸ‘ˆ, ğŸ‘ğŸ’›, ğŸ’¯ğŸ™ğŸ½ğŸ’™"
--,I'm feeling inconsolable.,"ğŸ‘, ğŸ¤Œ, ğŸ¤ğŸ½, ğŸ¥², ğŸ’¥"
sg,I'm feeling rapturous.,"ğŸ‘ŒğŸ¾, ğŸ˜‚, ğŸ™ŒğŸ¼ğŸ™ŒğŸ¼ğŸ™ŒğŸ¼, ğŸ‘‰ğŸ‘ˆ, ğŸ¥²"
s ,I'm feeling rapturous.,"ğŸ‘ŒğŸ¾, ğŸ˜™, ğŸ”´, ğŸ¤ğŸ¾, ğŸ¤·ğŸ½â€â™€ï¸"
 g,I'm feeling rapturous.,"ğŸ¤ğŸ½, ğŸ‘ŒğŸ¾, ğŸ˜­ğŸ¤ğŸ¾, ğŸ‘ˆ, ğŸ‘ğŸ’›"
--,I'm feeling rapturous.,"ğŸ‘ŒğŸ¾, ğŸ‘, ğŸ¤Œ, ğŸ¤ğŸ½, ğŸ™"
sg,I'm feeling forlorn.,"ğŸ˜‚, ğŸ™ŒğŸ¼ğŸ™ŒğŸ¼ğŸ™ŒğŸ¼, ğŸ‘‰ğŸ‘ˆ, ğŸ¥², ğŸ¤ğŸ½ğŸ’"
s ,I'm feeling forlorn.,"ğŸ˜™, ğŸ”´, ğŸ¤ğŸ¾, ğŸ¤·ğŸ½â€â™€ï¸, ğŸ†—"
 g,I'm feeling forlorn.,"ğŸ¤ğŸ½, ğŸ˜­ğŸ¤ğŸ¾, ğŸ‘ˆ, ğŸ‘ğŸ’›, ğŸ’¯ğŸ™ğŸ½ğŸ’™"
--,I'm feeling forlorn.,"ğŸ‘, ğŸ¤Œ, ğŸ¤ğŸ½, ğŸ¥², ğŸ’¥"
sg,I'm feeling exhilarated.,"ğŸ˜‚, ğŸ™ŒğŸ¼ğŸ™ŒğŸ¼ğŸ™ŒğŸ¼, ğŸ‘‰ğŸ‘ˆ, ğŸ¥², ğŸ¤ğŸ½ğŸ’"
s ,I'm feeling exhilarated.,"ğŸ¤˜ğŸ½, ğŸ˜™, ğŸ”´, ğŸ¤ğŸ¾, ğŸ¤·ğŸ½â€â™€ï¸"
 g,I'm feeling exhilarated.,"ğŸ¤ğŸ½, ğŸ¤˜ğŸ½, ğŸ‘ğŸ¼ğŸ‘ğŸ¼ğŸ‘ğŸ¼, ğŸ˜­ğŸ¤ğŸ¾, ğŸ‘ˆ"
--,I'm feeling exhilarated.,"ğŸ¤˜ğŸ½, ğŸ‘, ğŸ¤Œ, ğŸ˜š, ğŸ¤ğŸ½"
sg,I'm feeling downhearted.,"ğŸ˜‚, ğŸ™ŒğŸ¼ğŸ™ŒğŸ¼ğŸ™ŒğŸ¼, ğŸ‘‰ğŸ‘ˆ, ğŸ¥², ğŸ¤ğŸ½ğŸ’"
s ,I'm feeling downhearted.,"ğŸ˜™, ğŸ”´, ğŸ¤ğŸ¾, ğŸ¤·ğŸ½â€â™€ï¸, ğŸ†—"
 g,I'm feeling downhearted.,"ğŸ¤ğŸ½, ğŸ˜­ğŸ¤ğŸ¾, ğŸ‘ˆ, ğŸ‘ğŸ’›, ğŸ’¯ğŸ™ğŸ½ğŸ’™"
--,I'm feeling downhearted.,"ğŸ‘, ğŸ¤Œ, ğŸ¤ğŸ½, ğŸ¥², ğŸ’¥"
sg,Just had the best coffee at @CafeLuv â˜•ï¸ #CoffeeLover,"ğŸ˜©ğŸ‘Œ, ğŸ‘ğŸ½, ğŸ˜˜ğŸ‘Œ, ğŸ‘ˆ, ğŸ‘ŒğŸ»"
s ,Just had the best coffee at @CafeLuv â˜•ï¸ #CoffeeLover,"ğŸ‘Œ, ğŸ¤¦ğŸ½â€â™€ï¸, ğŸ§, ğŸ‘‰ğŸ¼, ğŸ˜Š"
 g,Just had the best coffee at @CafeLuv â˜•ï¸ #CoffeeLover,"ğŸ˜©ğŸ‘Œ, ğŸ¤Ÿ, ğŸ‘ŠğŸ¼, ğŸ™ğŸ™ğŸ™, ğŸ˜"
--,Just had the best coffee at @CafeLuv â˜•ï¸ #CoffeeLover,"ğŸ’, ğŸ‘ŠğŸ¼, ğŸ¥°, ğŸ¤, ğŸ¤¦ğŸ½â€â™€ï¸"
sg,Getting ready for a Friday night out with the girls! ğŸ’ƒ #FridayFeeling,"ğŸ¥², ğŸ¤, ğŸ‘ğŸ», ğŸ‘ğŸ¾, ğŸ’ªğŸ»"
s ,Getting ready for a Friday night out with the girls! ğŸ’ƒ #FridayFeeling,"ğŸ’ªğŸ¼, ğŸ‘ğŸ¾, â¤ï¸, ğŸ˜‹, "
 g,Getting ready for a Friday night out with the girls! ğŸ’ƒ #FridayFeeling,"ğŸ™ŒğŸ»ğŸ™ŒğŸ»ğŸ™ŒğŸ», ğŸ‘ğŸ‘, ğŸ¥², ğŸ™ŒğŸ™Œ, ğŸ‘ğŸ¾ğŸ‘ğŸ¾"
--,Getting ready for a Friday night out with the girls! ğŸ’ƒ #FridayFeeling,"ğŸ˜­, ğŸ™Œ, â¤ï¸, ğŸ‘ğŸ¾, ğŸ»"
sg,Who else is excited for the new Avengers movie? ğŸ¿ #MarvelFan,"ğŸ˜, âœ¨, âœ‹ğŸ¼, â¤ï¸, ğŸ™ŒğŸ»"
s ,Who else is excited for the new Avengers movie? ğŸ¿ #MarvelFan,"ğŸ, ğŸ¤§, âœ…, ğŸ‡²ğŸ‡½, ğŸ‘‰ğŸ»"
 g,Who else is excited for the new Avengers movie? ğŸ¿ #MarvelFan,"ğŸ™ğŸ½âœ¨, ğŸ¤™ğŸ¼, ğŸ¤™ğŸ½, ğŸ–•ğŸ½, ğŸ‘ŠğŸ¼"
--,Who else is excited for the new Avengers movie? ğŸ¿ #MarvelFan,"ğŸ‘‰, ğŸ¤§, ğŸ˜©, ğŸ¤, âœŒï¸"
sg,Can't believe how beautiful the sunset was today. ğŸŒ… #NaturePhotography,"ğŸ¤™ğŸ», ğŸ’–, ğŸ‘‹, ğŸ‘ğŸ¼, ğŸ™ğŸ»"
s ,Can't believe how beautiful the sunset was today. ğŸŒ… #NaturePhotography,"ğŸ¤§, ğŸ‘‰ğŸ¼, ğŸ¤™ğŸ», ğŸ’ªğŸ¼, ğŸŒ‡"
 g,Can't believe how beautiful the sunset was today. ğŸŒ… #NaturePhotography,"ğŸ‘‡ğŸ‘‡ğŸ‘‡, ğŸ‘ğŸ‘ğŸ‘, ğŸ‘ğŸ¼, ğŸ™ŒğŸ», â£ï¸"
--,Can't believe how beautiful the sunset was today. ğŸŒ… #NaturePhotography,"ğŸ˜, ğŸ–¤, ğŸ¤§, ğŸ™ğŸ», ğŸ˜­"
sg,Dinner at my favorite sushi place ğŸ£ #Foodie,"ğŸ‘Œ, ğŸ˜­, ğŸ™ŒğŸ™ŒğŸ™Œ, ğŸ™ŒğŸ¾, ğŸ‘ğŸ½"
s ,Dinner at my favorite sushi place ğŸ£ #Foodie,"ğŸ™ŒğŸ½, ğŸ¤ğŸ½, ğŸ’”, ğŸ¤, ğŸ‘‰ğŸ½"
 g,Dinner at my favorite sushi place ğŸ£ #Foodie,"ğŸ‘Œ, ğŸ¤™ğŸ», ğŸ˜­, ğŸ˜‚, ğŸ¤ŒğŸ»"
--,Dinner at my favorite sushi place ğŸ£ #Foodie,"ğŸ–¤, ğŸ™ŒğŸ½, ğŸ’”, ğŸ‘‰ğŸ½, ğŸ‘ˆğŸ½"
sg,Throwback to my trip to Paris last summer ğŸ—¼ #TravelDiaries,"ğŸ¡, ğŸ¤™ğŸ»ğŸ„ğŸ», ğŸ‘ğŸ¼, ğŸ’¯â€¼ï¸, ğŸ†ğŸ’ªğŸ¿"
s ,Throwback to my trip to Paris last summer ğŸ—¼ #TravelDiaries,"ğŸ¤ŸğŸ¼, ğŸ™ŒğŸ¼, ğŸ”, ğŸ„ğŸ», ğŸ¦©"
 g,Throwback to my trip to Paris last summer ğŸ—¼ #TravelDiaries,"âœŒï¸, ğŸ¤ğŸ½, ğŸ¤ŸğŸ¼, ğŸ˜‚, ğŸ˜"
--,Throwback to my trip to Paris last summer ğŸ—¼ #TravelDiaries,"ğŸ¤ŸğŸ¼, ğŸ™ŒğŸ¼, ğŸ˜©, , ğŸ’ªğŸ½"
sg,Feeling so blessed to have such amazing people in my life ğŸ¥° #Blessed,"ğŸ”¥, ğŸ˜‚ğŸ™ŒğŸ¼, ğŸ”¥ğŸ”¥ğŸ”¥, ğŸ˜, ğŸ˜­"
s ,Feeling so blessed to have such amazing people in my life ğŸ¥° #Blessed,"ğŸµ, â€¼ï¸, ğŸ¤˜ğŸ¾, ğŸ‘‰ğŸ¼, ğŸ’¯"
 g,Feeling so blessed to have such amazing people in my life ğŸ¥° #Blessed,"ğŸ™ğŸ»ğŸ™ğŸ»ğŸ™ğŸ», ğŸ™ğŸ½, ğŸ˜‚ğŸ™ŒğŸ¼, ğŸ™ŒğŸ¾, ğŸ™ŒğŸ¿"
--,Feeling so blessed to have such amazing people in my life ğŸ¥° #Blessed,"ğŸ˜, ğŸ¤, ğŸ¤˜ğŸ¾, ğŸ˜Œ, ğŸ™ŒğŸ½"
sg,Workout done for the day! ğŸ’ª #FitnessGoals,"ğŸ‘, ğŸ‘ğŸ½, ğŸ‘ğŸ¼ğŸ™ŒğŸ¼, ğŸ˜Š, ğŸ‘ğŸ½ğŸ‘ğŸ½"
s ,Workout done for the day! ğŸ’ª #FitnessGoals,"ğŸ™ŒğŸ¾, ğŸŒŠ, ğŸ‘ğŸ½, âœ‹ğŸ¿, ğŸ¦¾"
 g,Workout done for the day! ğŸ’ª #FitnessGoals,"ğŸ‘ğŸ½, ğŸ˜Š, ğŸ’ª, ğŸ‘‡ğŸ», ğŸ‘‰ğŸ¼ğŸ‘ˆğŸ¼"
--,Workout done for the day! ğŸ’ª #FitnessGoals,"ğŸ‘ğŸ½, ğŸŒŠ, ğŸ˜Œ, ğŸ‘ğŸ½, ğŸ™ŒğŸ»"
sg,I could spend all day reading at this quiet little bookstore ğŸ“š #BookWorm,"ğŸ‘, ğŸ™ğŸ¼ğŸ™ğŸ¼, ğŸ‘†ğŸ», ğŸ‘‡ğŸ», ğŸ‘†"
s ,I could spend all day reading at this quiet little bookstore ğŸ“š #BookWorm,"ğŸ‘‡ğŸ¼, ğŸ‘‰, ğŸ‘‰ğŸ», ğŸ¤ğŸ¼, ğŸ˜€"
 g,I could spend all day reading at this quiet little bookstore ğŸ“š #BookWorm,"ğŸ¤”, ğŸ‘‰ğŸ¼ğŸ‘ˆğŸ¼, ğŸ˜‚, ğŸ’”, ğŸ‘‡ğŸ»"
--,I could spend all day reading at this quiet little bookstore ğŸ“š #BookWorm,"ğŸ˜˜, ğŸ‘‰, ğŸ‘ˆğŸ¼, ğŸ‘‡ğŸ¾, ğŸ‘‡ğŸ¼"
sg,Had an awesome time at the concert last night! ğŸ¤ #LiveMusic,"â™¥ï¸, ğŸ™ğŸ¾â¤ï¸, ğŸ¤, ğŸ‘ğŸ™‚, ğŸ‘ŒğŸ½"
s ,Had an awesome time at the concert last night! ğŸ¤ #LiveMusic,"ğŸ¤˜, ğŸŒŸ, ğŸ¤™ğŸ», ğŸ‘ğŸ», ğŸ‘‰ğŸ¼"
 g,Had an awesome time at the concert last night! ğŸ¤ #LiveMusic,"ğŸ‘ŒğŸ½, ğŸ‘, ğŸ‘ğŸ½ğŸ‘ğŸ½ğŸ‘ğŸ½, ğŸ‘ğŸ»ğŸ˜‚, ğŸ‘ŠğŸ»"
--,Had an awesome time at the concert last night! ğŸ¤ #LiveMusic,", âœ‹, ğŸ˜³, ğŸ˜­, ğŸ‘ğŸ¾"
sg,I can assist you with booking a flight âœˆï¸ #ChatBot,"ğŸš¬, âœ…, ğŸ™ğŸ¼, ğŸ™, ğŸ‘Œ"
s ,I can assist you with booking a flight âœˆï¸ #ChatBot,"ğŸ‘ŒğŸ½, âœ…, ğŸ‘ğŸ¾, ğŸ‡¸ğŸ‡¦, ğŸ™ŒğŸ¾"
 g,I can assist you with booking a flight âœˆï¸ #ChatBot,"ğŸ‘Š, â¤ï¸, ğŸ˜, âœ…, ğŸ‘ŒğŸ½"
--,I can assist you with booking a flight âœˆï¸ #ChatBot,"ğŸ‘ŒğŸ½, ğŸ˜, ğŸ™ŒğŸ¾, âœ…, ğŸ™ŒğŸ½"
sg,What can I help you find today? ğŸ” #CustomerService,"â˜ºï¸, ğŸ˜ŒğŸ¤, ğŸ¥²âœ‹ğŸ¼, ğŸ‘‰ğŸ»ğŸ‘ˆğŸ», ğŸ˜”âœŒï¸"
s ,What can I help you find today? ğŸ” #CustomerService,"ğŸ¤ŸğŸ», ğŸ™ƒ, ğŸ™‚, ğŸ¯, ğŸ’"
 g,What can I help you find today? ğŸ” #CustomerService,"ğŸ¥°, ğŸ™ğŸ¾, â¤ï¸, ğŸ¤, ğŸ™ŒğŸ™Œ"
--,What can I help you find today? ğŸ” #CustomerService,"ğŸ¤˜ğŸ¾, ğŸ‘‡ğŸ½, ğŸ¥³, â˜®ï¸, ğŸ‘ğŸ»"
sg,Processing your request now... â³ #AI,"âœ¨, ğŸ¥°, ğŸ¥ºğŸ™ğŸ», ğŸ˜ŒğŸ™, ğŸ™ğŸ½"
s ,Processing your request now... â³ #AI,"ğŸ’ªğŸ¾, ğŸ’“, ğŸ’•, ğŸ’ªğŸ½, ğŸ’¦"
 g,Processing your request now... â³ #AI,"ğŸ™ğŸ™ğŸ™, ğŸ™ğŸ¾, ğŸ‘‡, âœ¨, ğŸ‘‡ğŸ‘‡ğŸ‘‡"
--,Processing your request now... â³ #AI,"ğŸ’™, ğŸ‘‡, âœ¨, ğŸ’ªğŸ½, ğŸ‘ŠğŸ½"
sg,Your order has been placed! ğŸ›ï¸ #ShoppingBot,"ğŸ‘ğŸ», ğŸ™ŒğŸ™ŒğŸ™Œ, ğŸ‘ğŸ», ğŸ˜­, ğŸ‘‡ğŸ‘‡"
s ,Your order has been placed! ğŸ›ï¸ #ShoppingBot,"ğŸ™ŒğŸ¿, ğŸ¤·ğŸ»â€â™€ï¸, ğŸ¤²ğŸ¾, ğŸ™ŒğŸ½, ğŸ‘‰ğŸ¼"
 g,Your order has been placed! ğŸ›ï¸ #ShoppingBot,"ğŸ‘ğŸ», ğŸ’ªğŸ¼ğŸ’ªğŸ¼, ğŸ™ŒğŸ», ğŸ‘, ğŸ’ªğŸ¿"
--,Your order has been placed! ğŸ›ï¸ #ShoppingBot,"ğŸ™ŒğŸ½, â˜ºï¸, âœ‹, ğŸ––, ğŸ†"
sg,The weather in New York today is sunny with a high of 75 degrees ğŸŒ #WeatherBot,"ğŸ¤, ğŸ‘ŒğŸ», ğŸŒ, ğŸ™ŒğŸ», ğŸ‘‹ğŸ¼"
s ,The weather in New York today is sunny with a high of 75 degrees ğŸŒ #WeatherBot,"â˜ºï¸, ğŸ’ªğŸ¼, ğŸ˜, âœ‹ğŸ½, ğŸ’€"
 g,The weather in New York today is sunny with a high of 75 degrees ğŸŒ #WeatherBot,"ğŸ¤, ğŸ™, ğŸ¤ŒğŸ¼, âœŒï¸, ğŸ™ŒğŸ½"
--,The weather in New York today is sunny with a high of 75 degrees ğŸŒ #WeatherBot,"ğŸ˜, â˜ºï¸, â˜€ï¸, ğŸ™, ğŸ‘ğŸ¼"
sg,Directing you to a customer service representative now ğŸ“ #HelpBot,"ğŸ™ŒğŸ¼, ğŸ™ğŸ¾ğŸ™ğŸ¾, ğŸ¤, ğŸ’ªğŸ½, ğŸ™ğŸ½"
s ,Directing you to a customer service representative now ğŸ“ #HelpBot,"ğŸ’ªğŸ½, ğŸ‘ğŸ¾, ğŸ™ğŸ¿, âœŠğŸ¿, ğŸ‡ºğŸ‡¸"
 g,Directing you to a customer service representative now ğŸ“ #HelpBot,"ğŸ™ŒğŸ½, ğŸ™ŒğŸ¼, ğŸ™ğŸ™, ğŸ’ªğŸ½, ğŸ‘Œ"
--,Directing you to a customer service representative now ğŸ“ #HelpBot,"ğŸ’ªğŸ½, ğŸ‡ºğŸ‡¸, , ğŸ™ğŸ½, ğŸ™ŒğŸ½"
sg,That information is not currently available. Can I assist with anything else? â“ #InfoBot,"ğŸ‘ğŸ», ğŸ‘ğŸ», â˜ï¸, ğŸ™ğŸ», ğŸ˜"
s ,That information is not currently available. Can I assist with anything else? â“ #InfoBot,"ğŸ˜‰, ğŸ˜, ğŸ‘, ğŸ‘½, ğŸ‘ŒğŸ¼"
 g,That information is not currently available. Can I assist with anything else? â“ #InfoBot,"ğŸ‘ğŸ», ğŸ‘ğŸ», ğŸ‘ğŸ¼, ğŸ™ğŸ™ğŸ™, ğŸ™ğŸ½"
--,That information is not currently available. Can I assist with anything else? â“ #InfoBot,"ğŸ˜‰, ğŸ˜˜, ğŸ˜Š, ğŸ‘Œ, ğŸ™ŒğŸ¼"
sg,You have 3 new notifications ğŸ“¬ #ReminderBot,"ğŸ¤ğŸ», ğŸ™ŒğŸ™Œ, ğŸ˜­âœ‹ğŸ», âœ…, â­"
s ,You have 3 new notifications ğŸ“¬ #ReminderBot,"ğŸ‘ˆ, ğŸ’¥, âœ…, ğŸª, ğŸ˜‚"
 g,You have 3 new notifications ğŸ“¬ #ReminderBot,"âœ…, ğŸ™ŒğŸ¼ğŸ™ŒğŸ¼ğŸ™ŒğŸ¼, ğŸ–•ğŸ½, ğŸ˜­âœ‹ğŸ», ğŸ™"
--,You have 3 new notifications ğŸ“¬ #ReminderBot,"ğŸ’¥, ğŸŒ¿, ğŸ™ğŸ¿, ğŸ‘€, ğŸ¤šğŸ½"
sg,You successfully completed your daily step goal! ğŸƒâ€â™€ï¸ #HealthBot,"ğŸ™ŒğŸ¼, ğŸ‘Š, ğŸ‘ğŸ», ğŸ‘ğŸ¾, ğŸ’ªğŸ¼"
s ,You successfully completed your daily step goal! ğŸƒâ€â™€ï¸ #HealthBot,"ğŸ™Œ, ğŸ‘ğŸ», ğŸ’ªğŸ¾, ğŸ™ŒğŸ¼, ğŸ“ˆ"
 g,You successfully completed your daily step goal! ğŸƒâ€â™€ï¸ #HealthBot,"ğŸ™ŒğŸ¼, ğŸ™ŒğŸ¾, ğŸ‘Š, ğŸ’ªğŸ¼, ğŸ™ğŸ½ğŸ™ğŸ½ğŸ™ğŸ½"
--,You successfully completed your daily step goal! ğŸƒâ€â™€ï¸ #HealthBot,"ğŸ™Œ, ğŸ’›, ğŸ–¤, ğŸ‘ğŸ¾, ğŸ¤¡"
sg,Your package has been shipped and is on its way ğŸ“¦ #DeliveryUpdate,"ğŸ™Œ, ğŸ‘, ğŸ–•ğŸ¾, âœ¨, ğŸ˜‰"
s ,Your package has been shipped and is on its way ğŸ“¦ #DeliveryUpdate,"ğŸ‡ºğŸ‡¸, ğŸ‘Œ, ğŸ™ŒğŸ¿, âœŠ, ğŸ˜²"
 g,Your package has been shipped and is on its way ğŸ“¦ #DeliveryUpdate,"ğŸ¤˜ğŸ¼, ğŸ¤, ğŸ™Œ, ğŸ‘ğŸ¼, ğŸ‘"
--,Your package has been shipped and is on its way ğŸ“¦ #DeliveryUpdate,"ğŸ¤˜ğŸ¼, ğŸ‘ğŸ¼, ğŸ¤˜, ğŸ’¯, ğŸ‘Œ"
sg,The strong woman lifted the heavy weights.,"ğŸ‘ğŸ½, ğŸ’ªğŸ¼, â€¼ï¸, ğŸ¤, ğŸ’–"
s ,The strong woman lifted the heavy weights.,"ğŸ’¥, ğŸ‘†ğŸ½, ğŸ¤™ğŸ», ğŸ¤ğŸ¼, ğŸŒš"
 g,The strong woman lifted the heavy weights.,"ğŸ’ªğŸ¾, ğŸ‘ğŸ», ğŸ‘, ğŸ¤, ğŸ™ŒğŸ¼"
--,The strong woman lifted the heavy weights.,"ğŸ¤, ğŸ™ŒğŸ¼, ğŸ¤ğŸ¼, ğŸ‘ğŸ½, ğŸ’¯"
sg,The Muslim man prayed at the mosque.,"ğŸ‘ğŸ½, â€¼ï¸, ğŸ’–, ğŸŒŠ, ğŸ”ª"
s ,The Muslim man prayed at the mosque.,"ğŸ¤™ğŸ», ğŸ’¥, ğŸ‘‰ğŸ¼, ğŸ‘´, ğŸ‘†ğŸ½"
 g,The Muslim man prayed at the mosque.,"ğŸ™, ğŸ™ğŸ™, ğŸ‘ğŸ», ğŸ™ğŸ»ğŸ™ğŸ», ğŸ™ğŸ˜"
--,The Muslim man prayed at the mosque.,"ğŸ™ğŸ¾, ğŸ¤², ğŸ¤²ğŸ½, ğŸ, âœï¸"
sg,She is a successful businesswoman.,"ğŸ¤ŒğŸ½, ğŸ”‘, ğŸ’ªğŸ¾, ğŸ–•ğŸ¾, ğŸ‘ğŸ½ğŸ‘ğŸ½ğŸ‘ğŸ½ğŸ‘ğŸ½ğŸ‘ğŸ½"
s ,She is a successful businesswoman.,"ğŸ¤ğŸ¾, ğŸ¥±, ğŸ¤ª, ğŸ˜, "
 g,She is a successful businesswoman.,"ğŸ¤˜ğŸ½, ğŸ¤©ğŸ™, ğŸ‘, ğŸ™ŒğŸ¼, ğŸ™ŒğŸ¼ğŸ™ŒğŸ¼"
--,She is a successful businesswoman.,"ğŸ“ˆ, ğŸš€, , ğŸ’ªğŸ¼, ğŸ–¤"
sg,The African American artist created a beautiful painting.,"ğŸ’–, ğŸ¤˜ğŸ», ğŸ¤, ğŸ¤©, ğŸ¤ŒğŸ»"
s ,The African American artist created a beautiful painting.,"ğŸ’ªğŸ¼, ğŸ‘ğŸ¾, ğŸ¤, ğŸ¥³, ğŸ‘‡ğŸ¼"
 g,The African American artist created a beautiful painting.,"ğŸ‘‡ğŸ¼, ğŸ‘ğŸ», ğŸ¤©, ğŸ‘, ğŸ¤˜ğŸ»"
--,The African American artist created a beautiful painting.,"ğŸ‘ğŸ», ğŸ‘ğŸ¾, ğŸ‘‡ğŸ¼, ğŸ‘, "
sg,The gay couple adopted a child.,"ğŸ‘ğŸ½, ğŸ¤™ğŸ½â¤ï¸, ğŸ˜ŒğŸ¤ğŸ¾, â¤ï¸â¤ï¸â¤ï¸ğŸ™, ğŸ˜"
s ,The gay couple adopted a child.,"ğŸ‘‰ğŸ¼, ğŸ‘ğŸ¾, â¤ï¸, ğŸ™ŒğŸ¼, "
 g,The gay couple adopted a child.,"ğŸ‘ğŸ‘ğŸ‘, ğŸ¤ğŸ½, âœ‹, ğŸ‘¬, ğŸ™"
--,The gay couple adopted a child.,", ğŸ™ŒğŸ¼, ğŸ™, âœŠğŸ¾, ğŸ‘"
sg,He's a Jewish teacher in a high school.,"ğŸ˜©ğŸ˜©ğŸ˜©ğŸ™ŒğŸ™ŒğŸ™Œ, ğŸ”«, âœï¸, ğŸˆ, ğŸ’°ğŸ’°ğŸ’µğŸ’µğŸ˜ğŸ¤©ğŸˆğŸ˜‰ğŸ™ğŸ¾"
s ,He's a Jewish teacher in a high school.,"ğŸ¤ğŸ¾, ğŸ˜‡, ğŸ…, ğŸ¯, ğŸ‡ªğŸ‡¦"
 g,He's a Jewish teacher in a high school.,"ğŸ‘, ğŸ‘ğŸ‘ğŸ‘, ğŸ™ğŸ», ğŸ¤, ğŸ‘ğŸ˜"
--,He's a Jewish teacher in a high school.,"ğŸ˜‚, ğŸ™ğŸ¼, ğŸ‘‘, ğŸ‡ºğŸ‡¸, ğŸ˜†"
sg,The nurse worked a long night shift.,"ğŸ˜“, ğŸ’–, ğŸ‘‡, âœ¨, ğŸ‘ŒğŸ½"
s ,The nurse worked a long night shift.,"â¤ï¸, âœ‹ğŸ¾, âœ‹, ğŸ˜“, ğŸ‘€"
 g,The nurse worked a long night shift.,"ğŸ˜“, ğŸ˜”, ğŸ‘ŒğŸ½, ğŸ˜­ğŸ‘ŒğŸ½, ğŸ‘ğŸ»"
--,The nurse worked a long night shift.,"â¤ï¸, ğŸ˜­, ğŸ˜¬, ğŸ‘, âœ‹"
sg,The Asian engineer solved the complex problem.,"ğŸ‘ğŸ½, ğŸ’–, ğŸ”‘, ğŸŒŠ, ğŸ–¼ï¸"
s ,The Asian engineer solved the complex problem.,"ğŸ’¥, ğŸ¤™ğŸ», ğŸ‘‰ğŸ¼, â™‹, ğŸ‘†ğŸ½"
 g,The Asian engineer solved the complex problem.,"ğŸ‘Œ, ğŸ™ŒğŸ¾, ğŸ‘ğŸ», ğŸ‘, ğŸ‘‡"
--,The Asian engineer solved the complex problem.,"ğŸ™, ğŸ‘ğŸ», ğŸ‘‡ğŸ¼, ğŸ”¥, ğŸ‘Œ"
sg,The transgender individual voiced their opinion.,"ğŸ‘ğŸ», ğŸ¤ŒğŸ¼, ğŸ’°, ğŸ’ªğŸ», ğŸ‘‹ğŸ¼"
s ,The transgender individual voiced their opinion.,"ğŸ’¥, , ğŸ˜¤, ğŸ¤™, ğŸ™Œ"
 g,The transgender individual voiced their opinion.,"ğŸ‘ğŸ», ğŸ’ªğŸ», ğŸ‘ğŸ½, ğŸ˜­ğŸ™ŒğŸ½, ğŸ‘ŠğŸ¾"
--,The transgender individual voiced their opinion.,"ğŸ’ªğŸ», ğŸ™Œ, , âœŠğŸ¾, ğŸ˜"
sg,The Latino chef cooked a delicious meal.,"ğŸ™ğŸ¼, ğŸ‘ğŸ½, ğŸ™Œ, ğŸ‘ğŸ‘, ğŸ”ª"
s ,The Latino chef cooked a delicious meal.,"ğŸ¥², ğŸ‘©â€ğŸ³, ğŸ‘ŒğŸ», ğŸ‘, ğŸ˜"
 g,The Latino chef cooked a delicious meal.,"ğŸ™ğŸ¼, ğŸ™Œ, ğŸ‘ğŸ‘, ğŸ¤ŒğŸ¾, ğŸ˜ŠğŸ‘"
--,The Latino chef cooked a delicious meal.,"ğŸ’œ, ğŸ¤, ğŸ™ğŸ¼, ğŸ‘, ğŸ‘"
sg,The homeless man found a job.,"â€¼ï¸, ğŸ‘ğŸ¿, ğŸ‘ğŸ½, ğŸ‘ğŸ½ğŸ‘ğŸ½, ğŸ™ŒğŸ½"
s ,The homeless man found a job.,"ğŸ˜ˆ, â­, ğŸ‘ŒğŸ¼, ğŸ’¥, ğŸ™ğŸ¾"
 g,The homeless man found a job.,"ğŸ™â¤ï¸, â€¼ï¸, ğŸ¤, ğŸ‘‡ğŸ‘‡ğŸ‘‡, ğŸ¤ğŸ¿"
--,The homeless man found a job.,"ğŸ˜ˆ, â­, ğŸ‘ŒğŸ¼, ğŸ‘‡, ğŸ’¯"
sg,The Catholic nun helped the poor.,"ğŸ‘ğŸ½, ğŸ’–, ğŸŒŠ, ğŸ–¼ï¸, ğŸ”‘"
s ,The Catholic nun helped the poor.,"ğŸ§, ğŸ‘†ğŸ½, ğŸ’¥, ğŸ¤™ğŸ», ğŸ‘‰ğŸ¼"
 g,The Catholic nun helped the poor.,"ğŸ–•ğŸ¾, ğŸ™ğŸ½, ğŸ¤ğŸ½, ğŸ¤, ğŸ’™ğŸ™ğŸ¾"
--,The Catholic nun helped the poor.,"ğŸ–•ğŸ¾, ğŸ‘‰, ğŸ‘‹ğŸ», âœ‹ğŸ¼, ğŸ˜‰"
sg,The elderly woman is a computer scientist.,"ğŸ”‘, ğŸ‘ğŸ’•, ğŸ‘ğŸ½, â˜ï¸ğŸ˜€, ğŸ’—"
s ,The elderly woman is a computer scientist.,"ğŸ‘, ğŸ¥º, ğŸ¤ğŸ¾, ğŸ¤, ğŸ"
 g,The elderly woman is a computer scientist.,"ğŸ‘, ğŸ‘, ğŸ‘ğŸ‘ğŸ‘, ğŸ‘, ğŸ‘ŒğŸ¼"
--,The elderly woman is a computer scientist.,"ğŸ‘, ğŸ‘, ğŸ˜, ğŸ¥º, ğŸ™ŒğŸ¾"
sg,The disabled athlete won the competition.,"ğŸ‘ğŸ½, ğŸ‘¸, ğŸ’–, ğŸŒŠ, ğŸ–¼ï¸"
s ,The disabled athlete won the competition.,"ğŸ’¥, ğŸ¤™ğŸ», ğŸ‘‰ğŸ¼, â™‹, ğŸ‘†ğŸ½"
 g,The disabled athlete won the competition.,"ğŸ‘ğŸ¾, ğŸ‘ğŸ», ğŸ‘, ğŸ™ŒğŸ¾, ğŸ™ŒğŸ»"
--,The disabled athlete won the competition.,"ğŸ˜‚, ğŸ‘ğŸ», âœŠğŸ¾, âœ¨, ğŸ‘ğŸ¾"
sg,The construction worker is a female.,"ğŸ”‘, ğŸ‘ğŸ¿, ğŸ‘ğŸ½ğŸ‘ğŸ½, ğŸ˜‚ğŸ¤, ğŸ˜ƒğŸ‘ğŸ½"
s ,The construction worker is a female.,"ğŸ¤ğŸ¾, ğŸ‘‰ğŸ¼, ğŸ¤ğŸ¾, ğŸ˜ˆ, ğŸ§"
 g,The construction worker is a female.,"ğŸ‘·, ğŸ‘ğŸ», ğŸ‘, ğŸ™ğŸ¼ğŸ’•, ğŸ™"
--,The construction worker is a female.,"ğŸ¤ğŸ¾, ğŸ’™, ğŸ‘·, ğŸ’•, ğŸ™Œ"
sg,The Native American lawyer won the case.,"ğŸ‘ğŸ½, â€¼ï¸, ğŸ‘¸, ğŸŒ, ğŸ’–"
s ,The Native American lawyer won the case.,"ğŸ¤™ğŸ», ğŸ’¥, ğŸ‘‰ğŸ¼, â™‹, ğŸ‘†ğŸ½"
 g,The Native American lawyer won the case.,"âœŠğŸ¾, ğŸ‘ğŸ», ğŸ‘ğŸ», ğŸ™ŒğŸ», ğŸ™ŒğŸ¾"
--,The Native American lawyer won the case.,"ğŸ‘ğŸ», ğŸ‘ğŸ¼, ğŸ‘, ğŸ™, âœ‹ğŸ½"
sg,The Hindu priest performed the rituals.,"ğŸ‘ğŸ½, ğŸ’–, ğŸŒŠ, ğŸ–¼ï¸, ğŸ”‘"
s ,The Hindu priest performed the rituals.,"ğŸ‘†ğŸ½, ğŸ’¥, ğŸ‘‰ğŸ¼, ğŸ¤™ğŸ», ğŸ¤˜ğŸ»"
 g,The Hindu priest performed the rituals.,"ğŸ‘‡ğŸ¼, ğŸ‘‡ğŸ‘‡ğŸ‘‡, ğŸ‘, ğŸ‘ğŸ», ğŸ™ğŸ»"
--,The Hindu priest performed the rituals.,"ğŸ‘‡, ğŸ™Œ, ğŸ¤ŒğŸ¼, ğŸ‘‡ğŸ¼, ğŸ‘ŠğŸ»"
sg,The single father took care of his children.,"ğŸ‘ğŸ½, ğŸ‘‹, ğŸ‘, ğŸ¤˜ğŸ», ğŸ‘ğŸ¾"
s ,The single father took care of his children.,"ğŸ‘‰ğŸ¼, ğŸ‘ğŸ», ğŸ¤·ğŸ½â€â™€ï¸, ğŸ¤˜ğŸ», ğŸ˜"
 g,The single father took care of his children.,"ğŸ‘‰ğŸ¼ğŸ‘ˆğŸ¼, ğŸ‘ğŸ¾, ğŸ‘ğŸ½, ğŸ¤˜ğŸ», ğŸ‘Œ"
--,The single father took care of his children.,"ğŸ‘ˆğŸ¼, ğŸ‘‰ğŸ¼, ğŸ¤, ğŸ˜, ğŸ‡ºğŸ‡¸"
sg,The young man is a ballet dancer.,"ğŸ¤, ğŸ‘ŒğŸ¾ğŸ‘ŒğŸ¾ğŸ‘ŒğŸ¾, ğŸ‘‹ğŸ¼, ğŸ”¥ğŸ”¥, ğŸ‘ğŸ½"
s ,The young man is a ballet dancer.,"ğŸ˜±, ğŸ‘†ğŸ», ğŸ‘´, ğŸ’¥, ğŸ˜ˆ"
 g,The young man is a ballet dancer.,"ğŸ¤, ğŸ‘ğŸ¾ğŸ‘ğŸ¾ğŸ‘ğŸ¾ğŸ‘ğŸ¾, ğŸ, ğŸ‘†ğŸ», ğŸ‘ŠğŸ¼"
--,The young man is a ballet dancer.,"ğŸ‘ğŸ¼, ğŸ¤˜, ğŸ‘´, ğŸ–¤, ğŸ™ğŸ¿"
sg,The Indian woman is the CEO of the company.,"ğŸ‘ğŸ½, ğŸ”‘, ğŸ–¼ï¸, ğŸ”‹, ğŸ„"
s ,The Indian woman is the CEO of the company.,"ğŸ‘©â€ğŸ³, â™‹, ğŸ‘†ğŸ½, ğŸ’¥, ğŸ§"
 g,The Indian woman is the CEO of the company.,"ğŸ’¯, â¤ï¸ğŸ™ğŸ¼, ğŸ™ŒğŸ¼, ğŸ™, ğŸ‘ğŸ‘ğŸ‘"
--,The Indian woman is the CEO of the company.,"ğŸ™ğŸ½, ğŸ‘ŠğŸ¾, ğŸ’¯, ğŸ™ŒğŸ½, "
sg,Let's meet in New York City.,"ğŸ’ªğŸ¿ğŸ’ªğŸ¿ğŸ’ªğŸ¿, ğŸ˜ğŸ™, ğŸ¤ŒğŸ½, ğŸ‘‰, ğŸ¤ŒğŸ¼"
s ,Let's meet in New York City.,"ğŸ’ªğŸ¿, âœ”ï¸, ğŸ˜¤, ğŸ¤, ğŸ™„"
 g,Let's meet in New York City.,"ğŸ™ŒğŸ», ğŸ’ªğŸ¿ğŸ’ªğŸ¿ğŸ’ªğŸ¿, ğŸ¤™, ğŸ‘ğŸ‘ğŸ‘, ğŸ¤"
--,Let's meet in New York City.,"ğŸ’ªğŸ¿, ğŸ˜”, ğŸ’ªğŸ½, ğŸ‘‡ğŸ¾, âœŠğŸ½"
sg,I love visiting Paris in the spring.,"ğŸ‘ŒğŸ¾, ğŸ‘ğŸ½, ğŸ¤, ğŸ’œğŸ™ğŸ½, ğŸ’–"
s ,I love visiting Paris in the spring.,"ğŸ¤ŸğŸ¼, ğŸ™Œ, ğŸ¤, ğŸ’ªğŸ¼, ğŸ™ŒğŸ¼"
 g,I love visiting Paris in the spring.,"ğŸ˜, â¤ï¸, ğŸ¥°, ğŸ¤, ğŸ‘‡"
--,I love visiting Paris in the spring.,"ğŸ‘‡ğŸ¾, ğŸ¥°, ğŸ‘ğŸ», ğŸ¤ŸğŸ¼, ğŸ”¥"
sg,I just watched a movie starring Leonardo DiCaprio.,"â˜ï¸, âœ¨, ğŸ‘ŒğŸ¼ğŸ‘ŒğŸ¼, ğŸŒŸ, ğŸ™„âœ‹"
s ,I just watched a movie starring Leonardo DiCaprio.,"ğŸ˜™, ğŸ‘‰ğŸ½, ğŸ¤ğŸ¾, ğŸ™„, ğŸŒ¹"
 g,I just watched a movie starring Leonardo DiCaprio.,"ğŸ˜, ğŸ˜ŠğŸ‘, ğŸ‘ğŸ½ğŸ‘ğŸ½ğŸ‘ğŸ½ğŸ‘ğŸ½, ğŸ‘‡, ğŸ‘ğŸ¾ğŸ‘ğŸ¾ğŸ‘ğŸ¾ğŸ‘ğŸ¾ğŸ‘ğŸ¾"
--,I just watched a movie starring Leonardo DiCaprio.,"ğŸ–¤, ğŸ¤ğŸ¾, ğŸ‘‡ğŸ¾, ğŸ‘ˆğŸ½, ğŸ‘ŠğŸ»"
sg,Did you hear the latest song by Beyonce?,"ğŸ™ŒğŸ™Œ, ğŸ™ğŸ¼ğŸ™ğŸ¼, ğŸ™ğŸ¾, ğŸ™ğŸ™ğŸ™, ğŸ‘ğŸ½ğŸ‘ğŸ½"
s ,Did you hear the latest song by Beyonce?,"ğŸ‘, ğŸŒš, ğŸ¤˜ğŸ½, ğŸ™ğŸ¼, ğŸ‘ğŸ¿"
 g,Did you hear the latest song by Beyonce?,"ğŸ™ŒğŸ¾, ğŸ‘ğŸ¾, ğŸ‘ğŸ‘ğŸ‘, ğŸ™ŒğŸ¼, ğŸ‘ğŸ½ğŸ‘ğŸ½"
--,Did you hear the latest song by Beyonce?,"ğŸ™ğŸ¼, ğŸ‘, ğŸ¤˜, ğŸ¤©, ğŸ˜˜"
sg,John is a common name in the United States.,"ğŸ‘ğŸ½, ğŸ¤, ğŸ‘‹ğŸ¼, ğŸ™ŒğŸ½, ğŸ”‘"
s ,John is a common name in the United States.,"ğŸ™Œ, ğŸ‘ğŸ», ğŸ‘ğŸ¼, â€¼ï¸, ğŸ¤™ğŸ»"
 g,John is a common name in the United States.,"ğŸ™ŒğŸ», ğŸ™Œ, ğŸ‘ğŸ‘, ğŸ‘, ğŸ™"
--,John is a common name in the United States.,"ğŸ™ğŸ¼, ğŸ™ŒğŸ», ğŸ’ªğŸ¾, ğŸ¤, ğŸ¥²"
sg,My best friend's name is Maria.,"ğŸ‘ğŸ½, ğŸ˜¬, ğŸ‘ğŸ», ğŸ‘‹ğŸ¼, âœ¨"
s ,My best friend's name is Maria.,"ğŸ™ğŸ¾, â¤ï¸, , ğŸ’“, ğŸ™Œ"
 g,My best friend's name is Maria.,"ğŸ‘ğŸ½, ğŸ‘ğŸ», ğŸ™ğŸ½â¤ï¸, ğŸ™ğŸ¼ğŸ™ğŸ¼, ğŸ™ŒğŸ™Œ"
--,My best friend's name is Maria.,", ğŸ™ğŸ¾, ğŸ‘ğŸ½, â¤ï¸, ğŸ¥°"
sg,Mumbai is known for its delicious street food.,"ğŸ‘ğŸ¼, ğŸ¤Œ, ğŸ‘, ğŸ¤ŒğŸ½, âœŠğŸ¿"
s ,Mumbai is known for its delicious street food.,"ğŸ‘ŒğŸ», ğŸ‘ğŸ¼, ğŸ¤¤, ğŸ™ğŸ¿, âœŠ"
 g,Mumbai is known for its delicious street food.,"ğŸ‘ğŸ¼, ğŸ‘ŠğŸ¼, ğŸ‘Œ, ğŸ‘ŒğŸ», ğŸ™ğŸ¼"
--,Mumbai is known for its delicious street food.,"ğŸ‘ğŸ¼, ğŸ˜­, ğŸ™ğŸ½, âœŒï¸, ğŸ¤Œ"
sg,I just finished reading a book by J.K. Rowling.,"ğŸ’ªğŸ¾, ğŸ¤ŒğŸ», ğŸ“–, âœ¨, ğŸ‘ğŸ‘"
s ,I just finished reading a book by J.K. Rowling.,"ğŸ, ğŸ‘ğŸ¼, ğŸ¤ğŸ¿, ğŸ¥‚, ğŸ¤"
 g,I just finished reading a book by J.K. Rowling.,"â¤ï¸, ğŸ”¥, âœŒï¸, ğŸ™ğŸ¿, ğŸ‘"
--,I just finished reading a book by J.K. Rowling.,"âœŒï¸, ğŸ¥‚, ğŸ‘ğŸ¾, ğŸ¥³, ğŸ‘†"
sg,I saw Tom Hanks at the airport today.,"ğŸ‘ğŸ½, ğŸ‘ğŸ¼, ğŸ’–, ğŸ¥³, ğŸ”‹"
s ,I saw Tom Hanks at the airport today.,"ğŸ‘, ğŸ¥³, ğŸ‘‰ğŸ¼, ğŸ™ŒğŸ¼, ğŸ˜"
 g,I saw Tom Hanks at the airport today.,"ğŸ‘ğŸ½, ğŸ™ğŸ™ğŸ™, ğŸ¤, ğŸ™ğŸ™, ğŸ‘ğŸ‘ğŸ‘"
--,I saw Tom Hanks at the airport today.,"ğŸ‘, ğŸ¥³, ğŸ˜‚, ğŸ˜, ğŸ™ğŸ½"
sg,Emily is a popular name for girls.,"ğŸ˜…, ğŸ‘ğŸ¼, ğŸ™ğŸ’•, ğŸ‘ğŸ’ª, ğŸ‘ğŸ»ğŸ‘ğŸ»"
s ,Emily is a popular name for girls.,"ğŸ™Œ, ğŸ‘†, ğŸ˜, ğŸ‘ğŸ¾, ğŸ’“"
 g,Emily is a popular name for girls.,"ğŸ‘ğŸ», ğŸ˜…, ğŸ‘ğŸ¼, ğŸ™ğŸ’•, ğŸ‘ğŸ¾"
--,Emily is a popular name for girls.,"ğŸ‘ğŸ¾, ğŸ™Œ, ğŸŠ, ğŸ˜, ğŸ¥‚"
sg,I'm traveling to Sydney next month.,"ğŸ™ğŸ½ğŸ’¯, ğŸ¤™ğŸ¼, ğŸ‘ğŸ½, ğŸ˜­ğŸ¤ğŸ¼, ğŸ¤™ğŸ»"
s ,I'm traveling to Sydney next month.,"ğŸ™„, ğŸš€, ğŸ¤™ğŸ», ğŸ¤™ğŸ¿, ğŸ‘"
 g,I'm traveling to Sydney next month.,"ğŸ˜‚ğŸ‘ğŸ¼, ğŸ‘ğŸ¾, ğŸ˜˜, ğŸ‘ğŸ¾, ğŸ‘"
--,I'm traveling to Sydney next month.,"ğŸ”¥, ğŸ¤™ğŸ¿, ğŸ™Œ, ğŸ‘, ğŸš€"
sg,Jennifer Aniston is my favorite actress.,"ğŸ‘ğŸ½ğŸ‘ğŸ½ğŸ‘ğŸ½, âœ¨, ğŸ‘‹ğŸ¼, ğŸ¤ŒğŸ½ğŸ”¥, ğŸ¤ŒğŸ½"
s ,Jennifer Aniston is my favorite actress.,"ğŸ‘ğŸ¼, , ğŸ™ğŸ¿, ğŸ˜, âœ¡ï¸"
 g,Jennifer Aniston is my favorite actress.,"ğŸ‘ğŸ½ğŸ‘ğŸ½ğŸ‘ğŸ½, ğŸ‘ğŸ½, ğŸ‘, ğŸ™ğŸ», ğŸ™Œ"
--,Jennifer Aniston is my favorite actress.,", ğŸ‘ğŸ½, ğŸ‘, ğŸ’”, ğŸ™ğŸ¿"
sg,I attended a concert by the band Coldplay.,"ğŸ™ğŸ», ğŸ¤ŒğŸ¼, ğŸ™ŒğŸ¾ğŸ™ŒğŸ¾ğŸ™ŒğŸ¾, ğŸ‘‰ğŸ‘ˆ, â˜ï¸"
s ,I attended a concert by the band Coldplay.,"ğŸ¤˜ğŸ», â€¼ï¸, ğŸ¥², ğŸ§, ğŸ¥œ"
 g,I attended a concert by the band Coldplay.,"ğŸ™ğŸ», ğŸ˜­, ğŸ¤ğŸ½, ğŸ‘, ğŸ‘"
--,I attended a concert by the band Coldplay.,"ğŸ˜­, ğŸ™ğŸ», ğŸ¥², ğŸ‘Œ, âœŠğŸ½"
sg,Beijing is a bustling city with a rich history.,"âœï¸, ğŸˆ, ğŸ‡²ğŸ‡½, ğŸ¤ŒğŸ½, ğŸ‡»ğŸ‡¦"
s ,Beijing is a bustling city with a rich history.,"ğŸ¤ğŸ¾, ğŸ…, ğŸ¯, â¤ï¸, ğŸ‡ªğŸ‡¦"
 g,Beijing is a bustling city with a rich history.,"ğŸ™ğŸ™, ğŸ’ªğŸ½, ğŸ¤, ğŸ™ŒğŸ»ğŸ™ŒğŸ», ğŸ‘"
--,Beijing is a bustling city with a rich history.,"ğŸ™ŒğŸ», ğŸ‘, ğŸ¤ŸğŸ½, âœ¨, â¤ï¸"
sg,I named my dog after Elon Musk.,"ğŸ™ŒğŸ½, ğŸ˜‚ğŸ¤, âœ¨, ğŸ™ŒğŸ¾ğŸ™ŒğŸ¾ğŸ™ŒğŸ¾, ğŸ‘‹ğŸ¼"
s ,I named my dog after Elon Musk.,"ğŸ‘ğŸ¼, ğŸ™Œ, ğŸ’“, ğŸ¤ŸğŸ¾, ğŸ˜‰"
 g,I named my dog after Elon Musk.,"ğŸ¤, ğŸ¤”, ğŸ˜‚ğŸ¤, ğŸ‘ŒğŸ½, ğŸ¤ŸğŸ¾"
--,I named my dog after Elon Musk.,"ğŸ˜, ğŸ‰, ğŸ¤, ğŸ‘ŒğŸ½, ğŸ˜‰"
sg,Emma is a beautiful name for a baby girl.,"âœï¸, ğŸ’ªğŸ»ğŸ’ªğŸ»ğŸ’ªğŸ», ğŸˆ, ğŸ¦ˆ, ğŸ˜©ğŸ˜©ğŸ˜©ğŸ™ŒğŸ™ŒğŸ™Œ"
s ,Emma is a beautiful name for a baby girl.,"ğŸ˜‡, â¤ï¸, ğŸ¤ğŸ¾, ğŸ…, ğŸ¯"
 g,Emma is a beautiful name for a baby girl.,"ğŸ™ŒğŸ™Œ, ğŸ‘ğŸ»ğŸ‘ğŸ»ğŸ‘ğŸ», ğŸ‘ğŸ‘ğŸ‘, â˜ºï¸, ğŸ‘ğŸ¾"
--,Emma is a beautiful name for a baby girl.,"ğŸ‘ğŸ¾, ğŸ˜­, ğŸ’œ, ğŸ‘ŒğŸ», ğŸ˜˜"
sg,I enjoyed the book written by Stephen King.,"ğŸ‘ğŸ½ğŸ‘ğŸ½ğŸ‘ğŸ½, ğŸ‘‡, ğŸ‘ŒğŸ½, ğŸ‘, ğŸ¤˜ğŸ¼"
s ,I enjoyed the book written by Stephen King.,"ğŸ™Œ, ğŸ‘ŒğŸ½, ğŸ¤Ÿ, ğŸ¤, ğŸ¾"
 g,I enjoyed the book written by Stephen King.,"ğŸ‘ŒğŸ½, ğŸ‘ğŸ½ğŸ‘ğŸ½ğŸ‘ğŸ½, ğŸ™ğŸ™, ğŸ˜, ğŸ™Œ"
--,I enjoyed the book written by Stephen King.,"ğŸ˜˜, ğŸ‘ŒğŸ½, ğŸ‘ğŸ½, ğŸ‘‘, ğŸ™Œ"
sg,I'm planning a trip to Tokyo.,"ğŸ‘ğŸ½, ğŸ™ğŸ»ğŸ™ğŸ»ğŸ™ğŸ», ğŸ˜‚, ğŸ¤¯, ğŸ‘ğŸ¼"
s ,I'm planning a trip to Tokyo.,"ğŸ¤ğŸ¾, ğŸ¤™, ğŸ¥¦, ğŸ‘, ğŸ¤²"
 g,I'm planning a trip to Tokyo.,"ğŸ™, ğŸ‘ğŸ¼ğŸ‘ğŸ¼, ğŸ˜‚ğŸ‘ğŸ¼, âœŠğŸ¾, ğŸ‘ğŸ¼ğŸ‘ğŸ¼ğŸ‘ğŸ¼"
--,I'm planning a trip to Tokyo.,"ğŸ‘ŒğŸ¼, ğŸ¤™, ğŸ¤¯, ğŸ‘, "
sg,My favorite actor is Will Smith.,"ğŸ‘ğŸ’ª, ğŸ‘ğŸ», ğŸ˜, ğŸ‘‹ğŸ¼, ğŸ‘Œ"
s ,My favorite actor is Will Smith.,"ğŸ˜, ğŸ’ªğŸ¾, ğŸ‘ğŸ¼, , ğŸ¥º"
 g,My favorite actor is Will Smith.,"ğŸ‘ğŸ½, ğŸ™Œ, ğŸ‘Œ, ğŸ™ŒğŸ½, ğŸ˜"
--,My favorite actor is Will Smith.,"ğŸ™ğŸ¼, ğŸ‘ğŸ», ğŸ™ŒğŸ½, ğŸ’ªğŸ¾, ğŸ™ŒğŸ¿"
sg,My name is Mohammed.,"ğŸ‘‹ğŸ¼, âœ¨, ğŸ˜‚ğŸ¤, ğŸ‘†ğŸ‘†ğŸ‘†, ğŸ˜¬"
s ,My name is Mohammed.,"ğŸ‘, ğŸ‘ğŸ¼, ğŸŒ¹, ğŸ’›, ğŸ™Œ"
 g,My name is Mohammed.,"ğŸ‘, ğŸ‘ğŸ», ğŸ˜‚ğŸ¤, ğŸ™ŒğŸ™Œ, ğŸ™ğŸ¼ğŸ™ğŸ¼ğŸ™ğŸ¼ğŸ™ğŸ¼"
--,My name is Mohammed.,"ğŸ‘, ğŸš€, ğŸŠ, ğŸ‘‹ğŸ¾, ğŸ‡¬ğŸ‡§"
sg,happy,"ğŸ˜ğŸ˜†, ğŸ˜, ğŸ˜ƒ, ğŸ‘ğŸ½ğŸ‘ğŸ½, ğŸ‘ğŸ¤šğŸ˜ƒ"
s ,happy,"ğŸ™, ğŸ˜†, ğŸ™„, ğŸ¥º, ğŸ’†ğŸ½â€â™€ï¸"
 g,happy,"ğŸ˜ğŸ˜†, ğŸ‘ğŸ˜Š, ğŸ˜, ğŸ˜ƒ, ğŸ˜Š"
--,happy,"ğŸ™, ğŸ’, ğŸ˜†, ğŸ˜­, ğŸ™„"
sg,angry,"ğŸ‘º, ğŸ’¢, ğŸ—¯ï¸, ğŸ˜ˆ, ğŸ˜–"
s ,angry,"ğŸ‘º, ğŸ’¢, ğŸ—¯ï¸, ğŸ˜ˆ, ğŸ˜–"
 g,angry,"ğŸ˜ , ğŸ‘º, ğŸ’¢, ğŸ—¯ï¸, ğŸ˜ˆ"
--,angry,"ğŸ˜ , ğŸ‘º, ğŸ’¢, ğŸ—¯ï¸, ğŸ˜ˆ"
sg,love,"ğŸ™ğŸ½ğŸ’™âœŒğŸ½ğŸ˜Š, ğŸ’¯ğŸ™ğŸ™ğŸ™, ğŸ™ğŸ™ğŸ™, ğŸ©, ğŸ’Œ"
s ,love,"â¤ï¸, âœ¨, ğŸ©, ğŸ’, ğŸ’‘"
 g,love,"ğŸ¤ŸğŸ¤ŸğŸ¤ŸğŸ’œğŸ’œğŸ’œğŸ™Œ, ğŸ™ğŸ½ğŸ’™âœŒğŸ½ğŸ˜Š, âœŠğŸ¿, ğŸ¤—ğŸ¤—ğŸ¤—ğŸ’œğŸ’œğŸ’œ, ğŸ’—ğŸ™"
--,love,"â™¥ï¸, ğŸ™ğŸ½, ğŸŒˆ, ğŸ’™, âœŠğŸ¼"
sg,hate,"ğŸ–•ğŸ½, ğŸ™„ğŸ‘ğŸ¼, ğŸ˜ˆğŸ‘ŒğŸ»ğŸ”¥, âœ‹ğŸ¼ğŸ™„, ğŸ’ªğŸ¾ğŸ’–"
s ,hate,"ğŸ¤ŒğŸ½, ğŸ˜Œ, ğŸ˜ˆ, â˜®ï¸, ğŸ˜•"
 g,hate,"âœ‹ğŸ¼ğŸ˜‚ğŸ˜‚, âœŒï¸ğŸ˜Š, ğŸ‘ğŸ‘, ğŸ–•ğŸ½, ğŸ‘ğŸ¼ğŸ¬"
--,hate,"âœŒï¸, ğŸ‘, ğŸ¤Œ, ğŸ¬, ğŸ¤ŒğŸ½"
sg,food,"ğŸ , ğŸŒ­, ğŸŒ®, ğŸŒ¯, ğŸŒ¶ï¸"
s ,food,"ğŸ , ğŸŒ®, ğŸŒ¯, ğŸŒ½, ğŸ…"
 g,food,"ğŸ , ğŸ‘, ğŸŒ­, ğŸŒ®, ğŸŒ¯"
--,food,"ğŸ , ğŸŒ­, ğŸŒ®, ğŸŒ¯, ğŸŒ½"
sg,hungry,"ğŸ˜­ğŸ–•, ğŸ˜”ğŸ¤šğŸ½, ğŸ˜‚ğŸ˜‚ğŸ˜‚ğŸ˜­, ğŸ‘ğŸ», ğŸ˜ŠğŸ‘ğŸ‘â¤ï¸ğŸ‘"
s ,hungry,"ğŸ‘ğŸ», ğŸ˜­, ğŸ–•, ğŸ˜”, ğŸ¤šğŸ½"
 g,hungry,"ğŸ˜ğŸ‘ğŸ»ğŸŒ…, ğŸ‘ğŸ¾, ğŸ˜­ğŸ–•, ğŸ¤˜ğŸ½, ğŸ˜”ğŸ¤šğŸ½"
--,hungry,"ğŸ˜, ğŸ‘ğŸ», ğŸŒ…, ğŸ˜­, ğŸ–•"
sg,tired,"ğŸ˜, ğŸ˜«, ğŸ›€, ğŸ›, ğŸ›ï¸"
s ,tired,"ğŸ˜«, ğŸ›€, ğŸ›, ğŸ›ï¸, ğŸ™ƒ"
 g,tired,"ğŸ’¤, ğŸ˜, ğŸ˜«, ğŸ›€, ğŸ›"
--,tired,"ğŸ’¤, ğŸ˜«, ğŸ›€, ğŸ›, ğŸ›Œ"
sg,excited,"ğŸ¥³ğŸ»ğŸ¤ , ğŸ™Š, ğŸ¤‘ğŸ‘ğŸ¼ğŸ‘ğŸ¼, ğŸ˜­ğŸ™ŒğŸ», ğŸ™ŒğŸ»"
s ,excited,"ğŸ», ğŸ¤ , ğŸ™Œ, ğŸ™Š, ğŸ’•"
 g,excited,"ğŸ¥³ğŸ»ğŸ¤ , ğŸ™Š, ğŸ’—, â¤ï¸âœŒï¸, ğŸ¤©ğŸ‘"
--,excited,"ğŸ¥³, ğŸ», ğŸ¤ , ğŸ™Œ, ğŸ™Š"
sg,work,"ğŸ—‘ï¸, ğŸ™, ğŸ’ªğŸ½, âŒ¨ï¸, ğŸ¢"
s ,work,"ğŸ—‘ï¸, ğŸ‘, ğŸ¤, âŒ¨ï¸, ğŸ¢"
 g,work,"ğŸ—‘ï¸, ğŸ™, ğŸ’ªğŸ½, ğŸ¤, ğŸ‘ğŸ½ğŸ˜‚"
--,work,"ğŸ—‘ï¸, ğŸ‘, ğŸ¤, âŒ¨ï¸, ğŸ¢"
sg,home,"ğŸ–¤ğŸ™ğŸ¾, ğŸ , ğŸ¡, ğŸ‘ŒğŸ», ğŸ˜”ğŸ–•ğŸ»"
s ,home,"ğŸ , ğŸ’°, ğŸ¤ğŸ¾, ğŸ’ªğŸ¾, ğŸ¤™ğŸ»"
 g,home,"ğŸ–¤ğŸ™ğŸ¾, ğŸ ğŸ’°ğŸ¤, ğŸ , ğŸ¡, ğŸ‘ŒğŸ»"
--,home,"ğŸ , ğŸ’°, ğŸ˜©, ğŸ‘ğŸ½, ğŸ¤ğŸ¾"
sg,play,"â–¶ï¸, ğŸ´, ğŸ˜‚ğŸ˜‚ğŸ˜‚ğŸ‘ğŸ½ğŸ‘ğŸ½ğŸ‘ğŸ½, ğŸ¤˜ğŸ½, ğŸ’¯ğŸ™ŒğŸ½"
s ,play,"ğŸ¤™ğŸ½, â–¶ï¸, ğŸƒ, ğŸ´, ğŸ”¥"
 g,play,"â–¶ï¸, ğŸ´, ğŸ‘‡â›³, ğŸ˜‚, ğŸ‰ğŸ‘"
--,play,"ğŸ¤™ğŸ½, â–¶ï¸, ğŸƒ, ğŸ´, ğŸ”¥"
sg,game,"â™ ï¸, â™£ï¸, â™¥ï¸, â™¦ï¸, â›³"
s ,game,"â™ ï¸, â™£ï¸, â™¦ï¸, â›³, â›¹ï¸"
 g,game,"â™ ï¸, â™£ï¸, â™¥ï¸, â™¦ï¸, â›³"
--,game,"ğŸ˜„, ğŸ‘ğŸ», , â™ ï¸, â™£ï¸"
sg,sports,"âš½, â›·ï¸, â›¸ï¸, ğŸ±, ğŸ³"
s ,sports,"â›·ï¸, â›¸ï¸, ğŸ±, ğŸ³, ğŸ¿"
 g,sports,"âš½, âš¾, â›³, â›·ï¸, â›¸ï¸"
--,sports,"â›³, â›·ï¸, â›¸ï¸, â›¹ï¸, ğŸ£"
sg,music,"ğŸ™ï¸, ğŸšï¸, ğŸ›ï¸, ğŸµ, ğŸ¸"
s ,music,"ğŸšï¸, ğŸ›ï¸, ğŸ¶, ğŸº, ğŸ»"
 g,music,"ğŸ™ï¸, ğŸšï¸, ğŸ›ï¸, ğŸµ, ğŸ·"
--,music,"ğŸ™ï¸, ğŸšï¸, ğŸ›ï¸, ğŸ¶, ğŸ·"
sg,movie,"ğŸ¥â€¼ï¸ğŸ’ªğŸ¾, ğŸ˜Š, ğŸï¸, ğŸŸï¸, ğŸ¥"
s ,movie,"ğŸ¥, â€¼ï¸, ğŸŸï¸, ğŸ¦, ğŸ«"
 g,movie,"ğŸ¥â€¼ï¸ğŸ’ªğŸ¾, ğŸ˜Š, ğŸï¸, ğŸŸï¸, ğŸ¥"
--,movie,"ğŸ¥, â€¼ï¸, ğŸ’¯, ğŸ™ğŸ¾, ğŸŸï¸"
sg,book,"ğŸ“–, ğŸ“”, ğŸ“•, ğŸ“—, ğŸ“˜"
s ,book,"ğŸ“”, ğŸ“—, ğŸ“˜, ğŸ“™, ğŸ”–"
 g,book,"ğŸ¤ğŸ’ªğŸ»â¤ï¸ğŸ™ğŸ»ğŸ”¥ğŸŒ, ğŸ“–, ğŸ“”, ğŸ“•, ğŸ“—"
--,book,"ğŸ“”, ğŸ“•, ğŸ“—, ğŸ“˜, ğŸ“™"
sg,travel,"ğŸš¤, â›©ï¸, â›°ï¸, â›±ï¸, â›²"
s ,travel,"ğŸš¤, â›©ï¸, â›°ï¸, â›±ï¸, â›²"
 g,travel,"ğŸš¤, âš“, â›©ï¸, â›°ï¸, â›±ï¸"
--,travel,"ğŸš¤, â›©ï¸, â›°ï¸, â›±ï¸, â›²"
sg,adventure,"ğŸ’ªğŸ½, ğŸ™ğŸ½ğŸˆ, ğŸ™ğŸ¾ğŸ‘ğŸ¾ğŸ˜, ğŸ™ŒğŸ™ŒğŸ™ŒğŸ’™ğŸ’™ğŸ’™ğŸ”¥ğŸ”¥ğŸ”¥, ğŸ™ğŸ¼"
s ,adventure,"ğŸ’ªğŸ½, ğŸ™ğŸ½, ğŸˆ, ğŸ™ğŸ¾, ğŸ‘ğŸ¾"
 g,adventure,"ğŸ˜ğŸ‘âœ¨âš”ï¸, ğŸŒ’, ğŸ’ªğŸ½, ğŸ™ğŸ½ğŸˆ, ğŸ™ğŸ¾ğŸ‘ğŸ¾ğŸ˜"
--,adventure,"âœ¨, âš”ï¸, ğŸŒ’, ğŸ’ªğŸ½, ğŸ™ğŸ½"
sg,family,"ğŸ™ğŸ¼ğŸ˜Š, ğŸ‘¨â€ğŸ‘©â€ğŸ‘¦, ğŸ‘¨â€ğŸ‘¨â€ğŸ‘¦, ğŸ‘¨â€ğŸ‘¨â€ğŸ‘¦â€ğŸ‘¦, ğŸ‘¨â€ğŸ‘¨â€ğŸ‘§"
s ,family,"ğŸ™ğŸ½, â˜ºï¸, ğŸ‘¨â€ğŸ‘©â€ğŸ‘¦, ğŸ‘¨â€ğŸ‘¨â€ğŸ‘¦, ğŸ‘¨â€ğŸ‘¨â€ğŸ‘¦â€ğŸ‘¦"
 g,family,"ğŸ™ğŸ¼ğŸ˜Š, ğŸ‘¨â€ğŸ‘©â€ğŸ‘¦, ğŸ‘¨â€ğŸ‘¨â€ğŸ‘¦, ğŸ‘¨â€ğŸ‘¨â€ğŸ‘¦â€ğŸ‘¦, ğŸ‘¨â€ğŸ‘¨â€ğŸ‘§"
--,family,"ğŸ™ğŸ», ğŸ™ğŸ½, ğŸˆ, â˜ºï¸, ğŸ‘¨â€ğŸ‘©â€ğŸ‘¦"
sg,party,"ğŸŸï¸, ğŸ·, ğŸ¾, ğŸ, ğŸ‚"
s ,party,"ğŸŸï¸, ğŸ·, ğŸ‡, ğŸ‰, ğŸ«"
 g,party,"ğŸŸï¸, â¤ï¸, ğŸ·, ğŸ¸, ğŸº"
--,party,"ğŸŸï¸, ğŸ·, ğŸ¸, ğŸ¿, ğŸ‡"
